Ingredient,Count
salt,207585
onion,147344
sugar,136805
butter,135578
garlic,131991
egg,131107
olive oil,97292
water,86916
milk,73294
flour,59313
pepper,58208
black pepper,58061
brown sugar,57412
all purpose flour,50989
cinnamon,47617
lemon juice,46203
tomato,45254
parsley,44376
baking powder,43254
baking soda,37224
vanilla extract,35940
carrot,35563
parmesan cheese,34650
vanilla,31258
green onion,30102
sour cream,29131
ginger,27910
margarine,26363
cream cheese,25825
garlic powder,25698
powdered sugar,25617
celery,24974
honey,24959
oregano,24894
cumin,24337
mayonnaise,24178
mushroom,23996
basil,23584
beef,23552
green bell pepper,23479
chicken breast,23474
nutmeg,23466
unsalted butter,23465
soy sauce,22723
chicken broth,21588
cheddar cheese,21343
thyme,21199
cilantro,20701
paprika,20470
potato,19558
bacon,19114
worcestershire sauce,18794
cornstarch,18722
lime juice,17497
chili powder,17372
walnut,16562
cayenne pepper,16530
pecan,16404
lemon zest,16151
bay leaf,15605
heavy cream,14763
red bell pepper,14631
raisin,14441
kosher salt,14416
red pepper flake,14019
dijon mustard,13772
mozzarella cheese,12924
half and half,12780
banana,12006
garlic clove,11738
chicken,11699
canola oil,11635
zucchini,11402
tomato sauce,11272
tomato paste,11095
rolled oat,11051
shrimp,10968
black olive,10902
shallot,10769
spinach,10764
buttermilk,10734
shortening,10399
lemon,10376
rosemary,10347
apple,10061
ketchup,9898
chocolate chip,9758
scallion,9496
strawberry,9485
cucumber,9226
onion powder,8727
sea salt,8371
vinegar,8338
chive,8262
coconut,8212
red wine vinegar,8177
white wine,8158
mint,8139
ham,8062
salsa,8059
cabbage,7971
avocado,7781
rice,7688
allspice,7382
whole wheat flour,7236
white pepper,7102
dry white wine,7093
maple syrup,7014
celery rib,6962
boiling water,6960
curry powder,6943
pineapple,6885
cheese,6847
cranberry,6814
orange,6469
monterey jack cheese,6280
black bean,6265
cider vinegar,6256
sesame seed,6196
bittersweet chocolate,6192
dry mustard,6187
dill,6163
yogurt,6107
green chily,6075
splenda sugar substitute,6069
basil leaf,6019
sharp cheddar cheese,5948
peanut butter,5907
blueberry,5838
turmeric,5822
cold water,5806
coriander,5794
evaporated milk,5744
cornmeal,5732
sage,5669
turkey,5551
bell pepper,5547
white vinegar,5543
molasse,5397
sweet potato,5374
green bean,5237
feta cheese,5206
rum,5142
flour tortilla,5121
swiss cheese,5108
broccoli,5057
warm water,5056
pine nut,4985
vegetable oil,4971
applesauce,4966
lime,4953
beef broth,4949
tabasco sauce,4916
sweetened condensed milk,4774
cool whip,4694
corn,4624
pork,4506
cherry tomato,4413
hot water,4394
peanut,4386
leek,4357
pumpkin,4301
active dry yeast,4291
mustard,4289
lettuce,4255
cinnamon stick,4246
raspberry,4233
miniature marshmallow,4189
seasoning salt,4187
black peppercorn,4163
coconut milk,4081
vegetable broth,4063
cayenne,4015
chicken thigh,3947
elbow macaroni,3939
chicken bouillon cube,3902
ricotta cheese,3899
cocoa powder,3888
dry sherry,3877
white wine vinegar,3845
beer,3844
caper,3809
red wine,3775
rice vinegar,3725
broccoli floret,3715
apple cider vinegar,3692
vodka,3642
white rice,3636
heavy whipping cream,3615
eggplant,3490
barbecue sauce,3460
tarragon,3392
mango,3380
plain flour,3379
tofu,3355
brandy,3348
salt and pepper to taste,3339
coffee,3336
plum tomato,3308
pasta,3258
asparagu,3233
bean sprout,3226
caster sugar,3196
fish sauce,3155
cream of tartar,3147
salt and black pepper to taste,3079
low sodium chicken broth,3077
gingerroot,3064
cardamom,3058
poultry seasoning,3045
kidney bean,3025
light corn syrup,3005
chicken piece,2983
lentil,2976
salmon fillet,2970
pumpkin pie spice,2969
celery seed,2940
bread flour,2937
marjoram,2937
dill weed,2934
date,2919
spaghetti,2911
cauliflower,2901
cumin seed,2863
thyme leaf,2861
green chili,2860
jalapeno chile,2846
mint sprig,2829
artichoke heart,2825
chickpea,2813
oatmeal,2794
blue cheese,2788
vanilla ice cream,2784
pear,2751
roma tomato,2725
lemon wedge,2689
corn tortilla,2649
salmon,2606
cilantro leaf,2599
chicken breast half,2589
brown rice,2566
corn kernel,2546
instant coffee granule,2541
graham cracker crumb,2529
water chestnut,2516
cottage cheese,2483
coarse salt,2476
lamb,2454
cashew,2442
yellow bell pepper,2436
russet potato,2428
cake flour,2409
tuna,2392
prepared mustard,2386
sun tomato,2383
granny smith apple,2380
long grain rice,2346
maraschino cherry,2344
chili sauce,2336
parsley flake,2336
soymilk,2270
creamy peanut butter,2270
pumpkin puree,2259
sherry wine,2251
frozen corn,2251
pork chop,2229
stewed tomato,2221
lemon peel,2196
romaine lettuce,2189
dry red wine,2184
cherry,2182
pinto bean,2166
red seedless grape,2124
apple cider,2105
herb,2089
poppy seed,2086
velveeta cheese,2085
garam masala,2080
coarse black pepper,2049
puff pastry,2032
pea,2030
self raising flour,2019
flax seed,2019
romano cheese,2017
lemon slice,2016
self rising flour,2009
sunflower seed,1989
half and half cream,1983
sausage,1974
pineapple chunk,1965
provolone cheese,1964
tomato juice,1956
caraway seed,1932
fennel seed,1931
nonfat milk,1931
baking potato,1929
hoisin sauce,1926
unbleached all purpose flour,1914
cracked black pepper,1883
prosciutto,1837
tomato puree,1832
graham cracker pie crust,1817
dill pickle,1812
instant vanilla pudding,1811
coconut oil,1766
wheat germ,1755
parmigiano reggiano cheese,1753
mustard seed,1743
american cheese,1727
bread crumb,1724
salt to taste,1724
eggs beaten,1719
chicken bouillon,1717
panko breadcrumb,1713
garbanzo bean,1709
grape tomato,1708
whole kernel corn,1702
corn syrup,1695
hamburger,1671
lettuce leaf,1641
oyster sauce,1622
linguine,1621
unflavored gelatin,1618
currant,1618
cornflour,1614
pearl barley,1611
sea scallop,1608
penne pasta,1606
light soy sauce,1604
baguette,1602
hazelnut,1593
pimiento,1592
liquid smoke,1590
chipotle chiles in adobo,1585
yukon gold potato,1565
berry,1563
splenda granular,1550
red kidney bean,1533
oregano leaf,1532
rhubarb,1532
cannellini bean,1517
bourbon,1511
gruyere cheese,1505
coriander leaf,1498
orange marmalade,1490
mustard powder,1474
italian sausage,1458
chicken wing,1451
graham cracker,1450
table salt,1449
mashed potato,1448
orange juice,1448
pesto sauce,1438
lemon pepper,1428
catsup,1419
sauerkraut,1412
lemongrass,1408
parsnip,1402
beet,1400
couscou,1392
acorn squash,1384
parsley leaf,1382
vanilla bean,1377
arugula,1371
quinoa,1365
light sour cream,1356
basmati rice,1343
snow pea,1342
creme fraiche,1330
monterey jack pepper cheese,1319
condensed cream of mushroom soup,1319
cardamom pod,1308
cherry pie filling,1306
dry yeast,1299
clam,1296
tahini,1294
italian seasoning,1288
chili pepper,1281
horseradish,1281
white flour,1270
lemon juiced,1270
yellow mustard,1259
kale,1256
wheat flour,1255
blackberry,1235
crouton,1231
vanilla essence,1231
whole tomato,1225
tortilla,1217
new potato,1190
cranberry juice,1171
turmeric powder,1170
red capsicum,1161
great northern bean,1160
orzo pasta,1157
ginger ale,1152
black pepper to taste,1149
beef stew meat,1142
tomatoes with juice,1135
iceberg lettuce,1134
reduced sodium chicken broth,1123
pistachio,1120
tart apple,1115
red chili powder,1110
cointreau liqueur,1104
ghee,1101
jalapeno pepper,1098
salted butter,1093
asiago cheese,1092
kielbasa,1090
kernel corn,1084
flax seed meal,1080
spaghetti noodle,1077
pancetta,1076
red potato,1072
chorizo sausage,1066
saffron,1063
smoked sausage,1057
egg white,1056
angel hair pasta,1054
turnip,1054
canned tomato,1049
broth,1047
bacon bit,1043
powdered milk,1042
kahlua,1030
fettuccine,1030
unbleached flour,1028
lump crabmeat,1027
sage leaf,1027
flaked coconut,1025
arborio rice,1022
fennel bulb,1019
distilled white vinegar,1016
part skim mozzarella cheese,1013
fat free cream cheese,1008
pork sausage,1006
mascarpone cheese,1000
almond,999
asparagus spear,999
white bean,994
long grain white rice,990
cumin powder,973
mace,966
mirin,961
grand marnier,957
low fat sour cream,957
mango chutney,956
reduced sodium soy sauce,951
pasta shell,950
fig,946
radish,945
bisquick,942
red chili pepper,942
triple sec,941
egg yolk,935
dry vermouth,933
light cream cheese,932
red chily,915
semisweet chocolate chip,915
artificial sweetener,912
cooking spray,909
black eyed pea,906
kiwi fruit,904
wonton wrapper,897
clove,889
unsweetened cocoa powder,887
colby monterey jack cheese,886
beef brisket,879
okra,871
coriander powder,870
bok choy,868
feta,865
whole wheat pastry flour,856
sherry wine vinegar,847
gorgonzola,843
rotini pasta,843
fat free sour cream,839
nonfat sour cream,837
xanthan gum,828
beef tenderloin,824
sake,818
watermelon,816
lemon rind of,815
orange zest of,812
anchovy fillet,809
watercress,802
instant yeast,801
cognac,800
amaretto,798
frozen hash brown,794
frozen whipped topping thawed,794
alfredo sauce,794
gelatin,792
tamari,791
golden syrup,791
vanilla instant pudding mix,790
potato starch,790
orange bell pepper,789
saffron thread,785
navy bean,779
wild rice,772
cantaloupe,767
cracked pepper,766
sultana,766
radishe,763
star anise,762
spanish onion,761
instant chocolate pudding mix,760
reduced fat cream cheese,751
fat free chicken broth,751
wine vinegar,750
tomatoes and green chily,749
low fat cheddar cheese,746
vegetable oil for frying,746
english muffin,743
rice wine,740
low fat cottage cheese,739
chily,730
crunchy peanut butter,729
vanilla yogurt,729
chicken stock,727
papaya,723
penne,722
quick cooking tapioca,722
green pea,721
bisquick baking mix,719
prune,716
shell pasta,716
plain low fat yogurt,713
mussel,711
bow tie pasta,709
olive oil flavored cooking spray,707
balsamic vinegar,707
dark soy sauce,704
chili bean,703
plum,702
curry leaf,700
frozen pea,698
apricot,687
extra sharp cheddar cheese,687
pimento,682
pineapple tidbit,681
fontina cheese,680
reduced fat sour cream,674
plain yogurt,671
sesame oil,667
marshmallow creme,666
habanero pepper,666
part skim ricotta cheese,665
cool whip topping,665
freshly black pepper,663
pecorino romano cheese,661
mild cheddar cheese,657
miso,656
fennel,652
chinese five spice powder,652
plain fat free yogurt,649
rigatoni pasta,649
whole berry cranberry sauce,647
ginger root,641
fine sea salt,641
stewing beef,640
tuna in water,638
ice cream,637
savory,636
phyllo dough,635
light olive oil,630
frozen green pea,630
corned beef,625
dark corn syrup,622
chicken liver,621
pork shoulder,617
soya sauce,610
rosemary leaf,610
vital wheat gluten,606
rotel tomato,606
lemon juice and zest of,606
port wine,605
chicken drumstick,600
philadelphia cream cheese,600
bamboo shoot,599
artichoke,599
wine,598
plain nonfat yogurt,591
lima bean,590
low fat plain yogurt,589
melted butter,588
low fat cream cheese,587
dijon style mustard,585
basil pesto,584
white potato,583
fettuccine pasta,582
spicy brown mustard,581
celery leaf,580
cilantro stem,579
nutritional yeast,578
coconut cream,577
sugar snap pea,577
creme de cacao,576
grapefruit,575
chunky peanut butter,574
andouille sausage,574
light coconut milk,573
frozen limeade concentrate,563
ice cube,563
unsweetened coconut milk,561
whole wheat tortilla,559
anise seed,557
beef chuck roast,556
chicken leg,553
rose water,548
puff pastry sheet,544
tea bag,540
hot pepper sauce,540
spinach leaf,540
ancho chile powder,536
five spice powder,535
frozen hash brown potato,534
marshmallow cream,534
cooking apple,527
rotel,525
ziti pasta,525
cranberry sauce,522
coarse sea salt,520
sun tomato in oil,519
bacon dripping,518
tea,518
dressing,516
ginger powder,515
garlic paste,514
curd cottage cheese,514
hot italian sausage,512
red apple,511
beef roast,508
jicama,506
adobo sauce,506
egg noodle,506
sun tomatoes in oil,505
portabella mushroom cap,504
cod fish fillet,502
white cheddar cheese,500
green apple,499
arrowroot,497
stevia,497
swiss chard,496
ham hock,493
italian style tomato,492
low sodium beef broth,487
bulk pork sausage,485
yoghurt,484
dark red kidney bean,481
hominy,480
biscuit mix,475
head cabbage,473
bacon fat,473
sriracha sauce,472
lemons zest of,471
golden delicious apple,467
nonfat plain yogurt,465
red curry paste,463
craisin,462
ice,462
almond butter,461
honeydew melon,461
turbinado sugar,461
green tomato,460
butter bean,460
frozen green bean,459
gouda cheese,458
granola cereal,457
green,457
chipotle pepper,455
kaffir lime leaf,455
marsala wine,454
bread machine yeast,448
crumbled feta cheese,448
blue curacao,448
gruyere,445
fat free evaporated milk,445
oleo,445
polenta,445
ladyfinger,444
reduced fat cheddar cheese,443
red currant jelly,443
pomegranate juice,442
purple onion,442
chicken breast fillet,440
beef chuck,440
bulgur,439
curry paste,436
instant espresso powder,436
canned black bean,435
palm sugar,434
anchovy,433
grit,433
baking mix,428
nectarine,427
serrano chily,423
low fat vanilla yogurt,422
grapefruit juice,420
season salt,419
sweet pepper,418
ginger paste,417
coarse grain mustard,414
prepared yellow mustard,414
fast rising yeast,414
kiwi,411
anchovy paste,411
walnut oil,410
pickling salt,410
strawberry jell o gelatin dessert,409
light butter,409
irish cream,408
tomatoes with green chily,408
coconut flake,407
pineapple ring,407
pork loin,406
frozen whole kernel corn,405
yeast,402
colby cheese,402
bacon grease,402
hot red pepper flake,401
unbleached white flour,399
vanilla pudding mix,398
raspberry vinegar,398
prepared graham cracker crust,395
tuna steak,394
minute rice,394
bread,392
breakfast sausage,392
seasoned rice vinegar,391
curry,389
roast beef,387
filling,385
key lime juice,381
tapioca flour,380
green onion top,379
muenster cheese,376
nonfat yogurt,374
salmon steak,374
madeira wine,374
tarragon vinegar,373
crawfish tail,372
almond paste,372
farfalle pasta,371
sweet butter,369
catfish fillet,369
grainy mustard,368
tamarind paste,366
dry milk,364
black mustard seed,364
semolina,361
golden brown sugar,355
french style green bean,353
idaho potato,352
red leaf lettuce,352
asafoetida powder,351
saltine cracker,350
green chile pepper,350
fenugreek seed,349
chocolate ice cream,348
queso fresco,348
romaine lettuce leaf,347
malt vinegar,347
vanilla flavoring,346
halibut fillet,343
smoked gouda cheese,343
rotel tomatoes chily,342
plantain,341
msg,339
whole canned tomato,337
lamb shank,337
tamarind pulp,334
cod,333
instant coffee powder,333
cream cheese spread,332
sambal oelek,329
edamame,328
molasses,327
white whole wheat flour,327
cayenne powder,325
apple butter,323
fat free cottage cheese,323
chicken cutlet,319
lobster,316
strawberry gelatin,316
courgette,315
chervil,315
burgundy wine,314
black sesame seed,314
pineapple chunks in juice,314
mild italian sausage,313
pickle juice,313
tamari soy sauce,313
low fat yogurt,311
warm water degrees f degrees c,311
chicken bouillon granule,310
harissa,310
prepared stuffing,309
sparkling water,308
italian plum tomato,307
mashed sweet potato,307
white corn syrup,307
buckwheat flour,306
garam masala powder,305
mild green chily,305
creme de menthe,305
baileys irish cream,303
champagne vinegar,303
hot chili pepper,303
bibb lettuce,303
banana pepper,303
belgian endive,303
salt and freshly black pepper to taste,303
canned chick pea,301
nori,301
bulk italian sausage,299
chocolate curl,297
processed cheese,296
scotch bonnet pepper,296
jello gelatin,294
topping,293
black beans rinsed and drained,292
sifted all purpose flour,291
chicken bouillon powder,291
short grain rice,289
salsa verde,288
pomegranate seed,288
white chocolate baking square,288
fluid ounce can,285
low fat ricotta cheese,285
tart cherry,284
demerara sugar,284
dry red pepper,284
cardamom powder,283
mascarpone,283
hot chili sauce,283
polish sausage,282
italian tomato,282
rocket,282
squares unsweetened chocolate,282
white kidney bean,280
havarti cheese,279
ham bone,279
white bread flour,279
yellow cake mix,278
anaheim chily,277
chambord raspberry liquor,276
sweet italian sausage link,275
whole milk ricotta cheese,275
fire tomato,274
soda water,273
jellied cranberry sauce,272
lime zest of,272
tarragon leaf,272
arugula leaf,272
pico de gallo,271
celery root,270
turkey sausage,270
cool whip lite,269
brown mustard,268
mandarin orange segment,268
fat free cheddar cheese,266
red snapper fillet,265
turkey broth,265
dry pasta,264
real butter,264
radicchio,264
fine salt,262
monterey jack and cheddar cheese blend,262
roquefort cheese,261
beef sirloin,261
cardamom seed,261
lime juice and zest of,260
red food coloring,260
instant vanilla pudding mix,259
masa harina,257
inch flour tortilla,257
recipe pastry for a inch double crust pie,256
thai red curry paste,256
frozen lima bean,256
sharp white cheddar cheese,256
white corn,256
lime cut into wedge,255
parchment paper,255
taco seasoning mix,255
freshly parmesan cheese,254
beef top sirloin steak,253
marsala,253
beef tenderloin steak,253
cranberry juice cocktail,249
black beans drained and rinsed,249
boiling potato,249
rump roast,249
creole mustard,245
non fat powdered milk,245
instant mashed potato,245
green curry paste,245
plum sauce,244
dry active yeast,243
beef round steak,243
roma plum tomato,242
ham steak,242
baking apple,242
beefsteak tomato,241
freshly black pepper to taste,240
margarine softened,239
canned pumpkin puree,239
thai fish sauce,238
escarole,238
mexican cheese blend,238
wasabi powder,237
pork loin roast,236
manchego cheese,235
sugar free instant vanilla pudding mix,232
yellow squash,231
aubergine,230
seltzer water,229
chicken part,229
kitchen bouquet,228
pineapple with juice,228
bulk sausage,227
mushrooms drained,227
chicken meat,226
stove top stuffing mix,225
all purpose white flour,225
frozen mixed vegetable,225
beetroot,222
squid,222
cotija cheese,222
non fat vanilla yogurt,222
boston lettuce,221
kirsch,220
real maple syrup,220
bananas mashed,219
prepared horseradish,217
instant pistachio pudding mix,217
white shoepeg corn,216
wasabi paste,216
chickpea flour,216
margarine melted,215
butter lettuce,215
bouquet garni,214
orange juice and zest of,213
urad dal,213
long grain brown rice,213
whole wheat pasta,213
mild curry powder,212
herb seasoned stuffing mix,212
galangal,212
spiral shaped pasta,212
beef flank steak,211
barbeque sauce,211
flounder fillet,211
gelatin powder,210
cool whip free,210
fat free ricotta cheese,210
beef steak,208
hot sauce,208
canned chicken broth,208
raspberry jell o gelatin,207
spaghetti sauce,206
condensed beef broth,206
reduced fat sharp cheddar cheese,206
fingerling potato,206
canned pumpkin,205
bagel,203
cornflakes cereal,203
green leaf lettuce,203
pie shell,203
stilton cheese,202
deli roast beef,201
gala apple,201
frozen spinach thawed and drained,199
red delicious apple,199
instant pudding mix,199
lime jell o gelatin,197
mozzarella ball,196
tangerine,196
green sweet pepper,195
dry onion soup mix,195
whole green chily,195
yellow sweet pepper,194
sole fillet,194
burrito size flour tortilla,194
bulgar wheat,193
lowfat mozzarella cheese,193
yellow mustard seed,193
nutritional yeast flake,192
red chile pepper,192
hot sausage,192
string bean,190
hot pepper sauce such as tabasco,190
dry lentil,190
sweet pea,188
suet,188
whole cumin seed,187
sweetcorn,187
unsifted flour,187
instant brown rice,186
focaccia bread,185
hamburger meat,185
hamburger bun,185
carnation evaporated milk,185
hash brown potato,185
fast rise yeast,185
lobster meat,184
no salt added tomato,184
semolina flour,183
canned tomato sauce,183
red sweet bell pepper,183
tomatoes in puree,182
liquid smoke flavoring,181
beef mince,181
pork tenderloin,180
quarts water,179
orange rind of,179
fat free mozzarella cheese,179
saffron strand,179
cream style cottage cheese,179
dry penne pasta,178
spicy mustard,177
eggs room temperature,177
swordfish steak,176
cherry juice,176
stone mustard,176
fluid ounce can evaporated milk,176
cheddar,175
lemon gelatin,175
rock salt,175
duck,175
cornbread stuffing mix,174
fuji apple,173
tempeh,173
double acting baking powder,173
coffee ice cream,172
tomatoes with green chile pepper,171
pimento pepper,171
frozen french fry,169
tap water,168
tiny new potato,168
soybean,168
fava bean,167
crabmeat,167
sorghum flour,167
pomegranate molasses,167
mandarin orange section,166
pomegranate,165
maraschino cherry juice,165
eggs separated,164
peanut oil,164
instant lemon pudding mix,164
parmigiano,164
low fat mozzarella,163
peache,163
splenda sugar blend for baking,163
confectioners sugar for dusting,162
flank steak,161
filet of beef,161
tuna fish,161
sweet cherry,161
beef eye round,161
wasabi,160
hearts of palm,160
top round steak,159
miracle whip light,158
seasoned flour,158
reduced fat mozzarella cheese,158
instant coffee crystal,157
red snapper,157
camembert cheese,157
italian style stewed tomato,157
madras curry powder,156
haddock fillet,156
mild chili powder,156
fontina,155
calvado,155
yellow sweet onion,155
shrimp paste,155
halibut steak,155
flax seed oil,154
carob powder,154
ancho chily,153
lite olive oil,152
flaked sea salt,152
garlic head,152
risotto rice,151
condensed chicken broth,151
strawberry ice cream,151
cheese whiz,151
pineapple juice,150
fenugreek leaf,150
canning salt,150
smoked mozzarella cheese,149
chicken thigh fillet,149
no salt added tomato sauce,149
sauce,148
panir,148
crumbled blue cheese,148
water to cover,148
orange gelatin,148
black olives drained,147
tri color spiral pasta,147
mahi mahi fillet,147
ro tel tomato,147
mexican style tomato,147
stevia powder,146
chive onion cream cheese,146
vanilla bean paste,144
potato flour,143
lemon yogurt,143
lemons juice and zest of,143
orange flower water,143
confectioners sugar for decoration,142
english mustard,142
london broil beef,141
refrigerated biscuit dough,141
trout,141
wonton skin,141
ketjap mani,141
oranges zest of,140
buttermilk baking mix,139
sugar free instant chocolate pudding mix,139
fat cottage cheese,138
seedless red grape,137
raspberry gelatin powder,137
lemon zested,137
habanero,136
whipped cream,136
halloumi cheese,136
asparagus,135
apple juice,135
celeriac,134
coffee bean,134
sushi rice,134
reduced fat milk,134
chocolate milk,134
sifted confectioners sugar,133
chia seed,133
leaf lettuce,133
hot chili powder,133
almond milk,133
bottled clam juice,133
sugar free maple syrup,132
cold milk,132
mcintosh apple,132
instant butterscotch pudding mix,132
sea salt to taste,132
cooking wine,132
brown mustard seed,131
rabbit,131
bocconcini,131
coffee flavored liqueur,130
skim milk powder,130
yellow potato,130
garbanzo beans drained,130
cold butter,130
white sauce,130
herb stuffing mix,130
converted rice,129
white chocolate chip,129
aged cheddar cheese,129
turkey meat,129
cabbage leaf,129
jalapeno jack cheese,128
grain rice,128
teriyaki sauce,128
gram flour,128
italian stewed tomato,128
pitted date,128
file powder,127
mesclun,127
unsalted sunflower seed,126
mineral water,126
oil,126
yellow tomato,126
dry pinto bean,125
semi sweet chocolate chip,125
beef top round steak,125
kale leaf,124
grape leaf,124
farmer cheese,124
sweet basil leaf,124
rump steak,124
unsifted all purpose flour,124
treacle,123
pre mozzarella cheese,123
scallop,123
solid white tuna in water,123
apricot preserve,122
ginger juice,122
chicken fillet,122
pernod,121
boursin cheese,121
ras el hanout spice mix,121
season all salt,120
cherry gelatin,120
rice wine vinegar,120
sea bass fillet,120
cayenne pepper sauce,119
riesling wine,119
soy milk,119
tomatoes with mild green chily,119
white cake mix,119
smoked cheddar cheese,119
linguine pasta,119
sweet unsalted butter,119
ricotta,118
cavatappi pasta,118
round steak,118
red cayenne pepper,118
mostaccioli pasta,117
watercress leaf,117
albacore tuna in water,117
tequila,117
tamarind juice,117
sweet bell pepper,116
beef bouillon powder,116
sausage meat,116
creme de cassi,116
instant espresso,115
tangerine juice,115
velveeta reduced fat cheese product,115
tuna in vegetable oil,114
tabasco brand chipotle pepper sauce,113
seitan,113
sirloin tip roast,113
whole corn,113
clementine,113
softened butter,113
broccoli rabe,113
pork roast,113
salt water,113
serrano chili pepper,113
tuna in olive oil,112
hot red chili pepper,112
mexican style stewed tomato,112
vegan butter,112
barley,112
garlic powder to taste,112
french mustard,112
head cauliflower,112
full fat milk,112
whole coriander seed,111
kumara,111
cake,110
pesto,110
spearmint,110
garlic oil,109
instant nonfat dry milk powder,109
salt and pepper,109
asparagus and cut into inch piece,109
tart green apple,109
green chile,108
fine sugar,108
butterscotch chip,108
avocado oil,108
canned kidney bean,107
broccoli coleslaw mix,107
chocolate pudding mix,107
creamy salad dressing such as miracle whip,107
lemon twist,106
crawfish,106
raspberry jam,106
mango powder,106
milk chocolate chip,106
avocado and pitted,106
sugar free strawberry gelatin,106
reduced fat monterey jack cheese,106
cannellini,106
vanilla flavor instant pudding and pie filling mix,105
mozzarella string cheese,105
brown basmati rice,105
chocolate,105
goat cheese,105
beef sirloin steak,104
black vinegar,104
fleur de sel,104
bottled lemon juice,104
light muscovado sugar,103
canned corn niblet,103
sweet apple,103
citron,103
trout fillet,103
head romaine lettuce,103
jaggery,102
fenugreek,102
white distilled vinegar,102
tomatoes drained,101
cashew butter,101
jasmine rice,101
celery flake,101
sweet pickle relish,100
chayote,100
custard,100
kidney beans rinsed and drained,100
process american cheese,100
mexican chili powder,99
sweet white onion,99
chard leaf,99
lemon juice and rind of,99
za atar spice mix,99
rotelle pasta,99
agave nectar,98
wondra flour,98
kumquat,98
broad bean,98
heinz chili sauce,98
seafood seasoning such as old bay,97
hing,97
tonic water,97
lamb stew meat,97
cooking onion,97
whipping cream,97
pepperjack cheese,96
short rib of beef,95
lime leaf,95
cubanelle pepper,95
edam cheese,95
honeydew,95
dry milk powder,95
ranch dressing mix,95
canned milk,95
garlic flake,95
light chunk tuna in water,94
rose wine,94
english pea,94
dark sweet cherry,94
marzipan,94
boston lettuce leaf,94
chocolate bar,94
dates pitted and,94
salad,94
coarsely black pepper,94
nonfat cottage cheese,94
french onion,93
kosher salt to taste,93
pizza sauce,93
instant banana pudding mix,93
tortilla chip,93
gluten free baking powder,93
alum,92
light cheddar cheese,92
red chili sauce,92
masa harina flour,92
colby,92
velveeta mexican cheese,91
dry mustard powder,91
swede,91
miniature phyllo cup,91
mortadella,91
plum jam,91
artichoke hearts drained and,90
carrot juice,90
turkey carcass,90
chipotle hot sauce,90
other pasta,90
pepperoni,90
broccoli slaw mix,89
cooking oil,89
frozen yogurt,89
agar agar,89
seeded watermelon,89
chipotle peppers in adobo sauce,89
green beans drained,89
limes juice and zest of,89
butter lettuce leaf,89
gold medal all purpose flour,89
refrigerated crescent roll,88
hot chicken broth,88
couscous,88
toothpick,88
cream,88
frozen sweet corn,88
lea perrins worcestershire sauce,87
morel,87
canned whole tomato,87
tomatoes with jalapeno,87
red tomato,87
frisee,87
frozen southern style hash brown potato,87
red sweet pepper,87
chinese wine,86
sumac,86
paprika for garnish,86
canned pinto bean,86
confectioners sugar sifted,86
san marzano tomato,86
warm milk,85
white pepper powder,85
vegemite,85
low fat swiss cheese,85
chocolate covered coffee bean,85
guava nectar,85
fat free tortilla,85
tabasco jalapeno sauce,84
hot mustard,84
bourbon whiskey,84
light cream,84
strawberry syrup,84
corn tortilla strip,84
firmly brown sugar,84
mandarin oranges drained,83
butterscotch pudding mix,83
lamb fillet,83
buckwheat groat,83
black caviar,83
epazote,83
fast rising active dry yeast,83
kikkoman soy sauce,83
bechamel sauce,82
marinara sauce,82
sweet marsala wine,82
black beans drained,82
ice water,82
kidney beans drained,81
sweet pickle juice,81
head lettuce,81
quart water,81
limes zest of,81
floury potato,81
nigella seed,81
muesli,81
passion fruit juice,81
glaze,81
acorn squash and seeded,81
marjoram leaf,80
top round beef,80
frosting,80
yellow rice,80
water as needed,80
wheat flour tortilla,80
farina,80
plain gelatin,80
pappardelle pasta,80
pink bean,79
green chili sauce,79
dry marsala wine,79
deli corned beef,78
kielbasa sausage,78
taco size flour tortilla,78
carbonated water,78
grey poupon dijon mustard,78
oat bran,77
swanson chicken broth,77
venison steak,77
farfalle bow tie pasta,77
nonfat beef broth,76
processed cheese food,76
serrano pepper,76
sweet whole kernel corn,76
bucatini pasta,75
frozen broccoli cut,75
gemelli pasta,75
salt and black pepper,75
habanero sauce,75
vegetarian worcestershire sauce,75
sirloin tip steak,75
other sweet onion,74
serrano chile pepper,74
cayenne pepper to taste,74
vegetarian bean,74
fat free parmesan cheese,74
kohlrabi,74
fennel leaf,74
chocolate cake mix,74
tomatoes seeded and,74
lamb stock,74
water chestnuts drained,74
corn oil,74
bonito flake,74
sorrel,73
szechwan pepper,73
fat free sugar free instant vanilla pudding mix,73
acini di pepe pasta,73
brewer s yeast,73
and potato,73
light ricotta cheese,73
tart cooking apple,73
ponzu sauce,73
mango puree,73
gluten flour,73
almond flour,72
red bliss potato,72
seashell pasta,72
sun tomato paste,72
bisquick reduced fat baking mix,72
romaine leaf,72
poblano pepper,72
no added salt tomato paste,72
minute white rice,72
french vanilla ice cream,72
quail,71
canned unsweetened coconut milk,71
pitted prune,71
fermented black bean,71
canned plum tomato,71
white corn tortilla,71
hunts tomato sauce,71
envelope dry onion soup mix,70
mild sausage,70
fluid ounce triple sec,70
head iceberg lettuce,70
skewer,70
chocolate flavor instant pudding and pie filling mix,70
vegetarian beef,70
spanish rice,69
hazelnut oil,69
tomatoes with green chile peppers such as ro tel,69
mild curry paste,69
coriander seed,69
pepperoni sausage,69
ricotta salata,69
quark,69
pink grapefruit juice,69
soya milk,68
compressed yeast cake,68
herb seasoning mix,68
quick rising yeast,68
karo light corn syrup,68
lemon grass,68
adzuki bean,68
instant coconut cream pudding mix,68
vegan parmesan cheese,68
frozen raspberries in light syrup,67
tuna in oil,67
sweet n low,67
parmesan romano cheese mix,67
low sodium tomato sauce,67
lard,66
crumbled goat cheese,66
crabmeat drained and flaked,66
sugar free orange gelatin,66
lychee,66
light soya sauce,66
amaretti cooky,66
distilled water,66
miniature semisweet chocolate chip,66
hickory flavored barbecue sauce,66
yellow cherry tomato,65
instant espresso coffee powder,65
sweet onion such as vidalia,65
demi glace,64
italian pork sausage,64
iceberg lettuce leaf,64
mixed salad green,64
steak sauce,64
country style dijon mustard,64
portobello mushroom cap,64
nam pla,64
canned red kidney bean,64
hot pepper sauce such as frank s redhot,64
bottom round roast,64
jello instant vanilla pudding mix,64
quince,64
vegetarian refried bean,64
distilled vinegar,63
garlic flavored olive oil,63
plain white flour,63
herbes de provence,63
bottled chili sauce,63
crumbled gorgonzola cheese,63
cake yeast,63
clam broth,63
sweet red wine,63
queso blanco,62
dry parsley flake,62
low fat granola,62
annatto seed,62
salt and freshly black pepper,62
low fat monterey jack cheese,62
unpopped popcorn,61
rye flour,61
peach yogurt,61
peas drained,61
frozen blackberrie,61
italian sweet sausage,61
dill leaf,61
pint cherry tomato,61
low fat vanilla ice cream,61
low sodium tomato,60
white zinfandel wine,60
celery stalk,60
zinfandel,60
braeburn apple,60
low fat parmesan cheese,60
inch corn tortilla,60
pineapple in juice,60
jelly bean,60
sweet milk,59
prosciutto di parma,59
masa corn flour,59
guava,59
bottom round steak,59
italian style tomato sauce,59
pheasant,59
water chestnuts drained and,58
tomatoes undrained,58
half half light cream,58
alphabet pasta,58
lemon pudding mix,58
vegan sour cream,58
enchilada sauce,58
curly endive lettuce,57
herring fillet,57
mahi mahi,57
gumbo file,57
hickory smoke salt,57
garlic salt to taste,57
japanese soy sauce,57
gooseberry,56
individually wrapped caramels unwrapped,56
superfine sugar,56
hot chili bean,56
erythritol,56
sauerkraut drained,56
strawberry puree,56
sugar free lemon gelatin,56
quick cooking brown rice,55
ajwain,55
dry curd cottage cheese,55
jalapeno chile pepper,55
asadero cheese,55
tomatoe,55
glutinous rice,55
oregano flake,55
chicken gizzard,55
quick cooking rice,55
hard cheese,55
boiling onion,54
scoops vanilla ice cream,54
pint heavy cream,54
artichoke bottom,54
garlic juice,54
low fat sharp cheddar cheese,54
bottled water,54
garlic scape,54
white crab meat,54
venison,54
lemon balm,53
vegan cream cheese,53
apple cored and,53
peppermint,53
pint heavy whipping cream,53
frozen strawberries in syrup,53
jeera powder,53
whole wheat bread flour,53
processed american cheese,53
fluid ounces water,53
other dry white wine,52
coconut flour,52
chile garlic sauce such as sriracha,52
stone dijon mustard,52
rice flour,52
aleppo pepper,52
vanilla wafer,52
icing,52
rich chicken broth,52
ice cream sandwiche,51
and tomato,51
dark muscovado sugar,51
tasso,51
goose,51
marinade,51
dry fettuccine pasta,51
whole green onion,51
reduced fat swiss cheese,51
fat free sugar free instant chocolate pudding mix,51
neufchatel cheese,51
tiny pea,51
sirloin beef,51
pork sparerib,50
monosodium glutamate msg,50
english mustard powder,50
german mustard,50
sweetened lime juice,50
kraft parmesan cheese,50
canned stewed tomato,50
oranges juice and zest of,49
garlic infused olive oil,49
glutinous rice flour,49
strawberries hulled,49
reynolds wrap aluminum foil,49
truffle,49
sage sausage,49
sifted cake flour,49
peanut butter chip,49
freshly squeezed lemon juice,49
strawberry flavored jell o,49
coconut butter,49
guava juice,49
homogenized milk,49
refined flour,49
eggnog,49
o brien potato,48
instant white chocolate pudding and pie filling mix,48
smoked link sausage,48
pickled jalapeno pepper,48
amaranth flour,48
whipped butter,48
lukewarm water,48
butter pecan ice cream,48
brown sugar twin,48
fat free cheese,48
shoe peg corn,48
eagle brand sweetened condensed milk,47
white cranberry juice,47
ruby red grapefruit juice,47
pumpkin seed,47
beef rump roast,47
tandoori paste,47
cachaca,47
dry parmesan cheese,47
freshly parmigiano reggiano cheese,47
nonfat dry milk powder,47
lardon,47
berbere,47
dry italian style salad dressing mix,47
red,46
cos lettuce,46
aioli,46
amaranth,46
teff flour,46
sea salt and black pepper to taste,46
eye of round roast,46
sweet wine,46
processed cheese food such as velveeta,46
chili seasoning mix,46
mint chocolate chip ice cream,46
egg substitute,46
frozen sugar snap pea,46
cassava,46
white wine worcestershire sauce,46
chicory lettuce,46
kosher salt and black pepper to taste,45
asian sesame oil,45
converted white rice,45
sticky rice,45
pak choi,45
sugar free vanilla pudding mix,45
fluid ounces orange juice,45
bunches green onion,45
rome apple,45
copha,45
pistachio pudding mix,45
coleslaw mix,45
bottle barbeque sauce,45
sorghum,45
chipotle chile powder,44
swiss chard leaf,44
strong brewed coffee,44
tri tip steak,44
lemon low fat yogurt,44
chihuahua cheese,44
grapeseed oil,44
palm oil,44
pasta sauce,44
pint sour cream,44
garbanzo flour,44
mandarin oranges in juice,44
frozen tiny pea,44
low sodium worcestershire sauce,44
cake and pastry flour,44
greek feta cheese,44
morton lite salt,44
spanish olive oil,44
mandarin oranges in light syrup,44
pinto beans rinsed and drained,43
no salt added whole tomato,43
strawberries hulled and,43
picante sauce,43
cinnamon bark,43
vegan sugar,43
head cabbage cored and,43
sherry vinegar,43
wheat pastry flour,43
spanish rice mix,43
prune food,43
minute brown rice,43
russet baking potato,43
realemon juice,43
spinach tortilla,43
extra granulated sugar,43
jalapeno chily,43
chocolate hazelnut spread such as nutella,43
spinach rinsed and,43
tuna fillet,43
top round roast,43
light mozzarella cheese,42
dark soya sauce,42
all purpose flour for coating,42
pepper jack cheese,42
lovage,42
pita bread round,42
canned whole kernel corn,42
sweet creamy butter,42
tomatoes with liquid,42
black salt,42
lamb steak,42
pomegranate syrup,42
besan,42
no salt added chicken broth,42
chicken stove top stuffing mix,42
apples cored and,41
pudding mix,41
mint sauce,41
tuna in brine,41
cinnamon sugar,41
dry white bean,41
sazon goya con culantro y achiote,41
biscuit baking mix,41
fluid ounces pineapple juice,41
cocktail sauce,41
tri tip roast,41
dry bread stuffing mix,41
full bodied red wine,41
cheesecake flavor instant pudding and pie filling mix,40
pinto beans drained,40
coleman s dry mustard,40
strong white flour,40
mild cheese,40
nonfat chicken broth,40
plum preserve,40
strawberry cream cheese,40
lowfat swiss cheese,40
gallon water,40
sumaq,40
white balsamic vinegar,40
borlotti bean,40
whole grain wheat flour,40
kasseri cheese,39
anisette,39
cold unsalted butter,39
campanelle pasta,39
chicken tender,39
fluid ounce lime juice,39
ghee clarified butter,39
purple potato,39
capers drained,39
lavender blossom,39
danish blue cheese,39
whole mustard seed,39
berry cranberry sauce,39
lox,39
low fat sweetened condensed milk,39
hot dog,39
frozen english pea,39
skim evaporated milk,39
sriracha hot sauce,39
dark chili powder,39
guacamole,39
homemade chicken broth,38
canned broth,38
dark chocolate chip,38
quart milk,38
marinated artichoke hearts drained and,38
hazelnut syrup,38
garlic sausage,38
huckleberry,38
sugar free instant pudding mix,38
low fat flour tortilla,38
uncle ben s converted brand rice,38
potato chip,38
black soy sauce,38
chili oil,38
hard eggs and,38
gem lettuce,38
vegan cheese,38
taco sauce,38
devil s food cake mix,38
lemon cake mix,38
dry oregano leaf,38
agar agar flake,37
tri colored pasta,37
wild rice mix,37
beef bones with marrow,37
pretzel,37
orange juice and rind of,37
cucumbers and,37
low moisture part skim mozzarella cheese,37
pie apple,37
sugar free raspberry gelatin,37
lemon balm leaf,37
tomatoes and,37
mange touts pea,37
prune puree,37
bananas and,37
cabbage and carrot coleslaw mix,37
sharp american cheese,37
hot milk,37
whole bay leaf,37
ahi tuna steak,37
parboiled rice,37
crawfish tail meat,37
mazola corn oil,37
sweet italian sausage,37
absinthe,37
paprika to taste,37
fluid ounce lemon juice,36
scalloped potatoes mix,36
canned pea,36
fluid ounces cranberry juice,36
mushrooms stems removed,36
grey poupon mustard,36
colby jack cheese,36
radiatore,36
cracked black pepper to taste,36
armagnac,36
chicken giblet,36
kasuri methi,36
chili bean paste,36
ganache,36
satay sauce,36
prune juice,36
haricot bean,36
soy mozzarella cheese,36
grain white rice,36
anaheim chile pepper,36
iodized salt,35
chestnut puree,35
sweet potato puree,35
canned anchovy fillet,35
tripe,35
canned vegetable broth,35
linguini pasta,35
grouper,35
amaretti,35
mint flake,35
reduced fat coconut milk,35
tomatoes in tomato puree,35
brie cheese,35
white pepper to taste,35
brownie mix,35
grape jelly,35
apricot gelatin,34
old bay seasoning tm,34
salami,34
chai tea teabag,34
dry english style mustard,34
chinese chili sauce,34
coconut milk powder,34
fructose,34
pandan leaf,34
head of lettuce,34
pearl onion,34
pear half,34
chicken leg quarter,34
poblano chile pepper,34
cupcake,34
mushrooms quartered,34
bottom round beef roast,34
ginger and,34
lime flavored jell o mix,34
frozen orange juice concentrate,34
ginger syrup,34
dark chicken meat,33
carnaroli rice,33
tomato with juice,33
freshly squeezed orange juice,33
beef top loin steak,33
lowfat parmesan cheese,33
chinese mustard,33
prepared brown mustard,33
orgeat syrup,33
fat free american cheese,33
peach,33
vegan worcestershire sauce,33
frozen snow pea,33
artichoke hearts drained,33
boil in the bag rice,33
peach gelatin,33
sugar free vanilla ice cream,33
green chiles drained,33
raspberry puree,33
freshly pepper,33
chicken gumbo soup,33
raspberry flavored jell o mix,32
half and half milk,32
sazon goya with coriander and annatto,32
peppadew pepper,32
pint grape tomato,32
dipping sauce,32
seasoned salt to taste,32
pesto sauce mix,32
coconut meat,32
and tomatoes with juice,32
kasha,32
watermelon juice,32
buttermilk biscuit mix,32
hash brown patty,32
orange sweet bell pepper,32
red table wine,32
country sausage,32
brandy based orange liqueur such as grand marnier,32
dry ranch style dressing mix,31
gluten free vanilla extract,31
dry brown gravy mix,31
low fat curd cottage cheese,31
cinnamon red hot candy,31
brown rice flour,31
fat free milk,31
chicken soup base,31
cranberry bean,31
roma plum tomatoes seeded and,31
tomato vegetable juice cocktail,31
jumbo lump crab meat,31
no salt added stewed tomato,31
cheese tortellini,31
half pint canning jars with lids and ring,31
enriched flour,31
methi seed,31
white corn kernel,31
black rice,31
kashmiri chili powder,31
eggplant and,31
reduced fat ricotta cheese,31
pawpaw,31
shoestring potato,31
vital wheat gluten flour,31
guava paste,31
funghi porcini,31
au gratin potato,31
clarified butter,31
reduced fat baking mix,31
dry coconut powder,31
skim milk ricotta cheese,30
watermelon rind,30
kalamata olives pitted and,30
sweet apple cider,30
chili bean sauce,30
seasoned salt such as lawry s,30
instant tea powder,30
nuoc nam,30
instant milk,30
fat free sugar free vanilla pudding mix,30
vanilla custard powder,30
low fat alfredo sauce,30
lime twist,30
frozen spinach thawed and squeezed dry,30
whipped cream cheese,30
petite tomato,30
ajinomoto,30
extra silken tofu,30
fluid ounces gin,30
rice powder,30
cilantro for garnish,29
seasoned crouton,29
piri piri,29
french vanilla pudding mix,29
besan flour,29
blackberry brandy,29
braunschweiger sausage,29
miniature chocolate chip,29
sago,29
split pea,29
center cut pork loin roast,29
diet ginger ale,29
dill pickle juice,29
green banana,29
fluid ounce can tomato juice,29
hot dog bun,29
corona beer,29
jonathan apple,29
apricot jam,29
frozen lemonade concentrate,29
whole wheat baguette,29
manila clam,29
german chocolate,29
hazelnut extract,29
chicken breast halve,29
duckling,29
unsweetened raspberry,29
oil for deep frying,29
gluten free all purpose baking flour,29
low sodium tomato juice,29
tomatoes with green pepper and onion,29
fluid ounce can beer,29
mozzarella cheddar blend cheese,29
head red cabbage,29
sugar free lime gelatin,29
sponge cake finger,29
envelope active dry yeast,29
sweet chili sauce,29
chuck roast,29
meatball,29
strawberry flavored jell o mix,29
extra tofu,29
olive oil for frying,29
spicy pork sausage,29
freshly cracked black pepper,29
sourdough starter,28
sour pitted cherry,28
corn tortilla chip,28
ginger root and,28
canned italian tomato,28
low sodium chickpea,28
real bacon bit,28
jell o chocolate pudding and pie filling,28
brown and serve sausage,28
reduced fat mayonnaise,28
refrigerated pie crust,28
bottle ketchup,28
warm milk degrees f degrees c,28
chinese eggplant,28
barbecued chicken,28
blue cheese salad dressing,28
mexican rice,28
chocolate covered peanut,28
sugar free vanilla pudding,28
hawaiian sea salt,28
globe eggplant,28
milk room temperature,28
rose essence,28
buckwheat noodle,28
mini sweet pepper,28
tiny pasta,28
matzo meal,28
caramel sauce,28
french style ladyfinger cooky,28
ditalini pasta,28
tofutti better than cream cheese,28
bacon strip,28
quart oil for deep frying,28
crystallized ginger,28
white rice flour,28
sweet pickle,28
drained caper,28
beef top sirloin,28
baharat,28
galangal root,28
passion fruit nectar,27
southern style hash brown,27
pickling lime,27
tomatillos husks removed,27
capers in salt,27
ragu tomato sauce,27
pecan meal,27
chinese hot mustard,27
serving cooking spray,27
sourdough bread,27
unbaked deep dish pie crust,27
barley malt syrup,27
cola flavored carbonated beverage,27
low carb flour tortilla,27
cheesecake flavor instant pudding and pie filling,27
low calorie sweetener,27
stewing lamb,27
rosemary needle,27
sockeye salmon,27
gorgonzola cheese,27
quinoa rinsed,27
miniature bagel,27
mini chocolate chip,27
unsweetened pineapple juice,27
frozen lemonade concentrate thawed,27
granola,27
lamb rack,27
mild chile,27
swordfish fillet,27
vegetable oil for deep frying,27
walnut piece,27
celery with leaf,27
head green cabbage,27
red swiss chard,27
pierogi,27
pork and bean,27
orange flavored jell o mix,27
dill pickle relish,27
spaetzle noodle,27
sirloin,27
kirsch liqueur,27
reduced sodium worcestershire sauce,27
sunflower seed oil,27
low sodium beef bouillon cube,27
canned sweet potato,27
unsweetened almond milk,27
green serrano chily,27
condensed french onion soup,27
tomato soup,27
ancho pepper,27
poppy seed filling,27
tapioca,27
mango rum,27
beef consomme,27
egg tomato,27
ancho chili pepper,26
ginger garlic paste,26
hoagie rolls split lengthwise,26
chocolate covered graham cracker cooky,26
herb seasoned dry bread stuffing mix,26
sweetened whipped cream,26
garlic alfredo sauce,26
baharat aka middle east mixed spices the real mix,26
shin beef,26
red pear tomato,26
oat flour,26
sour milk,26
tomato chutney,26
lowfat margarine,26
pancetta bacon,26
valencia orange,26
hot chile pepper,26
alfredo sauce mix,26
recaito,26
caesar flavor crouton,26
planters pecan,26
black eyed peas rinsed and drained,26
vanilla sugar,26
italian plum,26
pork butt roast,26
chunk chicken,26
cranberry jelly,26
dry thyme leaf,26
kiwis and,26
peanut oil for frying,26
mini semi sweet chocolate chip,26
lemon basil,26
stone whole wheat flour,26
sweet mustard,26
smoked tofu,26
budweiser beer,26
green chilies drained,26
bread cube,26
peri peri,26
sugar pumpkin,26
processed cheese spread,26
yellow rice mix,26
date sugar,26
yellow sweet bell pepper,26
chai tea,26
apple pie spice,26
fluid ounces milk,26
prepared salsa,26
greek seasoning,26
fennel powder,26
cherrystone clam,26
eggs well beaten,26
black plum,26
parsley for garnish,26
zucchini cut into inch slice,26
original snack factory pretzel crisp,26
roll of pork sausage,26
maraschino cherries drained,26
condensed cheddar cheese soup,26
peppar vodka,25
head bok choy,25
ranch style bean,25
frozen mango chunk,25
white beans drained,25
inch pork chop,25
beef burger,25
champignon mushroom,25
vegan egg replacer powder,25
low fat peanut butter,25
lime zested,25
low fat coconut milk,25
regular grind coffee,25
allspice berry,25
fluid ounce amaretto liqueur,25
butter flavored cooking spray,25
amaretti cookie,25
mexican blend cheese,25
vegetarian oyster sauce,25
fat free sugar free instant cheesecake pudding mix,25
quarts cold water,25
flour tortillas warmed,25
sour cream for topping,25
tofutti sour cream,25
taco bell home originals n chunky salsa,25
sheet frozen puff pastry thawed,25
chicken chunk,25
pickled cucumber,25
instant dry milk powder,25
cut green beans drained,25
club soda,25
white poppy seed,25
coarsely cilantro,25
dark sesame oil,25
mission fig,25
processed cheese food eg velveeta,25
pepperidge farm stuffing,25
steak,25
tomatoes coarsely,25
vegetarian chili,25
lamb neck,25
maraschino juice,25
low sodium salt,25
picante salsa,25
dry basil leaf,25
shelled crab,25
mexican tomato,25
freshly squeezed lime juice,25
raclette cheese,25
irish cream liqueur,25
browning sauce,25
duck breast half,25
heads cauliflower,25
carnation instant milk,25
turkey slice,25
soymilk powder,25
barley malt,25
old bay seasoning,24
brussels sprouts and,24
short grain white rice,24
smoked bacon,24
fluid ounce cans evaporated milk,24
frozen pineapple chunk,24
light cheese,24
imitation vanilla,24
mafalda pasta,24
remoulade sauce,24
flaxseed meal,24
napa cabbage,24
epazote leaf,24
granola bar,24
tomato bisque soup,24
cooking spray such as pam,24
tub cool whip whipped topping thawed,24
instant decaffeinated coffee,24
lukewarm milk,24
red shallot,24
no salt added black bean,24
comte cheese,24
berry blue gelatin mix,24
baking mix such as bisquick,24
hunts tomato paste,24
black mission fig,24
ready to serve beef broth,24
rib celery,24
cherries in syrup,24
square unsweetened chocolate,24
salsa fresca,24
concord grape,24
soy protein,24
dill pickle slice,24
italian style tomato paste,24
nestle sweetened condensed milk,24
italian bread crumb,24
cranberry juice concentrate,24
pinto beans drained and rinsed,24
dark semi sweet chocolate,24
sea salt and freshly black pepper to taste,24
rainbow trout,24
heads garlic,24
clam juice,24
extra strong coffee,24
non alcoholic beer,24
lemon leaf,24
unbaked inch pie crust,24
parsnips and,24
mixed fruit,24
other brandy,23
soy cheddar cheese,23
fish bouillon cube,23
green beans and snapped,23
choy sum,23
hellmanns mayonnaise,23
pineapple rum,23
lemon lime flavored carbonated beverage,23
chile sauce,23
collard green,23
bone in chicken piece,23
powdered thyme,23
morton tender quick salt,23
shaved parmesan cheese,23
beef round tip steak,23
mango and,23
california walnut,23
warm water to degrees f to degrees c,23
reduced fat tofu,23
sweetened cranberries such as craisin,23
green enchilada sauce,23
veal,23
sweet rice,23
fine graham cracker crumb,23
converted long grain rice,23
frozen asparagus cut,23
dry sunflower seed,23
salt and white pepper to taste,23
cajun style stewed tomato,23
whole chestnut,23
spelt flour,23
fat free vanilla ice cream,23
crispy rice cereal such as rice krispy,23
rapini,23
peaches pitted and,23
hot sauce to taste,23
freshly ginger,23
dry northern white bean,23
unsweetened apple cider,23
cultured buttermilk,23
granular no calorie sucralose sweetener such as splenda,23
dessert apple,23
pear brandy,23
spinach souffle,23
elderberry,23
cream cheese frosting,23
rice pilaf mix,23
fillets tilapia,23
great northern beans rinsed and drained,23
meyer lemon zest,23
black olives drained and,23
louisiana style hot sauce,23
green cabbage head,23
knorr rice side,23
heads of cabbage,23
fluid ounce simple syrup,23
fusilli pasta,22
chocolate sandwich cookies such as oreo,22
sprig mint,22
lemon pepper to taste,22
fruit cocktail drained,22
foie gra,22
chocolate cookie crumb,22
hot rice,22
spice cake mix,22
mexican tomato sauce,22
warm water degrees f,22
candy coated milk chocolate piece,22
raspberry sauce,22
cactus piece,22
chuck,22
any flavor fruit jam,22
maytag blue cheese,22
chocolate chip ice cream,22
panang curry paste,22
bone in pork chop,22
calrose rice,22
creole seasoning such as tony chachere s,22
barberry,22
salt and freshly pepper,22
chinese barbecue pork,22
coconut water,22
oil sun tomato,22
heavy cream whipped,22
whole wheat pasta shell,22
plum food,22
frozen hash browns with onions and pepper,22
coconut sugar,22
meyer s dark rum,22
sunflower seed kernel,22
red pesto sauce,22
whole buttermilk,22
chinkiang vinegar,22
batter,22
stalk celery,22
porcini mushroom,22
frozen strawberries thawed,22
salad shrimp,22
bean thread,22
chickpeas garbanzo beans drained,22
marinated artichoke heart,22
crab meat drained,22
unsweetened plain yogurt,22
fat free reduced sodium chicken broth,22
unsweetened pineapple,22
persimmon pulp,22
chai tea mix,22
mixed cheese,22
light vanilla ice cream,22
italian sausage link,22
quarts chicken stock,22
nonfat cheddar cheese,22
nopale,22
bag semisweet chocolate chip,22
breadfruit,22
jalapeno,22
instant flour,22
unsalted pistachio nut,21
pepperoncini pepper,21
paneer cheese,21
lactose free milk,21
multicolored candy sprinkle,21
grape,21
pudding rice,21
granny smith apple cored and,21
taleggio,21
unsmoked bacon,21
low carb tortilla,21
banana broken into chunk,21
lemon flavored jell o mix,21
habanero chile pepper,21
frozen peas and carrot,21
ramen noodle,21
peaches drained,21
quorn piece,21
deep dish pie crust,21
green olives in brine,21
red zinfandel wine,21
weetabix,21
angelica,21
green beans and cut into inch piece,21
vegan mozzarella cheese,21
zucchini cut into chunk,21
blueberry pie filling,21
eggplant into inch round,21
jell o pudding mix,21
plain fat free greek yogurt,21
smoked back bacon,21
green ginger,21
fluid ounces club soda,21
quart half and half,21
sherry,21
fluid ounce can pineapple juice,21
purslane,21
wooden skewer,21
lemon peel strip,21
aged white cheddar cheese,21
chili garlic sauce,21
salt and freshly pepper to taste,21
crumbled cotija cheese,21
mixed nut,21
frozen bite size potato nuggets such as tater tot,21
buffalo wing sauce,21
peach vodka,21
bacon slice,21
clams in shell scrubbed,21
black soybean,21
beets and,21
black beans undrained,21
low sodium tomato paste,21
ditali pasta,21
fluid ounce irish cream liqueur,21
honey syrup,21
white hominy drained,21
thawed cool whip whipped topping,21
goya extra virgin olive oil,21
coffee flavored liqueur such as kahlua,21
dill seed,21
very banana,21
ro tel tomatoes with pepper,21
french s mustard,21
skinned chicken breast,21
white mustard seed,21
veal demi glace,21
whole wheat spiral pasta,21
prepared instant mashed potato,21
celery powder,21
yellow corn grit,21
leaf oregano,21
german chocolate cake mix,21
pinto beans with jalapeno pepper,21
hot brewed coffee,21
seasoning salt to taste,21
dry kidney bean,21
loin lamb,21
kidney beans undrained,21
thousand island salad dressing,20
banana cut into chunk,20
red pepper to taste,20
blue cheese dressing,20
meat tenderizer,20
pork cutlet,20
vanilla wafer crumb,20
mandarin segment,20
black raspberry,20
corn flake,20
peppercorn,20
rye bread,20
reynolds parchment paper,20
firmly light brown sugar,20
peach chutney,20
prepared chocolate frosting,20
bone in chicken thigh,20
elephant garlic,20
candied citron,20
fluid ounce coffee flavored liqueur,20
red enchilada sauce,20
oranges rind of,20
banana instant pudding,20
smoked trout fillet,20
bittersweet chocolate piece,20
black fig,20
pumpkin flesh,20
cornstarch paste,20
ginger marmalade,20
chicken portion,20
pepperoncini,20
pimentos drained,20
hot ketchup,20
pint part skim ricotta cheese,20
prepared hot mustard,20
chicken flavored ramen noodle,20
asparagus cut into inch piece,20
white,20
salad potato,20
envelope unflavored gelatin,20
idaho baking potato,20
winter savory,20
avocado dip,20
quart strawberry,20
chocolate sandwich cooky,20
seedless black grape,20
butternut squash and seeded,20
plum jelly,20
fajita seasoning,20
beef skirt steak,20
powdered fruit pectin,20
all purpose flour for dusting,20
lemons zested,20
green chili powder,20
cocoa,20
powdered non dairy creamer,20
wildflower honey,20
contadina tomato sauce,20
reduced sodium black bean,20
amchoor powder,20
ginger wine,20
apricot nectar,20
unbaked tart shell,20
yellowfin tuna fillet,20
frozen unsweetened mixed berry,20
ancho chile pepper,20
reduced sugar orange marmalade,20
pork broth,20
canned shrimp,20
sugar free instant butterscotch pudding mix,20
kewra essence,20
pickling spice,20
crisco original no stick cooking spray,20
fat free half and half,20
soymilk lite,20
cracker crumb,20
yellow pear tomato,20
white chocolate pudding mix,19
and apple,19
fluid ounces rum,19
rutabaga,19
vanilla soy milk,19
unsalted dry cashew,19
peppermint ice cream,19
kidney beans with liquid,19
pam original no stick cooking spray,19
and mashed sweet potato,19
hot pepper sauce to taste,19
unsweetened strawberry,19
chili without bean,19
spinach pasta,19
canned jalapeno pepper,19
frozen miniature phyllo tart shell,19
classic pie crust idiot proof step by step photo tutorial,19
plum wine,19
thai chile pepper,19
clams drained with juice reserved,19
lemon for garnish,19
vegetable suet,19
regular rolled oat,19
kaiser rolls split,19
montreal steak seasoning,19
spinach washed and,19
carton chicken broth,19
frozen cut green bean,19
unsalted butter at room temperature,19
pecan piece,19
herbs of choice,19
sweet dessert wine,19
reduced sodium ketchup,19
new england clam chowder,19
granular fructose,19
mexican style stewed tomatoes with jalapeno pepper,19
pasta dough,19
chickpeas garbanzo beans drained and rinsed,19
cored and apple,19
rapid rise yeast,19
green salsa,19
unpeeled shrimp,19
lime rind of,19
chipotle paste,19
lamb liver,19
mixed spice,19
beef gravy,19
pepper to taste,19
whole grain rice,19
fluid ounce container chicken stock,19
framboise liqueur,19
chive blossom,19
scalded milk,19
bock beer,19
stewed tomatoes with juice,19
red pepper flakes to taste,19
pisco,19
tandoori masala,19
steamer clam,19
chili with bean,19
bread machine flour,19
dry instant coffee,19
clams with juice,19
spicy tomato sauce,19
fluid ounce can chicken broth,19
cracked bulgur wheat,19
sprigs dill,19
squares white chocolate,19
sprig parsley,19
butterflied leg of lamb,19
dry black bean,19
low sodium chicken bouillon cube,19
dragee,19
cream cheese at room temperature,19
processed cheese such as velveeta,19
vanilla custard,19
flageolet bean,19
white sauce mix,19
mirepoix,18
swanson chicken stock,18
cream of celery soup,18
manicotti shell,18
tri color rotini pasta,18
peach schnapp,18
sorghum molasse,18
soup,18
safflower oil,18
fine bread crumb,18
turnip and,18
pineapple salsa,18
kosher salt and freshly black pepper to taste,18
loaf italian bread,18
low fat mozzarella cheese,18
milk chocolate,18
vegetarian chicken piece,18
mixed green,18
split yellow lentil,18
lightly brown sugar,18
italian bread,18
star anise pod,18
preserved black bean,18
banana and,18
soy ice cream,18
dry corn muffin mix,18
fat free swiss cheese,18
caper juice,18
bamboo skewers soaked in water for minute,18
garbanzo beans chickpeas drained and rinsed,18
irish stout beer such as guinness,18
leaves mint,18
dry black eyed pea,18
hot sauce such as tabasco,18
bread crumbs seasoned,18
plums pitted and,18
garbanzo beans rinsed and drained,18
peppermint candy,18
garlic pepper seasoning,18
pignoli nut,18
pork belly,18
light rum,18
refrigerated pizza crust dough,18
italian seasoned dry bread crumb,18
peppermint candy cane,18
quahog,18
heavy cream chilled,18
fat free plain yogurt,18
adobo sauce from chipotle pepper,18
jicama and,18
pignoli,18
loaf frozen bread dough thawed,18
sugar based curing mixture such as morton tender quick,18
light processed cheese,18
knorr fiesta side,18
green tea powder matcha,18
extra egg,18
strawberry preserve,18
lotus root,18
reynolds wrap heavy duty aluminum foil,18
passion fruit puree,18
nonstick cooking spray,18
heads broccoli,18
lamb backstrap,18
cashew half,18
tapioca starch,18
sugar free cherry gelatin,18
corn flour,18
tray ice cube,18
soy flour,18
and almond,18
quart vegetable broth,18
processed swiss cheese,18
lettuce cup,18
round onion,18
low fat american cheese,18
knorr chicken bouillon,18
chicken thigh piece,18
white flour tortilla,18
lemons juice and rind of,18
canadian cheddar cheese,18
pinto beans in chili sauce,18
pinhead oat,18
japanese pumpkin,18
herb seasoned salt,18
wonton,18
egg white substitute,18
amchur powder,18
vegetarian chicken broth,18
black currant jelly,18
tapioca pudding,18
seville orange,18
eau de vie,18
fluid ounce cranberry juice,18
chicken neck,17
kamaboko,17
fully luncheon meat such as spam,17
gin,17
heads broccoli cut into floret,17
orange sweet potato,17
guava jelly,17
granular sucrolose sweetener such as splenda,17
torn basil leaf,17
non stick cooking spray,17
pastry,17
italian tomato paste,17
alfalfa,17
black walnut,17
mirliton,17
french style green beans drained,17
canned potato,17
sugar free white chocolate pudding mix,17
square semisweet chocolate,17
velveeta shells and cheese dinner,17
smelt,17
white bread torn into piece,17
melted shortening,17
bite size mozzarella cheese ball,17
cabbage coleslaw blend,17
granny smith apples cored and,17
milk chocolate candy kisses unwrapped,17
all purpose baking mix,17
wheat beer,17
tofu drained and,17
frozen shelled edamame green soybean,17
onion powder to taste,17
round,17
crepe,17
zucchini and,17
sweet potatoes in syrup,17
reduced fat american cheese,17
prepared basil pesto,17
candy corn,17
miniature graham cracker pie crust,17
corn chip,17
tomatillo,17
mandarin orange segments drained,17
champagne,17
slices prosciutto,17
tart baking apple,17
napa cabbage leaf,17
perch,17
instant chocolate fudge pudding,17
corn bread mix,17
shortening melted,17
lobster tail,17
dulce de leche ice cream,17
reduced calorie stick margarine,17
dry ziti pasta,17
chicken tenderloin,17
chocolate fudge instant pudding mix,17
prepared chocolate cookie crumb crust,17
umeboshi,17
canned pimiento,17
toffee baking bit,17
spice islands vanilla extract,17
dry corn bread mix,17
bulb garlic,17
artichoke hearts drained and quartered,17
coarsely onion,17
frozen peach slice,17
turnips and,17
captain morgan s spiced rum,17
pickled herring,17
turkey stock,17
fillets catfish,17
dry rub,17
non iodized salt,17
unsweetened cocoa,17
lotus seed,17
other shortening,17
plain cornmeal,17
pillsbury best all purpose flour,17
strawberry sauce,17
vegetarian parmesan cheese,17
walnut meat,17
fruit flavored jell o mix,17
tandoori spice mix,17
hominy grit,16
rolled barley,16
black gram,16
granular sucralose sweetener such as splenda,16
buttery round crackers such as ritz,16
alfalfa sprout,16
quinoa rinsed and drained,16
melted margarine,16
french dressing not catalina style,16
black cumin,16
brick cheese,16
prepared chocolate pudding,16
beef fat,16
uncle bens wild rice,16
quarts oil for deep frying,16
candy coated milk chocolate pieces such as m m s,16
fat free sharp cheddar cheese,16
annatto oil,16
sheets phyllo dough,16
heinz tomato ketchup,16
chicken back,16
low fat monterey jack pepper cheese,16
reynolds slow cooker liner,16
tomatoes with basil and oregano,16
fluid ounce grenadine syrup,16
green cherry,16
thousand island dressing,16
lady finger cooky,16
asian fish sauce,16
low fat low sodium chicken broth,16
white cooking wine,16
pimiento strip,16
links pork sausage,16
white radish,16
cream sherry,16
garlic flavored red wine vinegar,16
dry bow tie pasta,16
original bisquick mix,16
breakstone s,16
imported white chocolate,16
velveeta cut into inch cube,16
sugar free fat free butterscotch pudding,16
spears asparagu,16
unsulfured molasse,16
fish stock,16
angel food cake,16
genoa salami,16
ice cold water,16
torn romaine lettuce,16
lowfat silken tofu,16
cinnamon graham cracker crumb,16
day old bread,16
rib eye steak,16
instant coconut pudding mix,16
shitake mushroom,16
bottle barbecue sauce,16
freshly white pepper,16
spaghetti squash,16
fluid ounce peach schnapp,16
white turkey meat,16
rose extract,16
millet,16
vanilla wafer cooky,16
aged balsamic vinegar,16
chile powder,16
instant hot chocolate mix,16
soy lecithin,16
onion white,16
fluid ounce can frozen lemonade concentrate,16
kiwi and,16
filo pastry,16
mace blade,16
chilled butter,16
whipped topping,16
italian style tomatoes drained,16
bella mushroom,16
loaf processed cheese food such as velveeta,16
grapefruit peel,16
crawfish meat,16
mayonnaise such as hellman s,16
gingersnap cooky,16
bamboo shoots drained,16
absolut kurant vodka,16
chickpeas drained and rinsed,16
chipotle chile pepper,16
lima beans drained,16
spiral cut ham,16
sugar free orange marmalade,16
limes zested and juiced,16
aquavit,16
fluid ounces cola flavored carbonated beverage,16
yellow apple,16
contadina tomato paste,16
philadelphia brick cream cheese softened,16
campbell s condensed cream of chicken soup regular,16
fluid ounces sweet and sour mix,16
eel,16
sazon seasoning,16
fluid ounce gin,16
fillets of sole,16
black eyed peas drained,16
sweet yellow onion,15
quarts oil for frying,15
bulb fennel,15
taco shell,15
sweet orange,15
plum brandy,15
envelopes active dry yeast,15
fluid ounces light rum,15
water tuna,15
oven deli chicken,15
cartons chicken broth,15
tomatoes and green chile,15
cod steak,15
i can t believe it s not butter spread,15
potato cheese pierogy,15
salt free seasoning blend,15
limes quartered,15
prepared marinara sauce,15
sweet and sour sauce,15
softened cream cheese,15
dark amber maple syrup,15
cornish game hen,15
thai basil leaf,15
alligator meat,15
head romaine lettuce torn into bite size piece,15
prickly pear,15
pistachio ice cream,15
mesquite liquid smoke,15
fat free instant vanilla pudding mix,15
mexican chili bean,15
coconut ice cream,15
low fat ham,15
chicken breast tenderloin,15
fluid ounce jiggers vodka,15
turkey gravy,15
tomatoes with herb,15
fluid ounce sweet vermouth,15
queso anejo,15
methi leaf,15
beef chuck shoulder pot roast,15
red chile powder,15
bulk hot italian sausage,15
fluid ounce orange juice,15
seeded and jalapeno pepper,15
red kidney beans drained,15
tamarind chutney,15
gluten free flour blend,15
pheasant breast,15
beef oxtail,15
stolichnaya vodka,15
white seedless grape,15
thai sweet chili sauce,15
fluid ounce dark rum,15
whiting fish fillet,15
canned mushroom,15
hot sauce such as frank s redhot,15
fluid ounce rum,15
pork loin steak,15
lawry s seasoned pepper,15
bag chocolate chip,15
key limes juice of,15
fatty bacon,15
green onion stem,15
clams in shell,15
irish mist liqueur,15
chili,15
self rising cornmeal,15
frozen broccoli floret,15
jalapeno stuffed green olive,15
comice pear,15
instant white rice,15
creamed honey,15
pimento strip,15
carambola,15
freshly lemon zest,15
rolled oatmeal,15
chile pequin,15
skirt steak,15
ritz cracker,15
fluid ounces lemon lime flavored carbonated beverage,15
mexican style cheese blend,15
ears corn on the cob,15
confectioners sugar for rolling,15
thai basil,15
arrowroot powder,15
scoop vanilla ice cream,15
salt and cracked black pepper to taste,15
sugar free instant white chocolate pudding mix,15
pretzel stick,15
ready made bruschetta,15
refrigerated pizza crust,15
meatloaf,14
tomatoes with jalapeno pepper,14
whole wheat bagel,14
lancashire cheese,14
milnot condensed milk,14
banana rum,14
wheat bread crumb,14
dark red kidney beans drained and rinsed,14
chardonnay wine,14
maraschino cherries drained and,14
red grape,14
avocado and,14
frozen raspberries thawed,14
stick butter,14
blue food coloring,14
long grain and wild rice mix,14
corn muffin mix,14
masterpiece original barbecue sauce,14
red leicester cheese,14
land o lakes butter,14
thyme honey,14
and carrot,14
cracker,14
goya garlic,14
light coconut cream,14
rhubarb cut into inch piece,14
candied mixed fruit peel,14
tomatoes quartered,14
crumbled feta,14
light molasse,14
caramel,14
turkey stuffing,14
oreo cooky,14
tomatoes with sweet onion,14
dutch process cocoa powder,14
teff,14
rag old world style traditional sauce,14
tomatoes with basil and garlic,14
fuyu persimmon,14
vegetable cooking spray,14
sambal chili paste,14
quaker oats quick,14
french vanilla cool whip,14
nasturtium blossom,14
dry onion soup mix such as lipton,14
italian style hoagie bun,14
lamb rib,14
milk at room temperature,14
extra beef,14
creme de menthe liqueur,14
wheat and barley nugget cereal e g grape nut,14
pizza dough,14
macaroni and cheese mix,14
round brie cheese,14
pint vanilla ice cream,14
freshly pepper to taste,14
no boil lasagna noodle,14
pickled jalapeno pepper slice,14
pomelo fruit,14
butternut squash and,14
coconut cream pudding mix,14
quart whole milk,14
cherry tomatoes quartered,14
spaghetti squash lengthwise and seeded,14
cheshire cheese,14
candy coated chocolate piece,14
fettuccini pasta,14
prepared pie crust,14
fluid ounce jigger peach schnapp,14
coarsely basil,14
pineapple bit,14
eggplant cut into inch slice,14
cold coffee,14
lump crabmeat drained,14
gevalia cold brew concentrate,14
yellow curry powder,14
squares german sweet chocolate,14
spicy italian sausage,14
vine ripened tomato,14
speck,14
frozen mixed berry,14
fluid ounces triple sec,14
refrigerated buttermilk biscuit dough,14
carrot curl,14
screwpine leaf,14
chunk light tuna in water,14
white beans drained and rinsed,14
sharp cheddar,14
fluid ounce can frozen orange juice concentrate,14
hot chile paste,14
unpeeled zucchini,14
plain dry bread crumb,14
pet milk,14
powdered turmeric,14
black cherry gelatin,14
grains of paradise,14
bran cereal,14
english muffins split,14
vinaigrette,14
grill seasoning,14
pints strawberry,14
crumbled queso fresco,14
head cabbage coarsely,14
condensed cream of cheddar cheese soup,14
prepared mashed potato,14
refrigerated pizza dough,14
parsnip and,14
pita bread,14
wedge lemon,14
dry ranch salad dressing mix,14
lamb chop,14
vidalia,14
stewed tomatoes undrained,14
quart heavy cream,14
reduced sodium tomato juice,14
low fat kielbasa,14
beef flavored rice a roni,14
syrup,14
links hot italian sausage,14
canned sauerkraut,14
coarse kosher salt,14
mackerel fillet,14
butternut squash lengthwise and seeded,14
light non dairy whipped topping,14
pippin apple,14
oranges juiced,14
fluid ounce coffee flavored liqueur such as kahlua,14
fluid ounce dry vermouth,14
freshly romano cheese,14
garlic pepper,14
fat free vanilla pudding,14
crab,14
fluid ounce light rum,14
vanilla frosting,14
bottle vodka,13
english muffins split and,13
double gloucester cheese,13
brown flour,13
red candied cherry,13
light cottage cheese,13
waffle shaped french fry,13
unsweetened vanilla flavored almond milk,13
fully luncheon meat e g spam,13
cannellini beans rinsed and drained,13
beef round rump roast,13
black olives pitted and,13
seafood seasoning,13
beef cube steak,13
corn and black bean salsa,13
sour apple,13
cut up chicken piece,13
french baguette cut into inch slice,13
gelatin sheet,13
frozen lobster tail,13
hunt s tomatoes drained,13
vanilla baking chip,13
vegan cheddar cheese,13
mandarin juice,13
ranch salad dressing,13
stewed tomatoes drained,13
steak style french fry,13
crab meat,13
fluid ounces brandy,13
quart buttermilk,13
vermicelli pasta,13
graham cracker tart shell,13
summer squash,13
caerphilly cheese,13
mushroom piece,13
watermelon wedge,13
morel mushroom,13
prepared lemonade,13
monosodium glutamate,13
envelopes unflavored gelatin,13
chicken flavored vegetarian seasoning,13
liquid sugar substitute,13
mushrooms coarsely,13
italian style dry bread crumb,13
quick cooking rolled oat,13
fillets cod,13
pork sirloin,13
prime rib roast,13
italian style seasoned bread crumb,13
french cut green beans drained,13
reddi wip original dairy whipped topping,13
tomato slice,13
sleeve buttery round crackers such as ritz,13
i can t believe it s not butter spray,13
quick cooking long grain and wild rice mix,13
tomato sauce mushroom,13
gochujang korean hot pepper paste,13
fillets halibut,13
tiger prawns and deveined,13
corn flakes cereal,13
ahi,13
potato gnocchi,13
chocolate wafer cooky,13
white radishe,13
kipfler potato,13
yellowfin tuna steak,13
lamb leg steak,13
soy sauce to taste,13
hazelnut butter,13
unsweetened coconut cream,13
carton sour cream,13
sugar free instant chocolate fudge pudding mix,13
fluid ounce can cola flavored carbonated beverage,13
caper berry,13
fluid ounces coffee flavored liqueur,13
quarts popped popcorn,13
blended oatmeal,13
bulk kfc original recipe seasoning copycat,13
cornflake crumb,13
gluten free cornflour,13
low fat baking mix,13
frozen broccoli thawed and drained,13
canned coconut milk,13
white vermouth,13
green beans rinsed and,13
dry fettuccini noodle,13
candied mixed fruit,13
bacardi dark rum,13
amchur,13
scotch whiskey,13
candied orange peel,13
burger,13
leaves romaine lettuce,13
processed cheese sauce,13
mccormick black pepper,13
vegetarian vegetable soup,13
zucchini lengthwise,13
fluid ounce butterscotch schnapp,13
white chocolate bark,13
pasta shape,13
buckwheat honey,13
fluid ounce pineapple juice,13
teddy grahams honey graham snack,13
squeeze lemon juice,13
cranberry vodka,13
pineapple chunks with juice,13
lime juice concentrate,13
frozen stir fry vegetable,13
peaches and pitted,13
yellow corn,13
fruit vinegar,13
chocolate cake mix with pudding,13
bottle lemon lime flavored carbonated beverage,13
yellow split pea,13
non instant vanilla pudding mix,13
wild strawberry gelatin,13
prepared pesto,13
chicken half,13
apple jelly,13
strawberries quartered,13
bison,13
pear cored and,13
catalina salad dressing,13
beef short ribs with bone,13
mini graham cracker tart crust,13
tofu sour cream,13
thompson seedless grape,13
clams drained,13
dry vegetable soup mix,13
prepared vanilla frosting,13
pearl israeli couscou,13
bottle clam juice,13
frozen puff pastry sheets thawed,13
tomato sauce with onion,13
crayfish,13
fillets swai fish,13
fluid ounces lemon juice,13
for the filling,13
coarsely parsley,13
loaf cocktail rye bread,13
fruit salsa,13
appenzeller cheese,13
canned pineapple,13
azuki bean,13
young roasting chicken,13
all purpose flour for dredging,13
cake compressed yeast,13
reynolds wrap non stick aluminum foil,12
sprigs cilantro for garnish,12
chile salsa,12
i can t believe it s not butter fat free,12
italian seasoning to taste,12
young ginger root,12
fat free ham,12
lamb bone,12
arrowroot flour,12
spinach rinsed,12
tomatillos husked and,12
wedge lime,12
hickory flavored liquid smoke,12
pickle relish,12
heads bok choy,12
robin hood oat,12
crispy rice cereal square,12
green grape,12
kraft processed cheese slice,12
merlot wine,12
liters lemon lime flavored carbonated beverage,12
low sodium ham,12
converted long grain white rice,12
great northern beans undrained,12
vanilla ice cream softened,12
pork sausage link,12
steak sauce such as a,12
fluid ounces beer,12
caramel topping,12
corned beef brisket with spice packet,12
angel food cake mix,12
amaretti cookie crumb,12
tomato salsa,12
head leaf lettuce,12
apple ring,12
hungarian sweet paprika,12
eggplant cut into inch cube,12
tomato based chili sauce,12
dolcelatte,12
crispy rice cereal squares such as rice chex,12
nonfat parmesan cheese,12
orange juiced and zested,12
scotch bonnet chile pepper,12
tomatoes with garlic and olive oil,12
lite silken tofu,12
tomatoes with green pepper celery and onion,12
quart vegetable oil for deep frying,12
sofrito,12
orange slice,12
low fat cinnamon graham cracker,12
mashed butternut squash,12
fat free sugar free instant pistachio pudding mix,12
cilantro leaves for garnish,12
marshmallow peep,12
handful hickory,12
grapefruit juice concentrate,12
bag cranberry,12
deli turkey meat,12
wild duck,12
reduced sodium tomato sauce,12
scoop vanilla protein powder,12
breadcrumb,12
gravy,12
fat free sugar free instant butterscotch pudding mix,12
extra tofu drained and,12
yeast granule,12
envelope taco seasoning mix,12
hillshire farm smoked sausage diagonally cut into inch slice,12
instant garlic mashed potato,12
lamb breast,12
maple extract,12
tomato sauce with basil garlic and oregano,12
cashew nuts paste,12
canadian bacon,12
irish cream liqueur such as bailey,12
pork stew meat,12
sun tomato puree,12
fruit,12
vegetarian hot dog,12
seeded cucumber,12
peach preserve,12
apricots pitted and,12
dry taco seasoning mix,12
brine,12
red kidney beans drained and rinsed,12
red baking apple,12
sour cream for garnish,12
leftover mashed potato,12
black walnut extract,12
hot chile paste such as sambal oelek,12
regular long grain white rice,12
refrigerated sugar cookie dough,12
double crust ready to use pie crust,12
white lily self rising flour,12
refrigerated cheese tortellini,12
sauerkraut with juice,12
inch fat free flour tortilla,12
hatch chile pepper,12
fillet of sole,12
fat free monterey jack cheese,12
orecchiette pasta,12
dry hot mustard,12
hormel mary kitchen corned beef hash,12
balsamic vinaigrette,12
blue cheese crumble,12
quart half and half cream,12
candy cane,12
vegetarian sausage link,12
kosher salt and freshly black pepper,12
salted cashew piece,12
tomatoes in juice,12
mushrooms drained and,12
sprigs basil,12
yellow chile,12
dry cashew,12
white truffle oil,12
tangerine juice concentrate,12
hot spiced cider mix,12
lite evaporated milk,12
black eyed peas with jalapeno,12
apples and,12
condensed chicken gumbo soup,12
limes cut into wedge,12
canning jars with lids and ring,12
agave syrup,12
quarts milk,12
calabaza squash,12
bulk mild italian sausage,12
pomegranate and seeds separated,12
reduced sodium beef broth,12
wheat gluten flour,12
five spice seasoning,12
rice milk,12
purple seedless grape,12
liquid shortening,12
skim milk buttermilk,12
tofu crumble,12
wattleseed,12
dates pitted,12
fruit preserves any flavor,12
garlic and herb seasoning blend such as mrs dash,12
lamb stock cube,12
quick cooking white rice,12
tomato pasta sauce,12
french dressing,12
rosamarina pasta,12
mushroom stems and piece,12
flavored sugar or splenda,12
white minute rice,12
full cream milk,12
sweet onions such as vidalia,12
fine herb,12
coarse sea salt to taste,12
brown and wild rice mix,12
colored candy sprinkle,12
vegan chicken,12
garlic sprout,12
alfredo style pasta sauce,12
chipotle pepper in adobo sauce,12
fruit cocktail,12
beef schnitzel,12
italian herb,12
nonfat vanilla soymilk,12
bottle red wine,12
loaf white bread,12
low fat graham cracker crumb,12
low fat biscuit mix,12
pitted cherry,11
venison stew meat,11
individually wrapped caramel,11
aunt jane s krazy mixed up salt,11
sprig cilantro,11
reduced fat extra sharp cheddar cheese,11
zucchini with italian style tomato sauce,11
brown gravy mix,11
dry brown lentil,11
udon noodle,11
avocado mashed,11
canned whole cranberry sauce,11
orange into round,11
bel paese cheese,11
head white cabbage,11
spaghetti broken into piece,11
new york strip steak,11
loaf processed cheese food,11
unsweetened grapefruit juice,11
lemon grass root,11
pumpkin pie filling,11
irish potato,11
dry great northern bean,11
white bread cube,11
powdered buttermilk,11
dark beer,11
castor sugar,11
links sweet italian sausage,11
tempeh bacon,11
fluid ounce sweet and sour mix,11
bone in chicken thighs with skin,11
inch slices french bread,11
chives for garnish,11
head of celery,11
all beef hot dog,11
apricot puree,11
heads romaine lettuce,11
hominy drained,11
sugar free instant pistachio pudding,11
chipotle chile in adobo sauce,11
red currant jam,11
bananas and lengthwise,11
lavender flower,11
heirloom tomato,11
bottle champagne,11
chilled unsalted butter,11
pickling vinegar,11
bow tie pasta farfalle,11
coarse salt to taste,11
onion bagel,11
campbell s condensed cream of mushroom soup regular fat free,11
green beans washed and,11
oyster cracker,11
salt plus more to taste,11
wedges lime,11
alfredo sauce with parmesan cheese,11
ranch style pinto bean,11
habanero chile,11
sauerkraut drained and rinsed,11
flank steak cut into strip,11
hulled strawberry,11
half and half or whole milk,11
comino,11
sheets nori dry seaweed,11
zucchini end,11
canned chipotle peppers in adobo sauce,11
candied pineapple,11
leaves kale,11
button mushrooms quartered,11
zesty italian dressing,11
framboise eau de vie,11
strawberry banana gelatin,11
rusk,11
lowfat buttermilk,11
powdered chocolate drink mix,11
beef frankfurter,11
custard powder,11
head napa cabbage,11
nu salt,11
dry garbanzo bean,11
vegetable marrow,11
fluid ounce can frozen limeade concentrate,11
caesar salad dressing,11
cool water,11
apple and,11
tomatoes with basil,11
semisweet chocolate chips melted,11
shrimp in shell,11
crabmeat drained,11
lemon into round,11
gallon apple cider,11
soho lychee liqueur,11
sirloin steak,11
vanilla fat free yogurt,11
piloncillo cone,11
italian dressing,11
vegetarian burger crumble,11
wheat hamburger bun,11
fluid ounces irish cream liqueur,11
emeril lagasse s essence,11
pinto beans undrained,11
corn chips such as frito,11
sheets frozen puff pastry thawed,11
head cauliflower into bite size piece,11
butter cake mix,11
coating,11
turkey fat,11
inch piece ginger root,11
nasturtium petal,11
sweet peas drained,11
crumbled cornbread,11
salsify,11
self rising cake flour,11
fluid ounces vanilla flavored vodka,11
anchovy filet,11
sweet vermouth,11
compressed yeast,11
venison roast,11
unsweetened coconut flake,11
cookies cream ice cream,11
clam chowder,11
leaves sage,11
mahleb,11
grapefruit zest of,11
cinnamon ice cream,11
quart vanilla ice cream softened,11
parsnips and cut into inch piece,11
super fine sugar,11
nacho flavor tortilla chip,11
hot italian sausage link,11
lite tofu,11
fire tomatoes with juice,11
ranch dressing mix such as hidden valley ranch,11
apricot marmalade,11
red gelatin,11
gluten free all purpose flour,11
mizuna,11
fluid ounce jigger coffee flavored liqueur,11
chile de arbol pepper,11
prune butter,11
matchstick cut carrot,11
head cabbage cored and cut into wedge,11
vegetarian cheddar cheese,11
whipped topping such as cool whip,11
pasti,11
mott s applesauce,11
eggs whisked,11
peach ice cream,11
monosodium glutamate such as ac cent,11
chickpeas rinsed and drained,11
pickle,11
vindaloo curry paste,11
onion juice,11
heather honey,11
mushroom liquid,11
vegetarian beef strip,11
condensed cream of broccoli soup,11
ear corn,11
sun tomato pesto,11
gallon whole milk,11
wine cured sauerkraut,11
hi gluten flour,11
fluid ounce can fat free evaporated milk,11
kittencal s no fail buttery flaky pie pastry crust,11
white truffle,11
for the dough,11
dry fajita seasoning,11
fluid ounce coconut flavored rum,11
cake tofu,11
freshly cracked black pepper to taste,11
head romaine lettuce rinsed and,11
box yellow cake mix,11
strong brewed coffee room temperature,11
side bacon,11
assorted herb,11
cooky,11
loaves frozen bread dough thawed,11
white grapefruit,11
half cream,11
loaf french bread cut into inch slice,11
inch square wonton wrapper,11
lettuce head,11
links italian sausage,11
seeded and cucumber,11
lemon quartered,11
bitter,11
rum extract,11
pint half and half cream,11
cane sugar,11
farro,11
cold brewed coffee,11
frozen shoestring french fry,11
head cabbage cored and coarsely,11
honey cashew,11
low fat tortilla chip,11
chinese celery,11
cold heavy whipping cream,11
yam,10
oil sun tomatoes drained and,10
splash lime juice,10
walnut liqueur,10
and chicken,10
corn flake cereal,10
fruit flavored gelatin,10
lime quartered,10
bottle chili sauce,10
bag tortilla chip,10
won ton wrapper,10
frozen petite peas thawed,10
parmesan,10
creole style seasoning,10
frozen meatball,10
and deveined shrimp per pound,10
great northern beans drained,10
head cauliflower cut into bite size piece,10
mint syrup,10
mandarin orange piece,10
tamarind extract,10
olive oil for brushing,10
frozen coconut milk,10
powdered oregano,10
chicken breast tender,10
quince paste,10
fluid ounces champagne,10
zucchini into round,10
tamarind,10
nasturtium leaf,10
fluid ounce cointreau,10
unsweetened berry,10
pork back rib,10
parmesan asiago and romano cheese blend,10
chili powder to taste,10
dry bread cube,10
red beans drained and rinsed,10
canned green chile pepper,10
pastry for a inch pie crust,10
wheat rotini pasta,10
beets drained,10
back pork rib,10
whole wheat bread,10
garlic granule,10
fillets red snapper,10
orange segment,10
chicken feet,10
smoked turkey leg,10
tamarillo,10
stone white cornmeal,10
pineapple preserve,10
kittencal s taco seasoning mix,10
soy powder,10
basil olive oil,10
quartered artichoke hearts drained,10
fluid ounce container beef broth,10
pickled garlic,10
chestnut,10
fluid ounce orange liqueur,10
white bread crust,10
cucuzza,10
pea tendril,10
desired pasta,10
tahini sesame butter,10
rub,10
instant oatmeal,10
loaf french bread lengthwise,10
veal broth,10
papaya seed,10
irish whiskey,10
mixed herb,10
green cardamom powder,10
lychee juice,10
broccoli cut into floret,10
zucchini lengthwise and,10
kikkoman panko bread crumb,10
jonagold apple,10
pork breakfast sausage,10
matzo cake meal,10
processed cheese with jalapeno pepper,10
condensed new england clam chowder,10
sweet red pepper,10
bulk spicy pork sausage,10
red and green candied cherry,10
process cheese sauce,10
hot fudge topping,10
mini pretzel,10
and whole crawfish tail,10
olives drained,10
tomatoes cut into chunk,10
wensleydale cheese,10
and butternut squash,10
canned cranberry sauce,10
vegetable margarine,10
reduced sodium ham,10
dry ingredient,10
bread machine quick acting active dry yeast,10
pepper vinegar,10
reduced calorie cranberry juice cocktail,10
nanami togarashi,10
lemon flavored jell o,10
miniature chocolate covered peanut butter cup,10
bran flakes cereal,10
zatarain s jambalaya mix,10
shiro miso,10
bananas broken into chunk,10
jalapeno chilie,10
tuna salad,10
red bean,10
fluid ounce blue curacao,10
fluid ounce banana liqueur,10
chile garlic sauce,10
food coloring,10
cape gooseberry,10
dry lentils rinsed,10
dill pickle spear,10
maraschino cherries and juice,10
navy beans rinsed and drained,10
seeded and tomato,10
haldi powder,10
paula deen s house seasoning mix,10
gallon milk,10
golden sultana raisin,10
blueberry gelatin,10
to taste salt and pepper to taste,10
heavy whipping cream whipped,10
orange juice concentrate,10
sorrel leaf,10
cherries pitted and,10
mango nectar,10
japanese sake,10
frankfurter,10
bulbs garlic,10
lamb shoulder cut into inch piece,10
breast milk,10
tub frozen whipped topping thawed,10
and tomatoes drained,10
jarred red pepper,10
bottle ranch style salad dressing,10
lemon marmalade,10
hard shelled clam,10
classico alfredo with sun tomato,10
pancake,10
freshly orange zest,10
crazy salt,10
pickled caper,10
chanterelle mushroom,10
jarlsberg cheese,10
bud light beer,10
whole pumpkin seed,10
spinach rinsed and torn into bite size piece,10
white bread cut into cube,10
unsweetened apple juice,10
whole wheat spaghetti,10
non instant chocolate pudding mix,10
classico tomato and basil sauce,10
anaheim pepper,10
marinated artichoke hearts drained,10
oat cereal,10
lemon curd,10
no yolks extra broad noodle,10
ras el hanout moroccan spice mix,10
cracked wheat,10
diamond crystal kosher salt,10
leeks white and pale green parts only,10
wax beans drained,10
savoiardi cooky,10
quarts vegetable broth,10
soy protein isolate,10
sunflower margarine,10
red date,10
cinnamon to taste,10
lemons zested and juiced,10
borage,10
sandwich bread,10
metaxa brandy,10
fat pork,10
sugar free instant lemon pudding,10
prepared pesto sauce,10
leaves basil leaf,10
wooden stick,10
decoration,10
fluid ounce jigger irish cream liqueur,10
green beans and,10
frozen crab,10
ladyfinger cooky,10
mangoes in syrup,10
brussels sprouts and lengthwise,10
frozen potato and onion pierogy,10
baker s yeast,10
carrot food,10
flaxseed,10
crumb topping,10
dry fettuccini pasta,10
fluid ounce tequila,10
biscuit baking mix such as bisquick,10
elderberry flower,10
chai tea bag,10
cajun seasoning blend such as tony chachere s,10
cheddar and colby cheese,10
artichoke hearts in water drained,10
extra shrimp,10
crisp bacon,10
crabmeat flaked,10
bag coleslaw mix,10
orange zested and juiced,10
beef top round,10
broccoli sprout,10
fluid ounces whiskey,10
gallons water,10
dry egg noodle,10
frozen mixed peas and carrot,10
fat ricotta cheese,10
loquat,10
cabrales cheese,10
spinach torn,10
cinnamon chip,10
log goat cheese,10
fluid ounce triple sec liqueur,10
coarsely carrot,10
spiced rum,10
inch tortilla,10
strawberry yogurt,10
bittersweet chocolate chip,10
rava,10
herb stuffing cube,10
reduced fat jarlsberg cheese,10
nutmeg to taste,10
kale stems removed and leaves coarsely,10
rice vermicelli,10
envelope onion soup mix,10
baker s german s chocolate,10
lime into round,10
chickpeas drained,10
chocolate sprinkle,10
bunches cilantro,10
red quinoa,10
whole grain english muffin,10
sugar free fat free french vanilla pudding and pie filling mix,10
loaf processed cheese,10
pint raspberry,10
italian style tomatoes undrained,10
hazelnut liqueur,10
bulbs shallot,10
potato flake,10
chorizo,10
wet ingredient,10
feijoa,10
salted cashew half,10
beef rib eye steak,10
pandan extract,9
center cut salmon fillet,9
boston pork roast,9
black bean sauce,9
granny smith apples and,9
white frosting,9
mozzarella,9
za atar,9
crumbled sage,9
cheesecake,9
wheel brie cheese,9
nopalito,9
light red kidney beans drained and rinsed,9
stuffing,9
stewed tomatoes with liquid,9
tahini sesame seed paste,9
unbaked pizza crust,9
passion fruit liqueur,9
peanut sauce,9
head cauliflower separated into floret,9
prepared pumpkin,9
shiitake mushrooms stemmed and,9
tostada shell,9
mexican style cheese,9
sage pork sausage,9
roll,9
quick mixing flour such as wondra,9
bottle dry white wine,9
grain mustard,9
kikkoman teriyaki marinade sauce,9
meaty ham bone,9
stir fry,9
kimchi,9
purple sweet potato,9
fluid ounce jigger triple sec,9
low sodium stewed tomato,9
instant tapioca pudding mix,9
crisply bacon,9
pumpkin pie,9
fluid ounce peppermint schnapp,9
roma plum tomatoes quartered,9
strips celery,9
chickpeas garbanzo bean,9
kluski noodle,9
oregano to taste,9
cannellini beans drained,9
pineapple sage,9
open pit barbecue sauce,9
vegetarian chicken substitute,9
torn spinach,9
sumac powder,9
white miso paste,9
great northern beans drained and rinsed,9
orange in round,9
cold strong brewed coffee,9
millet flour,9
frozen pearl onion,9
cacao powder,9
marinated artichoke hearts drained and quartered,9
salt free herb seasoning blend,9
grapefruit and sectioned,9
red curry powder,9
butter or margarine,9
and sweet potato,9
preserved turnip,9
vegetable shortening such as crisco,9
pineapple in syrup,9
plain non fat yogurt,9
plum tomatoes with liquid,9
torn spinach leaf,9
coarsely black pepper to taste,9
gebhardt reg chili powder,9
garbanzo beans chickpeas rinsed and drained,9
frozen cheese ravioli,9
powdered alum,9
tamari sauce,9
sirloin tip,9
pretzel twist,9
red onion strip,9
tomato and clam juice cocktail,9
tomato vegetable juice cocktail such as v,9
grape gelatin,9
tomatoes drained and,9
unsweetened cocoa powder for dusting,9
orange flavored drink mix e g tang,9
slices tomato,9
herring in wine sauce,9
mashed strawberry,9
browning sauce such as kitchen bouquet,9
cilantro coarsely,9
water plus more as needed,9
whole wheat self rising flour,9
whole grain bread,9
sour cream room temperature,9
peking duck,9
ball,9
idahoan signature russets mashed potato,9
coconut pudding mix,9
robin hood all purpose flour,9
banana cut in chunk,9
banana pulp,9
box barilla gluten free penne,9
mashed overripe banana,9
bottles barbeque sauce,9
pork neck bone,9
spice rub,9
hard salami,9
sake japanese rice wine,9
panko japanese bread crumb,9
bleu cheese spread,9
crumbled reduced fat feta cheese,9
stone corn grit,9
preserved radish,9
new red potato,9
refried black bean,9
black and red pepper blend,9
tomatoes with garlic,9
hot dry mustard,9
black forest ham,9
tubetti pasta,9
scallions green onion,9
low fat graham cracker crust,9
white american cheese,9
chocolate wafer,9
margarita mix,9
applewood smoked bacon,9
low carb milk,9
frozen broccoli florets thawed,9
turkey leg,9
juice of lime,9
bratwurst sausage,9
liter ginger ale,9
sloppy joe sauce,9
chinese rice wine,9
sour cream substitute,9
bamboo toothpick,9
red cooking wine,9
salt as needed,9
all beef wiener,9
currant juice,9
fluid ounce vanilla flavored vodka,9
pitted sour cherry,9
onion and garlic crouton,9
wedge brie cheese,9
lemon flavored gelatin mix such as jell o,9
lowfat cream cheese,9
malted milk powder,9
pink kidney bean,9
vegetable oil cooking spray,9
hazelnut flavored coffee,9
ro tel mexican festival tomato,9
regular basil,9
peppered bacon,9
frozen meatballs thawed,9
red new potato,9
carton beef stock,9
jell o instant pistachio pudding mix,9
queso sauce,9
pint strawberries hulled and,9
filet mignon steak,9
maraschino cherry for garnish,9
strawberry cake mix,9
salted herring,9
dry red lentil,9
simple honey mustard salad dressing,9
tiny pinch salt,9
sweetened cranberries such as ocean spray craisin,9
fluid ounce orange flavored liqueur such as cointreau,9
brewed espresso,9
squares semi sweet chocolate,9
skin on salmon fillet,9
partridge,9
instant sugar free vanilla pudding mix,9
fluid ounce triple sec orange flavored liqueur,9
fluid ounces bourbon whiskey,9
banana cream pudding and pie filling mix,9
pillsbury refrigerated crescent dinner roll,9
yellow squash cut into inch slice,9
fluid ounce container vegetable broth,9
pork filet,9
orange and segmented,9
fennel head,9
prepared alfredo sauce,9
frozen petite pea,9
dry couscou,9
brussels sprouts and cut in half,9
bottle italian salad dressing,9
green chiles undrained,9
black currant jam,9
avocado pitted and,9
beef tip roast,9
hunt s tomatoes undrained,9
black tea bag,9
anejo cheese,9
stevia in the,9
mediterranean oregano,9
chipotle chili pepper,9
orange and,9
low fat quark cheese,9
stone cornmeal,9
ham cut into strip,9
gallon vanilla ice cream softened,9
all purpose dinner crepes batter,9
beau monde seasoning,9
prepared pizza dough,9
frozen green peas thawed and drained,9
pepper sauce such as frank s red hot,9
pickled ginger,9
sea scallops rinsed and drained,9
skinned split black lentils urad dal,9
apple without peel,9
fluid ounces ginger ale,9
canned lychee,9
chickpea flour besan,9
mild red onion,9
crisp red apple,9
rutabagas and,9
beef kielbasa,9
sprigs oregano,9
bite size broccoli floret,9
tomatoes with seasoning,9
herb flavored vinegar,9
chinese barbecue sauce,9
sichuan peppercorn,9
shortening chilled,9
cantal cheese,9
umeboshi plum paste,9
polyunsaturated margarine,9
smoked turkey,9
hummu,9
quart vanilla ice cream,9
salad oil,9
nutrasweet,9
reduced fat vanilla ice cream,9
no sugar added tomato sauce,9
barbeque sauce such as sweet ray s,9
chocolate cool whip,9
havarti with dill,9
condensed cream of shrimp soup,9
candied mixed citrus peel,9
cold rice,9
prepared pizza crust,9
pork top loin,9
root beer,9
turkey polish kielbasa,9
instant tapioca,9
italian tomatoes with juice,9
proof vodka,9
spears asparagus and cut into inch piece,9
fully bone in ham,9
vegan egg substitute,9
salted cod fish,9
sugar free instant banana pudding mix,9
quorn mince,9
macintosh apple,9
morningstar farms griller,9
cashew nut,9
white bread crusts removed,9
whole potato,8
wheat germ oil,8
fat free flour tortilla,8
water more if needed,8
spaghetti and drained,8
ball park hamburger bun,8
matcha green tea powder,8
sweet and sour mix,8
lemon lime soda,8
horseradish sauce,8
granulated artificial sweetener,8
goya adobo with pepper to taste,8
milk warmed,8
dry ranch dressing mix,8
musselman s apple butter,8
hillshire farm smoked sausage,8
quartered cherry tomato,8
frozen potato round,8
ras el hanout spice blend,8
canned asparagu,8
kale stems removed and leaf,8
grape juice,8
orzo,8
white chocolate piece,8
black currant liqueur,8
lamb mince,8
zucchini quartered and,8
white confectioners coating,8
campbell s condensed cream of mushroom soup regular,8
truffle oil,8
duck confit,8
navel orange zest of,8
beef soup bone,8
pyure all purpose stevia blend,8
tartar sauce,8
cheese flavored crackers such as cheez it,8
bottle ginger ale chilled,8
ready to serve custard,8
low fat chocolate ice cream,8
macaroni pasta,8
gorgonzola dolce blue cheese,8
canned green chile,8
zucchini inch,8
slices ham,8
rabbit joint,8
freshly asiago cheese,8
pomegranate concentrate,8
candied ginger,8
sweetened coconut flake,8
cheddar and american blend cheese,8
cinnamon for garnish,8
asian chile pepper sauce,8
old mill oat,8
pie crust pastry,8
bottle zesty italian dressing,8
refrigerated crescent dinner roll,8
asiago parmesan cheese,8
fat free refried bean,8
veal escalope,8
yellow summer squash,8
chilled heavy cream,8
gold tequila,8
hidden valley original ranch salad dressing seasoning mix,8
panko crumb,8
lime marmalade,8
coarse grained prepared mustard,8
tahini paste,8
tofu drained,8
apples and cored,8
brown sugar firmly,8
graham cracker square,8
masa dough,8
quarts beef stock,8
muffin,8
head cabbage quartered,8
muscadine grape,8
ancho chile,8
sprig dill,8
shucked oyster,8
jell o chocolate fudge flavor pudding and pie filling,8
marzetti s old fashioned caramel dip,8
sweetbread,8
cored and pear,8
walnut meal,8
linguica sausage,8
whipped cream for garnish,8
philadelphia chocolate brick cream cheese softened,8
whole green chili,8
prepared inch single pie crust,8
tzatziki sauce,8
bag mixed salad green,8
pasta roni,8
prepared tapioca,8
spanish paprika,8
bone in skin on chicken thigh,8
red cabbage head,8
orange brandy,8
and deveined prawn,8
hot cocoa mix,8
leaves spinach,8
non hydrogenated vegan margarine,8
tomato sauce with herb,8
buttermilk room temperature,8
bottle white wine,8
tiny shrimp,8
untreated cedar plank,8
cilantro salsa,8
tomato tortilla,8
jell o vanilla flavor instant pudding,8
sweet mango,8
bresaola,8
chutney,8
beef tongue,8
dry pectin,8
oranges zested and juiced,8
raspberry vinaigrette,8
all purpose baking mix such as bisquick,8
cheese filled tortellini,8
hemp seed,8
sugar free fat free instant pudding mix,8
canned kidney beans drained,8
dry jasmine rice,8
apples cored and with peel,8
unpeeled red potato,8
chipotle pepper powder,8
caramel swirl ice cream,8
wheat berry,8
bars chocolate covered english toffee,8
dry pancake mix,8
vanilla low fat yogurt,8
mushrooms with liquid,8
strawberry extract,8
seeded and butternut squash,8
pork steak,8
vanilla bean split and scraped,8
brewers yeast,8
snipped chive,8
mango ice cream,8
clementine zest,8
canola oil cooking spray,8
sun cranberry,8
dannon oikos plain greek nonfat yogurt,8
lasagna pasta,8
virgin coconut oil,8
greek style yogurt,8
granular no calorie sucralose sweetener e g splenda,8
bone in pork shoulder roast,8
zucchini cut into inch round,8
loaf italian bread cut into inch cube,8
canada dry ginger ale,8
canned black beans drained,8
non fat tortilla chip,8
tomatoes with garlic and onion,8
fluid ounce jigger tequila,8
parrot bay coconut rum,8
emmentaler cheese,8
another sweetener,8
instant potato flake,8
enoki mushroom,8
instant powdered milk,8
canned mushrooms drained,8
winter melon,8
vanilla greek yogurt,8
chai concentrate,8
and cucumber,8
extra turkey breast,8
lemon flavored ice tea mix,8
satsuma orange,8
campbell s condensed cream of mushroom soup,8
for the topping,8
tomato base barbecue sauce,8
aromatic bitter,8
light beer,8
envelope instant hot chocolate mix,8
cherry flavored jell o mix,8
corn chowder,8
chocolate graham cracker square,8
spring roll wrapper,8
low fat monterey jack and colby cheese,8
mung bean sprout,8
pitted and green olive,8
cornmeal for dusting,8
german chocolate bar,8
minute success rice,8
prepared pasta sauce,8
apricot chutney,8
shelled pistachio nut,8
powdered jaggery,8
refrigerated flaky biscuit dough,8
faux maple sugar,8
sprig basil,8
fat free italian style dressing,8
purple bell pepper,8
pastry for a inch single crust pie,8
frozen limeade concentrate thawed,8
head romaine lettuce torn,8
taco,8
heavy sweet cream,8
young carrot,8
bananas lengthwise,8
beef chuck steak,8
mozzarella provolone cheese blend,8
low sodium tuna in water,8
pints cherry tomato,8
cornflakes cereal crumb,8
frozen banana cut into chunk,8
fluid ounce container chicken broth,8
lime slice,8
prepared coleslaw,8
mott s original applesauce,8
pineapple slice,8
sweet corn kernel,8
keen s dry mustard,8
lite soy sauce,8
chili flavored olive oil,8
bean sprouts drained,8
plum puree,8
fluid ounces amaretto liqueur,8
bratwurst,8
cucumber slice,8
dry au jus mix,8
pint canning jars with lids and ring,8
prawn,8
round tip roast,8
hot green chile pepper,8
mangoes and,8
white chocolate wafer,8
spinach stems removed,8
split bengal gram chana dal,8
fluid ounce creme de cacao,8
unsweetened gelatin,8
kosher salt and pepper to taste,8
baker s special dry milk,8
sprigs dill weed,8
bag broccoli floret,8
barley miso,8
spaghetti broken into inch piece,8
irish moss,8
loosely cilantro leaf,8
ginger cube,8
fat free crouton,8
envelopes whipped topping mix,8
powdered x sugar,8
box couscou,8
low fat graham cracker pie crust,8
reduced fat graham cracker crumb,8
light whipping cream,8
cherries pitted,8
garbanzo beans drained liquid reserved,8
blue potato,8
head broccoli cut into bite size piece,8
pint ricotta cheese,8
swanson unsalted chicken broth,8
caperberry,8
frozen pineapple juice concentrate,8
chicken breast cutlet,8
instant mocha flavored coffee powder,8
nature valley oats and honey crunchy granola bar,8
chicken bouillon such as knorr,8
meatless spaghetti sauce,8
tangerine zest of,8
fluid ounce coconut rum,8
pint half and half,8
egg wash,8
hyssop,8
spaghettini,8
loaf italian bread cut into inch slice,8
ears sweet corn,8
cocktail rye bread,8
oranges into round,8
angostura bitter,8
unpeeled potato,8
artificial vanilla flavoring,8
spicy tomato salsa,8
cocoa nib,8
french salad dressing,8
fluid ounces half and half,8
sprig curry leaf,8
pineapple vodka,8
cheddar cheese powder,8
shrimp bouillon cube,8
racks smithfield extra tender pork back ribs membrane removed,8
fluid ounce melon liqueur,8
fluid ounces carbonated water,8
beef tri tip roast,8
peanut butter cup,8
fluid ounces grapefruit juice,8
vegetarian instant vanilla pudding mix,8
sourdough english muffin,8
turkey dripping,8
coarse salt and black pepper to taste,8
lime powder,8
limburger cheese,8
garlic basil spread see footnote for recipe link,8
bulk taco seasoning mix,8
squares semisweet chocolate melted,8
bow tie farfalle pasta,8
white sugar to taste,8
skim milk yogurt,8
mini phyllo tart shell,8
paneer,8
mint leaves for garnish,8
zest from lemon,8
cherry flavored jell o,8
prepared mincemeat pie filling,8
jamaican jerk seasoning,8
chocolate sauce,8
contadina tomato,8
starkist tuna,8
shelled pumpkin seed,8
mixed frozen berry,8
sriracha chile sauce,8
mango salsa,8
german chocolate cake mix with pudding,8
frozen avocado dip,8
leeks white part only,8
sandwich bun,8
watermelon vodka,8
sweet rice flour,8
vegetarian sausage patty,8
splash vanilla extract,8
cold water to cover,8
simply potatoes hash brown,8
beef tenderloin filet,8
head cabbage cut into wedge,8
crisco vegetable oil,8
red decorator sugar,8
sugar free peach gelatin mix,8
low sodium chicken stock,8
gluten free rolled oat,8
blue corn tortilla,8
biscuit,8
canned cannellini,8
fillets tilapia fillet,8
sweetened condensed milk such as eagle brand,8
garbanzo beans chickpeas drained,7
cracked black peppercorn,7
low fat ice cream,7
croissants split,7
truvia sweetener spoonable,7
sunflower oil,7
clamato tomato cocktail,7
quarts beef broth,7
prepared inch pie crust,7
frozen french cut green bean,7
butternut squash cube,7
orange sectioned and cut into bite size,7
basket cherry tomato,7
limes juice and rind of,7
cheese curd,7
crispy bacon,7
hot water as needed,7
candied lemon peel,7
watermelon chunk,7
mirin japanese sweet rice wine,7
banana liqueur,7
herman sourdough starter,7
white beans rinsed and drained,7
fillets sole,7
chile oil,7
very banana mashed,7
prosciutto cut into strip,7
streusel,7
carton low sodium chicken broth,7
box jumbo pasta shell,7
fluid ounce sour apple schnapp,7
stick unsalted butter,7
delicata squash lengthwise and seeded,7
vanilla powder,7
fluid ounce can frozen orange juice concentrate thawed,7
banana frozen and chunked,7
crenshaw melon,7
bottle ranch dressing,7
fluid ounce jigger irish whiskey,7
cucumbers seeded and,7
streusel topping,7
heinz worcestershire sauce,7
dessert pear,7
fluid ounces white wine,7
carton cottage cheese,7
greek seasoning such as cavender s,7
velveeta cheese slice,7
tomatoes juice reserved,7
tomatoes pureed,7
chili beans in spicy sauce,7
no salt added black beans drained and rinsed,7
hickory flavored barbeque sauce,7
catfish fillets cut into inch piece,7
hot red pepper sauce,7
liters ginger ale,7
envelope tablespoon unflavored gelatin,7
muskmelon,7
quartered strawberry,7
sriracha hot chili sauce,7
bottom layer,7
sprigs thyme leaves stripped,7
tortellini pasta,7
onion slice,7
fluid ounces lime juice,7
fat free ranch dressing,7
hot chili oil,7
fluid ounces tomato juice,7
sugar water,7
grenadine,7
frozen blueberries thawed,7
head red cabbage cored and,7
swans down cake flour,7
chipotle chiles in adobo sauce,7
strawberry jelly,7
frozen italian style meatball,7
orange pekoe tea bag,7
tater tot,7
crumbled queso fresco cheese,7
wheat couscou,7
sea salt and pepper to taste,7
frozen lemon juice,7
burrata cheese,7
wheat penne pasta,7
mccormick nutmeg,7
veal cutlet,7
strawberry glaze,7
gluten free flour,7
envelope fleischmann s rapidrise yeast,7
eggshell,7
warm water to degrees f,7
soda cracker,7
beef base,7
grape leaves drained and rinsed,7
eggplants lengthwise,7
asparagus drained,7
ham fat,7
jamon serrano,7
vegetarian meatball,7
blanched almond flour,7
arbol chili powder,7
vinegar based hot pepper sauce,7
melt buttery spread,7
vanilla flavored confectioners coating,7
cannellini beans with liquid,7
fat free chocolate flavor instant pudding and pie mix,7
vegan brown sugar,7
canned black beans rinsed and drained,7
fluid ounce jigger gin,7
dry unsalted peanut,7
rabbit cleaned and cut into piece,7
lemonade,7
capers drained and rinsed,7
prawns and deveined,7
lime flavored gelatin mix such as jell o,7
extra onion,7
quick cooking pearl barley,7
fluid ounce cans beer,7
cream cheese such as philadelphia,7
grapefruit juice of,7
amaretto di saronno liqueur,7
light boursin cheese,7
lentil sprout,7
enriched rice,7
soba noodle,7
tofu crumbled,7
sprinkle,7
wesson vegetable oil,7
marshmallow fluff,7
lemon pie filling,7
durian,7
low carb barbecue sauce,7
mint extract,7
french potato,7
bean thread vermicelli,7
vanilla flavored almond milk,7
bottles clam juice,7
hulled pumpkin seed,7
reduced fat alfredo sauce,7
red jalapeno pepper,7
spice islands fine grind black pepper,7
artichoke hearts in water,7
sugar pumpkin seeded and,7
mori nu extra lite tofu,7
low fat silken tofu,7
prepared inch pastry shell and cooled,7
mild soy sauce,7
yellow,7
cherry preserve,7
yam and,7
tomatoes with green chilies undrained,7
reduced fat peanut butter,7
plain whole milk yogurt,7
deli turkey,7
grape tomatoes quartered,7
unsweetened pineapple slice,7
fleischmann s margarine,7
dekuyper triple sec,7
corn bread mix such as jiffy,7
fluid ounces white rum,7
round steak cut into piece,7
pepperidge farm herb seasoned stuffing,7
scamorza cheese,7
queso asadero white mexican cheese,7
featherweight baking powder,7
head green cabbage cored and,7
dry italian salad dressing mix such as good season,7
fluid ounce proof rum,7
box raisin,7
cold white rice,7
buckwheat flake,7
orange liqueur such as grand marnier,7
cake mix with candy bits such as pillsbury funfetti,7
green tomatoes inch,7
wheat cracker,7
grain bread,7
low fat cultured buttermilk,7
citric acid powder,7
chicken drumette,7
manicotti pasta,7
crawfish fat,7
kittencal s italian melt in your mouth meatball,7
long grain minute rice,7
dry spaghetti,7
brown lentils rinsed and drained,7
peach pitted and,7
chocolate hazelnut spread,7
hemp seed heart,7
turbinado sugar such as sugar in the,7
andouille sausage link,7
lamb roast,7
low fat turkey kielbasa,7
ocean spray whole cranberry sauce,7
onion soup mix,7
mango pitted and,7
smoked cod,7
cheesecloth,7
banana extract,7
brazil nut,7
white cardamom pod,7
prepared garlic in oil,7
sugar free strawberry banana flavor gelatin,7
quart beef broth,7
prepared graham cracker pie crust,7
oranges juice and rind of,7
maple cured bacon,7
milk ricotta cheese,7
pitted and peache,7
kielbasa polish sausage,7
vegetarian chicken stock,7
alize red passion liqueur,7
beef with onion soup mix,7
bread and butter pickle juice,7
vegetarian breakfast sausage patty,7
swanson unsalted chicken stock,7
beef dripping,7
pitted medjool date,7
light monterey jack cheese,7
rotel chili fixins tomato,7
pastry for a double crust inch pie,7
any color food coloring,7
brewed black tea,7
sashimi grade tuna,7
ragu old world style traditional pasta sauce,7
dry crab boil,7
prepared barbecue sauce,7
green apple vodka,7
clear imitation vanilla extract,7
maple sugar,7
tomatoes mashed,7
lavender,7
truvia baking blend,7
pie filling,7
corn bread muffin mix,7
sifted whole wheat flour,7
serrano chile,7
worcestershire powder,7
cajun seasoning such as tony chachere s,7
hungarian wax chile,7
quinoa flour,7
red chicory,7
instant white chocolate pudding mix,7
walnut extract,7
reduced calorie maple syrup,7
pomegranate paste,7
head iceberg lettuce torn into bite sized piece,7
quart peanut oil for frying,7
gnocchi,7
gallon apple juice,7
pulled pork,7
reduced calorie cream cheese,7
fluid ounce cans tomato juice,7
hot pepper sauce such as crystal,7
cracker barrel sharp cheddar cheese,7
tomatoes and quartered,7
quorn tender,7
fat free sugar free instant chocolate fudge pudding mix,7
cheese ravioli,7
canned and tomato,7
extra tofu drained,7
whole dill weed,7
cointreau,7
cornbread mix,7
rice paper wrapper,7
argan oil,7
tamari gluten free soy sauce,7
beef liver,7
fluid ounce jigger brewed espresso,7
whiskey such as jack daniel s,7
jimmy dean original hearty pork sausage crumble,7
chicken breast strip,7
chicken gravy,7
bear shaped graham cracker,7
crispy corn cereal square,7
cut green bean,7
extra tofu cut into inch cube,7
bamboo skewer,7
plain,7
coarsely buttery round cracker,7
kosher salt and cracked pepper to taste,7
honey maid graham cracker crumb,7
orange cake mix,7
lemons quartered,7
roquefort blue cheese,7
romano,7
hot cherry pepper,7
milk solid,7
glutinous white rice,7
sesame seed paste,7
extra light olive oil,7
amish friendship bread starter,7
coarsely almond,7
unsalted almond,7
rice wrappers inch diameter,7
prepared dashi stock,7
fat free graham cracker,7
oyster,7
dry chinese noodle,7
parmesan cheese to taste,7
prepared pound cake,7
ham bouillon cube,7
fluid ounce container liquid pectin,7
spinach drained,7
fluid ounces citron vodka,7
nonfat dry milk solid,7
dumpling,7
lamb tenderloin,7
vanilla bean split lengthwise,7
rendered bacon fat,7
canadian style bacon,7
lentils rinsed,7
orange gelatin mix,7
diamond crystal fine sea salt,7
fluid ounce jigger amaretto liqueur,7
leek white,7
leaf marjoram,7
fillets sea bass,7
tomato basil pasta sauce,7
kitchen twine,7
hot pepper sauce such as cholula,7
wheat elbow macaroni,7
gingersnap cookie crumb,7
slices french bread,7
black peppercorns coarsely,7
red apple cored and,7
bleu s minute easy pizza sauce,7
for the sauce,7
shelled edamame green soybean,7
raspberry vinaigrette salad dressing,7
mixed berry,7
sweet n low granulated sugar substitute,7
extra pork,7
dark chocolate cake mix,7
grinds black pepper,7
fluid ounces simple syrup,7
box penne pasta,7
chicken sausage,7
bone in chicken part,7
worcestershire sauce for chicken,7
snipped parsley,7
chinese red vinegar,7
jumbo egg yolk,7
reduced fat kielbasa,7
matzo cracker,7
fluid ounce jigger coconut flavored rum,7
american cheese spread,7
lychees in heavy syrup,7
fluid ounce white creme de cacao,7
walleye fillet,7
bunches collard green,7
bread torn into piece,7
fines herb,7
kohlrabi bulbs and,7
evaporated skim milk,7
fine cornmeal,7
box frozen spinach thawed and drained,7
spanish style rice mix,7
crumbled thyme,7
custard mix,7
bottled clam broth,7
coarsely peanut,7
envelopes fleischmann s rapidrise yeast,7
fluid ounce heavy cream,7
mean chef s sweet tart dough,7
frozen potato pierogy,7
reserved pineapple juice,7
gallon cold water,7
peanuts in shell,7
sweet basil,7
sugar cube,7
morningstar farms meal starters chicken strip,7
eggplant and cut into inch slice,7
bulk chorizo sausage,7
refrigerated biscuit dough such as pillsbury grand,7
low sodium salsa,7
moist yellow cake mix,7
zucchini cut into spirals using a spiral slicer,7
peaches with juice,7
cherry tomatoes cut in half,7
imitation bacon bit,7
orange flavored liqueur,7
and shrimp,7
fava beans drained,7
corn meal,7
pancake mix,7
bottle beer,7
vegan gelatin,7
all purpose biscuit baking mix,7
bottle catalina salad dressing,7
green decorator sugar,7
sweet potato food,7
capers rinsed and drained,6
bumble bee solid white albacore tuna in water drained,6
french,6
nestle toll house semi sweet chocolate morsel,6
unsalted peanut butter,6
drained pineapple,6
rutabaga and,6
torn arugula leaf,6
jalapeno pepper slice,6
anise oil,6
chocolate shaving,6
powdered peanut butter such as pb,6
leaves cabbage,6
milk chocolate candy bar,6
asian chile pepper sauce such as sambal oelek,6
canned cranberry,6
square unsweetened chocolate melted,6
cantaloupe and seeded,6
fatty pork,6
jell o instant lemon pudding,6
cornstarch dissolved in,6
deep dish pie crust and cooled,6
korean chile powder,6
light red kidney bean,6
seedless blackberry jam,6
smoked kielbasa sausage,6
mccormick garlic powder,6
nilla wafer,6
for the cake,6
diamond walnut,6
shoepeg corn,6
light corn syrup such as karo,6
king arthur almond flour,6
canned chipotle pepper,6
quick rise yeast,6
spring onion leaf,6
sprigs mint for garnish,6
gluten free oat,6
green giant frozen broccoli cut,6
instant french vanilla pudding,6
mccormick cinnamon,6
mangos and,6
prepared hollandaise sauce,6
splash grenadine syrup,6
dry polenta,6
thawed frozen whipped topping,6
fennel bulb and,6
chickpeas garbanzo beans rinsed and drained,6
frozen spinach thawed drained and squeezed dry,6
frozen whipped topping,6
cook and serve butterscotch pudding mix,6
colored sugar for decoration,6
chipped beef,6
green salsa salsa verde,6
quarts half and half cream,6
old el paso n chunky salsa,6
peas and carrot,6
spice blend,6
raspberry extract,6
mint chocolate chip,6
water if needed,6
little smokie sausage,6
bay leaf crumbled,6
stew meat,6
ham bone with some meat,6
chocolate syrup such as hershey s,6
at least beef,6
canned tomatoes with their juice,6
squares unsweetened baking chocolate,6
white sugar for rolling,6
and pear,6
pepitas pumpkin seed,6
milk powder,6
crumbled oregano,6
fluid ounce whiskey,6
fluid ounce bottle dark beer,6
canned corn,6
zucchini thickly,6
sprigs cilantro leaf,6
slices mozzarella cheese,6
zatarians gumbo base mix,6
plain lowfat yogurt,6
white sesame seed,6
pints strawberries hulled and,6
prepared basil pesto sauce,6
smoked sausage of your choice,6
browny,6
quart strawberries hulled and,6
marshmallow cream such as marshmallow fluff,6
glace de viande,6
mini candy coated chocolate piece,6
dill weed to taste,6
peaches and,6
dry navy bean,6
tart apples cored and,6
frozen brussels sprout,6
garnishe,6
frozen cut green beans thawed,6
inch pita bread,6
scoop protein powder,6
fluid ounce jigger whiskey,6
chocolate confectioners coating,6
and macadamia nut,6
dry italian salad dressing mix,6
pint blackberry,6
prepared thai peanut sauce,6
pasteurized egg,6
tomato basil feta cheese,6
round wonton wrapper,6
box frozen spinach thawed and squeezed dry,6
mashed pumpkin,6
slider size burger bun,6
heinz apple cider vinegar,6
dessert tofu,6
garlic and herb seasoning blend,6
maille dijon originale mustard,6
for the garnish,6
quarts vegetable oil for deep frying,6
italian blend cheese,6
frozen mixed vegetables carrot,6
moist white cake mix,6
pickled jalapeno slice,6
corn bread stuffing mix,6
plain breadcrumb,6
shrimp per pound,6
bread crumbled,6
bean soup mix,6
fat free graham cracker crust,6
cream style horseradish sauce,6
asparagus tip,6
vegetable juice such as v,6
bag semi sweet chocolate chip,6
mizithra cheese,6
basic cookie mix,6
crumble topping,6
portobello mushrooms stems removed,6
fluid ounce half and half cream,6
bone in chicken breast,6
turkey wing,6
mccormick brown gravy mix,6
green onion for garnish,6
zucchini lengthwise and cut in inch slice,6
egg replacer dry,6
envelopes dry onion soup mix,6
brown cardamom pod,6
refrigerated biscuit dough separated and cut into quarter,6
beans such as bush s original,6
baileys original irish cream,6
round loaf sourdough bread,6
garbanzo bean flour,6
capers with liquid,6
apple juice in a spray bottle,6
fluid ounce jigger vanilla flavored vodka,6
honey maid graham pie crust,6
hearts of palm drained and,6
bananas and frozen,6
coarse granulated sugar,6
dry leek soup mix,6
french dijon mustard,6
dry mesquite flavored seasoning mix,6
frozen pink lemonade concentrate thawed,6
turkey part,6
seasoned rice wine vinegar,6
bunches parsley,6
crisco all vegetable shortening,6
sardine fillet,6
broad egg noodle,6
maraschino cherries drained and juice reserved,6
quart cold milk,6
coconut flavored rum,6
strawberry flavored yogurt,6
frozen spinach thawed and well drained,6
bread crusts removed,6
chocolate frosting,6
tomatoes cored,6
monterey jack style soy cheese,6
new mexico chile powder,6
head cabbage cored,6
peppermint oil,6
green candied cherry,6
pastry flour,6
fusilli spiral pasta,6
reduced fat inch graham cracker crust,6
bars chocolate covered toffee bar,6
inch square egg roll wrapper,6
flaked sweetened coconut,6
assembly,6
fructose fruit sugar,6
slabs back pork rib,6
pico de gallo salsa,6
argo corn starch,6
condensed vegetable soup,6
lotus leaf,6
canned peaches drained,6
flour for dredging,6
frozen sweetened strawberries thawed,6
shortening chilled and,6
spice islands italian herb seasoning,6
canned artichoke bottoms in water,6
box confectioners sugar,6
prepared inch pastry shell,6
mccormick vanilla extract,6
leftover roast turkey,6
unsweetened soy milk,6
red delicious apples cored and,6
seeded tomato,6
whole pitted kalamata olive,6
black currant syrup,6
nacho cheese flavored tortilla chips such as dorito,6
multicolored sprinkles jimmy,6
crumbled feta cheese with basil and sun tomato,6
cayenne pepper sauce such as frank s redhot,6
leaves red leaf lettuce,6
white chocolate melted,6
lime concentrate,6
beef eye of round roast,6
salted salmon,6
american processed cheese,6
hot long grain white rice,6
wheat chex cereal,6
peach slice,6
envelope fleischmann s pizza crust yeast,6
pitted black olives drained and,6
meyer lemon juice,6
olive oil mayonnaise,6
pork butt,6
red chile paste,6
tomato bisque,6
bamboo shoots drained and,6
bella crimini mushroom,6
yellow squash cut into chunk,6
frozen chicken breast half,6
honey barbecue sauce,6
dulce de leche,6
low fat chocolate milk,6
deli rotisserie chicken,6
multi colored sprinkle,6
cabernet sauvignon wine,6
roma tomatoes seeded and,6
leaves iceberg lettuce,6
non dairy creamer,6
wooden skewers soaked in water for minute,6
poppyseed filling,6
beef silverside,6
buttermilk at room temperature,6
hunt s tomato sauce,6
instant french vanilla pudding mix,6
head cabbage into strip,6
frozen pierogy,6
pitted sour cherries drained,6
red gold tomato,6
pureed chipotle peppers in adobo sauce,6
italian olive oil,6
chocolate sandwich cookies with creme filling,6
cream cheese filling,6
tomatoes cut into inch slice,6
peaches in heavy syrup,6
vanilla protein powder,6
head cauliflower coarsely,6
quart vegetable stock,6
cherry jell o,6
marshmallow whip,6
leftover stuffing,6
pork rib,6
persimmon,6
morton s coarse kosher salt,6
lite silken extra tofu,6
gallon vanilla ice cream,6
kosher salt plus more to taste,6
chicken bouillon mix,6
vegetarian ham,6
bottlegourd,6
reduced fat parmesan cheese,6
coarsely cashew,6
quarts boiling water,6
kashk,6
celery stick,6
kernel sweet corn,6
fat free condensed cream of mushroom soup,6
plain greek style yogurt,6
tomatoes with onion garlic and basil,6
lime wedges for garnish,6
pizza crust dough,6
radish top,6
up,6
bulk breakfast sausage,6
lamb loin,6
galanga root,6
cod fillets cut into chunk,6
reduced fat unsweetened coconut milk,6
stir fry sauce,6
extra dry vermouth,6
pastrami,6
cherimoya,6
filter coffee,6
vegetarian chicken flavored broth mix,6
creole essence bayou blast,6
shelled sunflower seed,6
shrimp stock,6
head escarole,6
salt free seasoning blend such as mrs dash,6
and pumpkin,6
chocolate fudge pudding mix,6
frozen peache,6
zucchinis cut into inch slice,6
eggplant lengthwise,6
amber rum,6
sprigs sage,6
fluid ounce jigger rum,6
fluid ounce jiggers tequila,6
soybean oil often labeled vegetable oil,6
starchy potatoes such as idaho,6
slices white bread,6
hulled sunflower seed,6
box barilla gluten free spaghetti,6
how to cook spaghetti squash,6
delmonte stewed tomato,6
french cut green bean,6
blueberry vinegar,6
boiling water to cover,6
texturized vegetable protein tvp,6
tarragon white wine vinegar,6
green beans cut into inch length,6
maple flavored syrup,6
leaves of lettuce,6
cottage roll,6
burrito size whole wheat tortilla,6
spanish saffron thread,6
parmigiano reggiano,6
red pepper cayenne,6
vegetable bouillon such as better than bouillon,6
swanson beef broth,6
dry apple cider,6
orange cut into wedge,6
chinese spice powder,6
sprigs rosemary leaves stripped and,6
duck sauce,6
vegetarian chocolate pudding mix,6
pressed garlic,6
day old bread torn into piece,6
black eyed peas drained and rinsed,6
cold mashed potato,6
tomatillos husked,6
fluid ounces heavy cream,6
melted butter for brushing,6
poblano chile,6
process cheese food such as velveeta,6
fluid ounce containers chicken broth,6
zucchini cut into cube,6
whipped cream garnish,6
old el paso taco seasoning mix,6
bulk pork breakfast sausage,6
cashew cream regular and,6
philadelphia neufchatel cheese,6
x inch squares aluminum foil,6
no salt added tomato juice,6
zucchini squeezed dry,6
pasta sheet,6
extra sharp white cheddar cheese,6
wedges lemon,6
tomato paste with garlic,6
fluid ounces peach schnapp,6
mochiko glutinous rice flour,6
cakes compressed yeast,6
canned chipotle chile in adobo sauce,6
noilly prat,6
vegan yogurt,6
pheasant breast half,6
low sodium ketchup,6
plums in heavy syrup,6
loaf round sourdough bread,6
green onion for topping,6
trout cleaned,6
pork picnic roast,6
part skim cottage cheese,6
hunt s tomato,6
heads belgian endive,6
refrigerated pizza dough such as pillsbury,6
himalayan pink salt,6
vegetarian beef substitute,6
dry non fat buttermilk,6
salt and coarsely black pepper to taste,6
pickled sweet pepper,6
jarred jalapeno pepper,6
ginkgo nut,6
quarts vegetable stock,6
dry lasagna noodle,6
plum tomatoes seeded and,6
low sodium vegetable broth,6
low fat tortilla,6
apricot halves drained,6
multigrain bread,6
pink grapefruit slice,6
orange slices for garnish,6
cold cream cheese,6
nature valley pecan crunch granola bar,6
gherkin pickle,6
slices italian bread,6
vanilla flavored syrup,6
vegan monterey jack cheese,6
saltine cracker crumb,6
garlic amp pearl onions with herb,6
vegan pie crust,6
sun tomatoes softened and,6
hot chile sauce,6
fluid ounce jigger spiced rum,6
square bittersweet chocolate,6
white vanilla,6
fluid ounces dark rum,6
white lentil,6
chipotle chilies in adobo sauce,6
matzo sheet,6
rucola,6
shichimi togarashi,6
broccoli raab,6
splash club soda,6
lavender sugar with vanilla,6
mccormick guacamole seasoning mix,6
pickled egg,6
alphonso mango,6
bottle ginger ale,6
beets drained and,6
thyme sprig,6
lamb leg chop,6
fluid ounce raspberry flavored liqueur,6
vegetarian beef broth,6
grouper fillet,6
head broccoli broken into floret,6
prepared lemon pudding,6
tri color pasta,6
seasoned pepper,6
asparagus and coarsely,6
cherry tomato half,6
beef shank,6
vermont sharp cheddar cheese,6
lime juiced and zested,6
whole grain bagel,6
textured vegetable protein,6
halibut,6
liquid amino acid such as bragg,6
powdered egg,6
falafel,6
vegan bacon,6
lamb blade chop,6
kittencal s marinara pasta sauce vegetarian,6
the best creole cajun seasoning mix,6
my no roll pie crust,6
coleslaw,6
goya cumin,6
coarsely zucchini,6
orange flavored craisin,6
alligator tail steak,6
hard eggs quartered,6
brown sugar replacement such as splenda brown sugar blend,6
holland house sherry cooking wine,6
shortening for frying,6
asparagus spears and cut into inch piece,6
toffee ice cream,6
dill pickle cube,6
jalapeno havarti cheese,6
vegetarian chicken bouillon granule,6
fat free parmesan,6
pickled jalapeno pepper juice,6
coors beer,6
partridge breast,6
sweetened cream of coconut,6
kudzu,6
ice cubes as needed,6
liquid egg substitute,6
spiral pasta,6
sugar free fat free banana cream pudding mix,6
red chile,6
bermuda onion,6
canned tomatoes drained,6
asian pear cored and,6
mint powder,6
minado s perfect sushi rice,6
low fat creamy salad dressing such as miracle whip light,6
fluid ounce can frozen cranberry juice concentrate,6
champagne yeast,6
black eyed peas undrained,6
olive oil flavored vegetable cooking spray,6
lemon lime soda such as sprite,6
winesap apple,6
garlic bagel chip,6
vegan sausage link,6
robiola cheese,6
yellow miso paste,6
pears cored and,6
raspberry red wine vinegar,6
rosemary leaves crumbled,6
macaroni and cheese,6
southeast asian fish sauce,6
quart canning jars with lids and ring,6
eggnog ice cream,6
coarsely pepper,6
chimayo chili powder,6
gum arabic,6
tofu mayonnaise,6
low sodium beef bouillon powder,6
mexican style pinto bean,6
refrigerated potatoes with onion,6
trays ice cube,6
quick cooking wild rice,6
unbleached bread flour,6
chili pepper flake,6
kraft mozzarella cheese with a touch of philadelphia,6
milk lukewarm,6
fajita seasoning mix,6
kaffir lime zest,6
reduced sodium navy bean,6
torn lettuce leaf,5
liter carbonated water,5
mozzarella cheese cube,5
saga blue cheese,5
brewed black tea cold,5
whipped heavy cream,5
salad dressing,5
loosely spinach,5
strawberry flavored gelatin such as jell o,5
kaffir lime,5
apple cut into chunk,5
hunt s tomato paste,5
pints grape tomato,5
canned evaporated milk,5
bone in turkey breast,5
chinese salt,5
thawed frozen spinach,5
honey warmed,5
bags spinach,5
pitted kalamata olives cut in half,5
quart strawberries hulled,5
sprigs rosemary leaves stripped,5
lemon flavored yogurt,5
microwave popcorn popped,5
sage derby cheese,5
fluid ounces evaporated milk,5
square wonton wrapper,5
cucumber juice,5
cilantro sprigs for garnish,5
hot water to cover,5
shelled edamame,5
basic chicken stock,5
del monte tomatoes with mild green chily,5
elderflower head,5
processed cheese sauce such as cheez whiz,5
pork hock,5
kittencal s pizza sauce,5
tomatoes seeded and coarsely,5
low sodium tomato puree,5
sugar free chocolate pudding mix,5
coarsely macadamia nut,5
pork liver,5
high protein crisp rice and wheat cereal,5
peach nectar,5
tangerine zest,5
smoked gruyere cheese,5
vegetarian hamburger patty,5
green seedless grape,5
red apples cored and,5
idahoan bacon cheddar chipotle flavored mashed potato,5
honeycrisp apple,5
orange fleshed sweet potato,5
tamarind concentrate,5
olive oil cooking spray such as pam,5
canned jalapeno pepper slice,5
sticks butter,5
fluid ounce bottle tomato vegetable juice cocktail,5
capers drained and,5
english muffins split in half,5
bottle hot pepper sauce,5
bars milk chocolate candy,5
quartered mushroom,5
turkey steak,5
apricot half,5
envelope whipped topping mix,5
nonfat evaporated milk,5
crimini mushrooms stems removed,5
longan,5
spinach fettuccine pasta,5
asparagus and,5
taco shells warmed,5
fluid ounce bottle beer,5
cantaloupe cut into bite size piece,5
french green lentil,5
tofu cut into inch cube,5
kittencal s garlic crouton,5
florida grapefruit juice,5
soya margarine,5
pizza cheese blend,5
trout cleaned and head removed,5
kale ribs removed,5
andouille chicken sausage,5
key lime zest,5
low fat chicken stock,5
ro tel original tomatoes green chilies undrained,5
nasturtium bud,5
steak sauce e g a,5
beef tenderloin roast,5
fluid ounces bourbon,5
chocolate chex cereal,5
shell clam,5
wood chip,5
japanese style rice,5
doughnut,5
cheddar and monterey cheese blend,5
kosher gelatin,5
nonfat plain greek yogurt,5
salt free herb and spice blend,5
light sesame oil,5
black kale,5
pistachio oil,5
shelled green pea,5
maca powder,5
condensed beef consomme such as campbell s,5
baking cocoa,5
montasio cheese,5
cream of coconut such as coco lopez,5
sweet potato flour,5
no salt added pinto bean,5
wild fennel,5
delicata squash,5
head cauliflower cored and cut into floret,5
wrap,5
chipotle flavored hot sauce such as tabasco chipotle pepper sauce,5
thai peanut sauce,5
fluid ounce jigger bourbon whiskey,5
candied date,5
puffed wheat cereal,5
wild turkey bourbon,5
smoked beef,5
pasta style chunky tomato,5
diamond crystal coarse sea salt,5
corn husk,5
blueberry preserve,5
naan bread,5
orange flavored jell o,5
pint orange sherbet,5
stolichnaya raspberry vodka,5
portabella mushroom,5
veal sweetbread,5
pitted tart red cherry,5
asian chile paste,5
low fat provolone cheese,5
sugar free black cherry gelatin,5
fat free sugar free white chocolate pudding mix,5
mango juice,5
gulf spices ibzar,5
seasoned salt such as season all,5
fluid ounces chocolate liqueur,5
tomatoes cut into bite size piece,5
butter flavored shortening such as crisco,5
cinnamon for dusting,5
ham cut into inch cube,5
sprigs italian flat leaf parsley,5
onion puree,5
canned chickpeas drained,5
slices deli ham,5
clarified butter ghee,5
pudding,5
non fat milk,5
margarine cut into piece,5
fluid ounces grenadine syrup,5
granulated onion,5
ocean spray cranberry,5
kraft three cheese with a touch of philadelphia,5
fluid ounce cans pineapple juice,5
whole grain mustard,5
cream cheese layer,5
bottles red wine,5
watermelon seeded and,5
cored and tart apple,5
powdered lemonade mix,5
gallon orange sherbet,5
bags spinach leaf,5
dry ranch dressing mix such as hidden valley ranch,5
bell pepper any color,5
racks smithfield extra tender st louis pork spareribs membrane removed,5
tomato sauce such as hunt s,5
sheets phyllo dough thawed,5
argo baking powder,5
straw mushrooms drained,5
liter vodka,5
zucchini cut into inch cube,5
turmeric root and,5
loaf french bread cut into inch cube,5
kraft healthy favorites fat free cheddar,5
shelled pistachio,5
chocolate fudge cake mix,5
court bouillon,5
beef flavored ramen noodle,5
loosely basil leaf,5
great northern beans soaked overnight,5
blue grape,5
bunches kale,5
asian chili paste sambal,5
chilled lemon lime soda,5
drained and sauerkraut,5
russian salad dressing,5
crumbled bleu cheese,5
frozen,5
sauza blanco tequila,5
lemon slices for garnish,5
king arthur coconut flour,5
spice islands garlic powder,5
asparagus and cut into third,5
frozen dinner roll,5
mixed salad greens rinsed and,5
freshly cardamom,5
rum cream liqueur,5
prepared pudding,5
kidney suet,5
very warm water degrees to degrees f,5
roast turkey meat,5
hard apple cider,5
frozen okra thawed and,5
ras el hanout,5
rosemary sprig,5
hot regular long grain white rice,5
barbeque seasoning,5
spice islands pumpkin pie spice,5
whole wheat hot roll mix,5
coarse grain brown mustard,5
lamb meat,5
standing beef rib roast,5
best olive oil,5
cranberry raspberry gelatin,5
fluid ounce bottle cranberry juice,5
cajun seasoning to taste,5
dip,5
yabby,5
bottle tomato based chili sauce,5
green onions cut into inch piece,5
fillets salmon fillet,5
imported bittersweet chocolate,5
wide rice noodle,5
rice chex cereal,5
italian style panko bread crumb,5
juniper berry,5
montreal style steak seasoning,5
asian chili garlic sauce,5
and peache,5
fillets rainbow trout,5
tortilla flour,5
sauerkraut with liquid,5
drained and rinsed black bean,5
kraft cheddar cheese,5
pineapple ice cream,5
vegan chicken bouillon powder,5
bone in chicken breast halves with skin,5
creole seasoning to taste,5
slices red onion,5
banana and mashed,5
liter club soda,5
candy coated peanut butter pieces such as reese s piece,5
almond sliver,5
cheese sauce,5
red gram,5
mango peach salsa,5
anchovy filets rinsed and,5
vanilla frozen yogurt,5
fluid ounce spiced rum,5
tilapia fillets cut into chunk,5
freshly parsley,5
condensed milk,5
jell o chocolate instant pudding,5
bulk sweet italian sausage,5
instant chocolate fudge pudding mix,5
spring lettuce mix,5
unpeeled garlic clove,5
green chile enchilada sauce,5
oyster mushroom,5
sweet pepper flake,5
wooden toothpick,5
pace chunky salsa,5
tomatoes with balsamic vinegar basil and oil,5
brown sugar not,5
baking spice blend mix,5
pina colada mix,5
bulbs fennel,5
coconut pecan frosting,5
raspberry flavored gelatin mix such as jell o,5
pista,5
corn chex cereal,5
rajma,5
pancake syrup,5
orange flavored liqueur such as cointreau,5
steak seasoning to taste,5
tomatoes with green chilies drained,5
loaf white bread crust,5
nacho cheese dip,5
garlic and herb seasoning,5
triple sec orange flavored liqueur,5
pad thai rice noodle,5
slices cucumber,5
clear broth,5
pint cherry tomatoes quartered,5
frozen and deveined shrimp,5
hershey s cocoa powder,5
mashed carrot,5
ro tel tomatoes and green chilies undrained,5
torn kale leaf,5
frozen lima beans thawed,5
pecans coarsely,5
zucchini cut into matchstick,5
green beans and snapped into inch piece,5
vegetarian bouillon powder,5
vegetarian chicken soup mix,5
orange roughy fillet,5
progresso italian style panko crispy bread crumb,5
borscht,5
vegetable bouillon powder,5
candied cherries quartered,5
aluminum foil,5
pretzel rod,5
breading,5
mini twist pretzel,5
fluid ounce brandy,5
dry salted peanut,5
mustard green,5
heavy cream at room temperature,5
cashew piece,5
jicama and cut into matchstick,5
ham cut into bite size piece,5
salted almond,5
vegetarian pepperoni,5
gluten free all purpose baking flour such as bob s red mill,5
strawberries hulled and quartered,5
marinated artichoke hearts undrained,5
french onion ring,5
jet puffed miniature marshmallow,5
quince jelly,5
links chorizo sausage,5
honey dijon mustard,5
sugar frosted corn flake cereal,5
scoops chocolate ice cream,5
red chili flake,5
asparagus spears and,5
white worcestershire sauce,5
figs stems removed,5
over bananas mashed,5
sweet italian pork sausage,5
alfredo pasta sauce,5
prickly pear cactu,5
chuck beef,5
plum wine vinegar,5
garlic crouton,5
swanson beef stock,5
box barilla gluten free elbow,5
bologna,5
fluid ounce can frozen lemonade concentrate thawed,5
blueberries rinsed and drained,5
spinach rotini pasta,5
fluid ounce jigger pineapple juice,5
quart lime sherbet,5
hot buffalo wing sauce such as frank s redhot buffalo wing sauce,5
zucchini blossom,5
zucchini cut into noodle shape strand,5
shortening such as crisco,5
asiago,5
garlic chile paste,5
crispy corn cereal squares such as corn chex,5
split chickpea,5
kraft triple cheddar cheese with a touch of philadelphia,5
honey peanut,5
frozen dinner rolls thawed,5
sifted self rising flour,5
lime wedge for garnish,5
and lobster meat,5
date honey,5
frozen apple juice concentrate thawed,5
sweet red apple,5
dinner roll,5
whole basil leaf,5
cilantro to taste,5
rigatoni,5
spiced tofu,5
fully kielbasa,5
hickory wood chip,5
orange with peel,5
stock,5
dry fusilli pasta,5
fluid ounce bottle worcestershire sauce,5
sugar free pistachio pudding mix,5
fluid ounces apple juice,5
heads butter lettuce,5
lamb sirloin,5
white bread lightly,5
banana pepper ring,5
fluid ounce jigger cranberry juice,5
white kidney beans drained and rinsed,5
red sweet potato,5
hoagie bun,5
beet green,5
honey mustard dressing,5
wholesome stevia,5
mashed avocado,5
slices cheddar cheese,5
almond granola,5
banana ice cream,5
achiote oil,5
apricot food,5
leaves green leaf lettuce,5
mashed very banana,5
flour for dusting,5
oranges quartered,5
greek vinaigrette salad dressing,5
sunflower kernel,5
lasagna noodles broken into inch piece,5
squares milk chocolate,5
ancho chiles stemmed and seeded,5
precooked bacon,5
pouring custard,5
swai fish,5
scone,5
greek style seasoning,5
top layer,5
cantaloupe ball,5
onion roll,5
homemade,5
silk flour,5
sweet n low brown sugar substitute,5
garlic and cheese flavored crouton,5
quart canola oil for frying,5
squid cleaned and into ring,5
thyme to taste,5
adobo sauce from canned chipotle pepper,5
mexican vanilla extract,5
plum roma tomato,5
creamed shortening,5
mccormick mustard,5
angostura low sodium worcestershire sauce,5
egg whites at room temperature,5
head red leaf lettuce,5
sprigs tarragon,5
strong hot tea,5
jif creamy peanut butter,5
togarashi pepper,5
roma tomatoes with juice,5
mexican crema,5
liquid garlic,5
rock melon,5
condensed chicken and rice soup,5
french onions such as french s,5
fat free vegetarian refried bean,5
szechuan peppercorn,5
fluid ounces lemonade,5
strawberries mashed,5
kirschwasser,5
glutinous white rice sushi rice,5
frozen strawberries thawed and drained,5
condensed bean with bacon soup,5
frozen okra thawed,5
instant pineapple pudding,5
rindless smoked streaky bacon,5
cilantro stems removed,5
condensed nacho cheese soup,5
reynolds wrap non stick foil,5
kosher salt plus more as needed,5
chipped ham,5
radishes and,5
gallon boiling water,5
all purpose flour plus extra for dusting,5
loaf french,5
frozen white corn,5
bone in pork roast,5
dry pasta shell macaroni,5
pumpkin butter,5
vegetable stock,5
pinch of salt,5
cajun style seasoning,5
crispy chow mein noodle,5
dark cocoa powder,5
prepared guacamole,5
hot red chile pepper,5
dry farfalle bow tie pasta,5
canned chipotle chile puree,5
frozen shelled edamame green soybeans thawed,5
chocolate fudge topping,5
pitted and kalamata olive,5
lime wheel,5
red delicious apple cored and,5
creme de cassis liqueur,5
starkist sweet and spicy tuna,5
clean snow,5
turkey breast tenderloin steak,5
canned crabmeat drained,5
green apple cored and,5
milkmoon meringue buttercream,5
coarse grained mustard,5
karo light,5
sprig cilantro for garnish,5
basic massoni pizza base,5
copycat taco bell seasoned beef,5
ciabatta bread,5
smoothie,5
warm water to degree,5
and deveined jumbo shrimp,5
inch pie crust,5
farmer s sausage,5
ice cream bar,5
freshly italian parsley,5
navy beans drained,5
dry kidney beans soaked overnight,5
cilantro leaves and stem,5
white sugar for sprinkling,5
raspberry ice cream,5
fat free american cheese slice,5
hot egg noodle,5
tamarind soup mix,5
turkey pan dripping,5
orange blossom honey,5
sleeves buttery round crackers such as ritz,5
avocados and mashed,5
white peppercorn,5
pepperoni slice,5
fluid ounce vanilla vodka,5
purple turnip,5
pickling spice wrapped in cheesecloth,5
egg bread,5
extra wide egg noodle,5
jarred garlic,5
extra virgin coconut oil,5
pillsbury grands refrigerated biscuit,5
frozen unsweetened raspberries thawed,5
cream of potato soup,5
almonds for garnish,5
seasoning mix,5
fresno chile pepper,5
orange pineapple flavored gelatin,5
reduced fat honey graham cracker,5
canned green chiles drained,5
inch filet mignon steak,5
my take on sneaky orange puree,5
canning jar,5
coarse sugar crystal,5
goya tomato sauce,5
sugar free banana cream pudding mix,5
cranberries rinsed,5
buffalo,5
beef pot roast,5
crispy corn and rice cereal such as crispix,5
artichoke hearts in water drained and,5
sweet hot mustard,5
cinnamon raisin bagel,5
lasagne noodles and drained,5
thai chile,5
plantain leaf,5
veal liver,5
mild pork sausage,5
hickory wood chips soaked,5
hickory smoked bacon,5
mild chunky salsa,5
goji berry,5
raspberry salsa,5
italian turkey sausage link,5
oranges and seeded,5
kaiser roll,5
zucchini cut into inch piece,5
red snapper fillets cut into inch piece,5
hillshire farm lit l smokies smoked sausage,5
tomatoes with green chile,5
quart cold water,5
yams and,5
rainbow colored miniature marshmallow,5
hoagie rolls split lengthwise and,5
for the glaze,5
instant miso soup mix,5
canned whole potato,5
mayonnaise such as hellmann s best food,5
chicken flavor stuffing mix,5
horseradish mustard,5
flaxseed oil,5
campbell s chicken gumbo soup,5
dark chocolate broken into piece,5
tubettini pasta,5
asian basil,5
recipe fast chicken soup base,5
baker s semi sweet chocolate,5
heineken lager beer,5
crispy wheat cereal squares such as wheat chex,5
oven tomato,5
salad mustard,5
prune filling,5
kale stemmed and,5
sugar in the,5
unsweetened chocolate,5
salad seasoning mix,5
dinner rolls split,5
nestle butterfinger bites candy,5
fillets flounder,5
karela,5
habanero hot sauce,5
peach pie filling,5
pasta elbow,5
instant butter pecan pudding mix,5
frozen pineapple,5
ruby grapefruit,5
blackberry jam,5
mild green chile,5
blackberry preserve,5
italian seasoning blend,5
apples quartered,5
chorizo sausage link,5
fillet salmon,5
and red potato,5
non fat cottage cheese,5
shrimp bouillon,5
beef tip,5
snipped basil,5
chicken leg meat,5
nectarines pitted and,5
eggplant and into inch round,5
garlic salt and pepper to taste,5
celery top,5
buttery round cracker crumb,5
candy sprinkle,5
russian style salad dressing,5
angelica leaf,5
splash orange juice,5
dry stuffing mix,5
marinated cocktail onion,5
box barilla gluten free rotini,5
golden crisco shortening,5
anchovy fillets drained,5
celery root celeriac,5
pita breads cut in half,5
pork meat,5
wheat bread flour,5
tri colored pasta assortment,5
fluid ounces coconut flavored rum,5
pecorino cheese,5
dashi kombu kelp,5
realemon lemon juice from concentrate,5
dry pinto beans rinsed,5
bars chocolate coated caramel peanut nougat candy,5
champagne grape,5
sauza gold tequila,5
pint strawberries hulled,5
korean red pepper powder,5
baker s angel flake sweetened coconut,5
passionfruit syrup,5
saffron powder,5
fluid ounces ginger beer,5
pkg serving size jell o vanilla flavor instant pudding pie filling,5
turkey gravy mix,5
head savoy cabbage,5
ice wine,5
fluid ounces pomegranate juice,5
cornstarch mixed with equal parts water,5
pita,5
poppy seed salad dressing,5
chocolate covered caramel candy,5
mulberry,5
scoops vanilla protein powder,5
recipe creamy macaroni and cheese,5
apple filling,5
milk chocolate candy kisses such as hershey s kisses unwrapped,5
canned spinach,5
old el paso flour tortillas for tacos fajita,5
vegan powdered sugar,5
bone in ham,5
triple sec liqueur,5
silken tofu drained,5
kraft sharp cheddar cheese,5
dry black beans soaked overnight,5
short grain brown rice,5
stuffing mix,5
chive and onion cream cheese,5
lemon grass cut into inch piece,5
turkey drumstick,5
canned flaked ham,5
kraft low moisture part skim mozzarella cheese,5
day old bread cube,5
inch piece ginger,5
sweet red onion,5
sweet rice flour mochiko,5
cranberry flavored jell o mix,5
goya adobo all purpose seasoning with pepper to taste,5
cooking pear,5
fat free chocolate pudding,5
confectioners sugar plus more for dusting,5
sprigs thyme leaves removed,5
cake mix,5
pureed strawberry,5
fat free vanilla yogurt,5
honey ham,5
assorted mushroom,5
powdered pectin,5
clams undrained,4
fluid ounce club soda,4
flaked,4
bird s eye chile seeded and,4
leek cleaned and,4
prepared dijon mustard mayonnaise blend,4
mocha flavored coffee,4
old el paso red enchilada sauce,4
seedless raspberry preserve,4
frozen succotash,4
whole milk cottage cheese,4
french sandwich roll,4
spanish chorizo sausage,4
plain low fat greek yogurt,4
cornflakes cereal crumbled,4
fillets trout,4
reduced fat romano cheese,4
college inn chicken broth,4
nutmeg for garnish,4
extra cool whip topping,4
concentrated beef base paste,4
korean style short ribs beef chuck flanken cut to inch across bone,4
garlic flavor mashed potato,4
bay leaves crumbled,4
pitted kalamata olives drained,4
iced tea,4
red chile sauce,4
green onion white part only,4
gold medal wondra flour,4
ghee clarified butter melted,4
dash cayenne pepper,4
parsley to taste,4
contadina tomatoes undrained,4
chocolate sandwich cookie crumb,4
granola type cereal,4
toffee baking bits such as heath,4
instant long grain and wild rice,4
flax meal,4
potato pierogy,4
corkscrew shaped pasta,4
hot pepper jelly,4
vegetarian blue cheese,4
to serve,4
bag frozen broccoli thawed,4
white sauce cheesy or not sauce,4
white grape juice,4
lamb meat cut into inch cube,4
prepared vanilla pudding,4
condensed cheese soup,4
golden mushroom soup such as campbell s,4
lemons juiced and zested,4
spinach rinsed and stemmed,4
bananas cut into inch slice,4
liquid non dairy creamer,4
red thai curry paste,4
ranch flavored tortilla chip,4
asparagus spears end,4
quaker quick barley,4
vanilla whey protein powder,4
buttermilk pancake mix,4
pints blueberry,4
slices bread,4
miniature peanut butter cup,4
hot chile oil,4
liquid shrimp and crab boil seasoning,4
mesquite barbecue sauce,4
head cauliflower cut into chunk,4
grill seasoning such as montreal steak seasoning,4
yellow cake mix with pudding,4
frozen fully salad shrimp,4
frozen bread dough thawed,4
drained canned black bean,4
spaghetti sauce with mushroom,4
mini candy coated chocolate,4
low fat granola cereal with raisin,4
vegetarian bacon bit,4
kosher salt and freshly pepper to taste,4
ranch style black eyed peas with jalapeno,4
sweet and spicy barbecue sauce,4
powdered allspice,4
queso ranchero,4
jim beam bourbon whiskey,4
anchovy fillets rinsed,4
fluid ounce bottle tomato juice,4
tomatoes drained and juice reserved,4
sharp processed cheese spread,4
prepared sugar free vanilla pudding,4
pineapple orange marmalade,4
bag frozen broccoli,4
anise flavored liqueur,4
non fat curd cottage cheese,4
himalayan salt,4
condensed tomato soup such as campbell s,4
squeezed lemon juice,4
bag frozen broccoli floret,4
pitted sour red pie cherry,4
fluid ounces frozen limeade concentrate,4
horizon milk,4
butter for greasing,4
hickory smoke flavored barbeque sauce,4
rosewater,4
chinese hot prepared mustard,4
royal icing,4
pineapple tidbits with juice,4
inch slices tomato,4
coarsely corn chip,4
hickory and brown sugar barbecue sauce,4
spicy brown mustard such as gulden s,4
sleeve buttery round cracker,4
pimiento stuffed green olive,4
sirloin steak cut into bite size strip,4
lite frozen whipped topping,4
frozen pie crust thawed,4
miniature semi sweet chocolate chip,4
pineapple in heavy syrup,4
raspberry jelly,4
condensed cream of mushroom soup with garlic,4
fish curry powder,4
chocolate fudge frosting,4
very butter,4
italian seasoned breadcrumb,4
navy beans drained and rinsed,4
protein powder,4
sauerkraut undrained,4
hazelnut kernel,4
mushroom cap,4
fluid ounces cranberry juice cocktail,4
fava bean flour,4
black beans drained rinsed,4
praline ice cream,4
vegetarian pudding mix,4
herb seasoned crouton,4
tangerines zest of,4
scoops orange sherbet,4
hormel chili with bean,4
hot sauce such as louisiana,4
sour cream at room temperature,4
fluid ounces peppermint schnapp,4
mandarin orange zest,4
fluid ounce brewed espresso,4
semisweet chocolate chunk,4
roast turkey,4
yellow fin potato,4
garlic flavored vinegar,4
pub mustard,4
head butter lettuce,4
plain nonfat greek yogurt,4
fluid ounce bottles beer,4
hawaiian bread rolls such as king s,4
gravenstein apple,4
dry bread crumbs for topping,4
scallops rinsed and patted dry,4
achiote powder,4
mozzarella parmesan cheese blend,4
pickle mix,4
yellow plum,4
mccormick pork gravy mix,4
rock cod fish,4
bottle lemon lime soda,4
sofrito sauce,4
marzipan paste,4
string cheese stick,4
canned pineapple ring,4
vegetarian salami,4
spinach rinsed and stems removed,4
black beans with lime juice,4
baker s white chocolate,4
chinese barbecued duck,4
bottle chardonnay wine,4
dark ale,4
duck hindquarter,4
kraft mexican style four cheese with a touch of philadelphia,4
extra cured ham,4
grain dijon mustard,4
red onion slice,4
smucker s caramel flavored topping,4
root beer extract,4
dry vermicelli pasta,4
idahoan garlic flavored mashed potatoes dry,4
kosher salt such as diamond crystal,4
pimiento stuffed olive,4
italian plum tomatoes such as san marzano,4
wood chips soaked,4
chicken flavored bouillon powder,4
del monte whole kernel corn drained,4
pear cider,4
liter lemon lime flavored carbonated beverage,4
peaches juice reserved,4
mixed red and green sweet pepper,4
ranch style dressing mix,4
coarsely red onion,4
mangos seeded and,4
dry rotini pasta,4
firmly basil leaf,4
superfine castor sugar,4
vegan chocolate chip,4
blackberries rinsed and drained,4
tzatziki,4
fluid ounce jigger pomegranate juice,4
spinach coarsely,4
very hot water,4
sweetened lime juice such as rose s,4
frozen cut asparagu,4
sun cherry,4
mushrooms with juice,4
banger,4
paneer cut into inch cube,4
cold chicken broth,4
vegetarian instant chocolate pudding mix,4
brioche bun,4
sugar free chocolate fudge pudding and pie filling mix,4
mackerel,4
asparagus spears and cut in half,4
turkey italian sausage,4
maille old style mustard,4
poached egg,4
vermouth,4
herbal salt substitute,4
hot pepper sauce such as tapatio,4
buffalo meat,4
cavatelli pasta,4
bergie s colonel grey s chutney,4
hot coffee,4
piri piri pepper,4
tuna filet,4
most incredible no fail pie crust,4
cream of onion soup,4
bag washed spinach,4
plums pitted and quartered,4
lemon glaze,4
extra tofu cut into cube,4
bonito shavings dry fish flake,4
fluid ounce jigger grenadine syrup,4
holland house marsala cooking wine,4
chayote squash,4
greek salad dressing,4
tomatoes each cut into wedge,4
spanish brandy,4
pickled beet,4
sansho pepper,4
peanut butter such as jif,4
tomato and clam juice cocktail such as clamato,4
bulk hot pork sausage,4
and deveined shrimp to per lb,4
chocolate flavored protein powder,4
pluot,4
kasha buckwheat groat,4
cranberries coarsely,4
mexican style corn with red and green pepper,4
reduced sodium whole tomato,4
pork bouillon cube,4
splash water,4
vegetarian vanilla pudding mix,4
quick curing salt,4
whole grain dijon mustard,4
orange juice concentrate thawed,4
garlic and herb cheese spread such as boursin,4
zucchini lengthwise and cut into inch slice,4
galanga powder,4
eggplants and cut lengthwise into inch slice,4
low fat vanilla soymilk,4
bitters such as angostura,4
mexican style hot tomato sauce,4
low fat extra tofu,4
ears corn kernel,4
dry stuffing mix such as stove top,4
ice as needed,4
farmer s cheese,4
dry mushroom gravy mix,4
greek yogurt such as fage,4
fluid ounce jagermeister liqueur,4
english cucumbers and,4
kosher pickle,4
cold egg,4
frozen crawfish tails thawed,4
top sirloin,4
cilantro sprig,4
chunky pasta sauce,4
guanciale cured pork cheek,4
black eyed peas sorted and rinsed,4
avocados with pits removed,4
tomatillos husked and quartered,4
avocado from mexico,4
plain popped popcorn,4
spring chicken,4
duck liver,4
figs stemmed and quartered,4
quart hot water,4
petite tomatoes drained,4
papaya paste,4
frozen onion,4
maraschino cherries quartered,4
salad green,4
quarts strawberry,4
asiago cheese blend,4
jell o oreo instant pudding pie filling mix,4
yellow pepper,4
rotisserie chicken meat,4
italian dressing mix,4
pam baking spray,4
bacon piece,4
chinese white rice wine,4
butternut squash and cut into inch cube,4
pickled jalapeno,4
gumdrop,4
hot dogs cut into inch piece,4
mori nu tofu,4
strawberry kiwi gelatin powder,4
tomatoes and green chiles undrained,4
freshly shaved parmesan cheese,4
low sodium italian tomato,4
sauerkraut drained and,4
goya oregano leaf,4
baba ghanoush,4
asian chile paste such as sambal oelek,4
moist coconut,4
canned chipotle pepper in adobo sauce,4
white meat chicken,4
vanilla wafers very fine,4
new mexico red chile powder,4
chinese black vinegar,4
cajun spice rub mix recipe,4
semi sweet chocolate chunk,4
bar chocolate candy bar,4
center cut pork loin chop,4
sprigs mint leaves for garnish,4
blackberry gelatin,4
juice of lemon,4
lemon zest for garnish,4
zest of one orange,4
prepared ranch dressing,4
cartons low sodium chicken broth,4
chicken flavored dry stuffing mix,4
smoked beef sausage,4
reduced fat cream of chicken soup,4
head red leaf lettuce torn,4
dry grit,4
vegetarian beef bouillon powder,4
venison deer meat,4
olive oil as needed,4
eggs at room temperature separated,4
tomato flavored bouillon,4
sun tomatoes with italian herb,4
splash dry white wine,4
leeks white and light green parts only,4
dry navy beans soaked overnight,4
taco size corn tortilla,4
pint blueberries rinsed and drained,4
shrimp meat,4
whole wheat honey graham cracker,4
imagine vegetable broth,4
crystallized ginger ginger syrup amp ginger sugar,4
magic baking powder,4
limes rind of,4
dark sweet red cherry,4
dry farina cereal such as cream of wheat,4
chocolate liqueur,4
raspberries for garnish,4
extra zucchini,4
french baguette into inch round,4
tomatoes and green chiles such as ro tel,4
canned mango,4
pasilla chile pepper,4
deep dish frozen pie crust,4
for garnish,4
tri colored corkscrew macaroni,4
trail mix,4
grainy dijon mustard,4
oreo chocolate sandwich cooky,4
cannellini white kidney beans rinsed and drained,4
oscar mayer bacon,4
lamb gravy,4
mango seeded and,4
cameo apple,4
cocktail wiener,4
turkey thigh,4
japanese nori,4
gallons peanut oil for frying,4
bar milk chocolate candy,4
ready made pizza crust,4
white potatoes with skin,4
strawberries with sugar,4
devil s food cake mix with pudding,4
head cabbage cored and cut into chunk,4
french onion soup mix,4
wheat flake cereal,4
provolone,4
mirin japanese rice wine,4
sprigs thyme leaf,4
soy grit,4
crumbled garlic and herb feta cheese,4
cheese flavored cracker,4
diet lemon lime soda,4
fluid ounce cans fruit punch,4
fluid ounce grapefruit juice,4
asian fish sauce nuoc mam,4
cornmeal for rolling,4
mandarin oranges drained and,4
potato cheese pierogi,4
philadelphia neufchatel cheese softened,4
thai garlic chile paste,4
unsalted cashew nut,4
voskos nonfat honey greek yogurt,4
elderberry wine vinegar,4
pods star anise,4
vegan chocolate,4
italian style whole tomato,4
bulb fennel and,4
seasoned tomato sauce,4
yogurt cheese labanee in arabic,4
nonfat greek yogurt,4
reduced sodium stewed tomato,4
sprigs mint leaf,4
stew beef,4
rice and sauce mix,4
dry white wine such as chardonnay,4
ready to use refrigerated pie crust,4
mild,4
fluid ounces root beer,4
vegetarian gelatin,4
black beans with liquid,4
pork blade roast,4
roma plum tomatoes lengthwise,4
ball burrata cheese,4
lemon cut in half,4
raisins soaked in water and drained,4
shallot and,4
cherry baking chip,4
swanson chicken broth regular goodness,4
prepared spicy mustard,4
boiling chicken stock,4
red ale,4
clams drained with juices reserved,4
wooden,4
frozen black eyed pea,4
beef sausage,4
drunken cherries aka cherry bomb,4
grain sorghum,4
drained sauerkraut,4
dry ancho chily,4
barley nugget cereal,4
bag corn tortilla chip,4
diagonally celery,4
beet and,4
realime juice,4
calamari tube,4
mexican vegetarian meat substitute,4
canned,4
apples cored and quartered,4
metal skewer,4
head radicchio,4
red pinto bean,4
achiote paste,4
beef heart,4
ranch salad dressing mix,4
fillets mahi mahi,4
bag corn chips such as frito,4
little smoked sausage,4
seeded jalapeno pepper,4
chili beans in sauce,4
spice islands fine grind sea salt,4
red chile honey,4
frozen green beans thawed,4
bagoong,4
watercress and,4
tofu hot dog,4
inch slice ginger,4
fideo pasta,4
bittersweet chocolate coarsely,4
lard melted,4
mushrooms drained liquid reserved,4
warm skim milk,4
harusame noodle,4
fat free creamy salad dressing ie fat free miracle whip tm,4
jeera seed,4
colored rotini pasta,4
steak seasoning such as montreal steak seasoning,4
wood ear mushroom,4
sea bass,4
popcorn kernel,4
don s flavor enhancer with very low sodium,4
romaine lettuce leaves torn into bite size piece,4
salt and freshly cracked black pepper to taste,4
water at room temperature,4
skinned hazelnut,4
red pepper hummu,4
pickle slice,4
oat cereal rings such as cheerio,4
recipe pastry for a inch double crust deep dish pie,4
mushroom pieces and stem,4
panko japanese style bread crumb,4
fluid ounce half and half,4
fluid ounce jiggers amaretto liqueur,4
italian sweet vermouth,4
mixed peppercorn,4
loaf italian bread cut in half lengthwise,4
banana frozen,4
herb and garlic flavored cream cheese,4
beets leaving inch of stems attached,4
full fat coconut milk,4
reynolds oven bag size,4
sweet relish,4
pastry for double crust pie,4
tri colored spiral pasta,4
herb seasoned stuffing mix such as pepperidge farm herb seasoned stuffing,4
oranges and segmented,4
canned garbanzo beans drained,4
dole mandarin oranges drained,4
box toothpick,4
dole pineapple chunks drained,4
apricot jelly,4
chocolate covered mint,4
asparagus tips drained,4
clear vanilla extract,4
dashi granule,4
kashmiri red chili powder,4
bananas frozen and chunked,4
leek bulb only,4
dark red kidney beans drained,4
chocolate soy milk,4
green chilies undrained,4
kala jeera,4
bottle blue cheese salad dressing,4
bottled bloody mary mix,4
gallons cold water,4
juice from one lime,4
freshly cumin seed,4
fluid ounce bottle russian style salad dressing,4
shortbread cooky,4
pinto beans washed,4
nectarine pitted and,4
groundnut,4
canned pineapple in juice,4
earl grey tea bag,4
bibb lettuce leaf,4
mango chunk,4
oil sun tomatoes drained and cut into strip,4
banana cut into pieces and frozen,4
dry mixed bean,4
kala namak,4
lemon juice to taste,4
pace picante sauce,4
white enriched flour,4
lactaid cottage cheese,4
canned black eyed peas rinsed and drained,4
fluid ounce can frozen pink lemonade concentrate thawed,4
for the pie,4
splash olive oil,4
matzo farfel,4
rock cornish hen,4
dry spaghetti sauce mix,4
smoked almond,4
bars milk chocolate candy bar,4
ro tel tomatoes and onion,4
lamb shoulder chop,4
brussels sprouts and scored,4
inch unbaked pie crust see footnote for recipe link,4
worcestershire sauce to taste,4
yellow summer squash cut into inch slice,4
whole red chily,4
quarts mussel,4
smoked fontina cheese,4
chipotle mayonnaise,4
herbed goat cheese,4
canned tomatoes drained and,4
mixed candied fruit,4
quick cooking couscou,4
avocados and,4
non fat dry milk,4
fluid ounce jigger citron vodka,4
strong brewed coffee cold,4
bottles ginger ale,4
belgian chocolate,4
prepared hummu,4
buddha s pizza pie crust,4
frozen phyllo dough thawed,4
roma plum tomatoes and,4
chutney sauce,4
aunt sue s unfiltered honey,4
creamy goat cheese,4
egg substitute such as egg beater,4
ragu classic alfredo sauce,4
beef bone,4
silver tequila,4
heads escarole,4
green tea bag,4
onion salt to taste,4
unpeeled apple,4
cinnamon stick broken in half,4
bananas cut into chunk,4
sprigs flat leaf parsley,4
chipotle black bean chili,4
chinese cooking wine,4
dehydrated sun tomato,4
avocados pitted and,4
box barilla spaghetti,4
lobster head,4
frozen chicken nugget,4
strong rich coffee,4
chipotle sauce,4
low calorie sweetener such as swerve,4
head lettuce torn into piece,4
spice islands saigon cinnamon,4
beef sirloin roast,4
frozen tater tot,4
bottle russian style salad dressing,4
warm water to degrees f degrees c,4
squares semisweet baking chocolate,4
vanilla flavored soy milk,4
mild italian sausage link,4
fillets cod fillet,4
strawberries hulled and quartered lengthwise,4
extra eggs beaten,4
broccoli florets cut into bite size piece,4
oops it s a fat free pizza crust,4
pre italian pizza crust,4
sun tomatoes cut into strip,4
magic white sauce and variation,4
quart vegetable oil,4
hot pepper flake,4
vegan margarine such as earth balance,4
white kidney beans cannellini rinsed and drained,4
fish,4
meringue,4
mandarin oranges drained and liquid reserved,4
braunschweiger liver sausage,4
fine egg noodle,4
bread cut into cube,4
prepared chocolate fudge frosting,4
loaf round crusty italian bread,4
cayenne pepper hot sauce,4
boudoir biscuit,4
pomegranate seeds of,4
imitation crab meat flaked,4
fluid ounce can frozen apple juice concentrate thawed,4
soy based liquid seasoning such as maggi,4
round steak cut into bite size piece,4
orange food coloring,4
waffle,4
cinnamon raisin bread,4
lemon pepper seasoning mix,4
light cream cheese with chives and onion,4
pepperoni quartered,4
cherry pepper,4
canned artichoke hearts drained and,4
reduced fat reduced sodium cream of chicken soup such as campbell s healthy request,4
granny smith,4
celery heart,4
dill pickle slices drained,4
garlic flavored crouton,4
fine bulgur,4
low fat plain greek style yogurt,4
romaine heart,4
pints raspberry,4
fire tomatoes drained,4
soybean oil,4
sugar snap peas strings removed,4
plantains and broken into chunk,4
rice pudding,4
unsweetened apple juice concentrate,4
bonito tuna,4
powdered chocolate drink mix such as nesquik,4
bunches mustard green,4
romaine lettuce torn,4
reduced sodium teriyaki sauce,4
loaf round bread,4
guajillo chile pepper,4
hershey s cinnamon chip,4
chunky blue cheese dressing,4
canned green bean,4
pineapple and orange juice blend,4
maille honey dijon mustard,4
pork leg,4
frozen spinach thawed well drained,4
fluid ounces sweetened condensed milk,4
apple cored,4
frozen hash brown patty,4
shaved semisweet chocolate for garnish,4
crumbled gorgonzola,4
freshly pecorino romano cheese,4
toothpicks soaked in water,4
dole pineapple chunk,4
instant onion,4
turkey thigh meat,4
progresso chicken broth,4
vanilla bean lengthwise,4
venison tenderloin,4
bunches watercress,4
alpine lace reduced fat swiss cheese,4
cantaloupe chunk,4
sheet frozen puff pastry,4
watermelon radish,4
reynolds wrap pan lining paper,4
tomatillos husked and cut in half,4
pearl sugar,4
masa harina mix,4
wooden craft stick,4
mandarin oranges drained with liquid reserved,4
barilla traditional basil pesto,4
liquid pectin,4
colby longhorn cheese,4
sponge cake,4
reduced sodium black beans rinsed and drained,4
ears white corn,4
box elbow macaroni,4
thai chile sauce,4
cocoa powder sifted,4
plain soy milk,4
lollipop stick,4
peaches drained and,4
dry cannellini bean,4
quart orange sherbet,4
pears and,4
truvia sweetener spoonable plu,4
pound lobster,4
holland house white cooking wine,4
oranges and sectioned,4
mango and seeded,4
hot sauce such as frank s red hot,4
lecithin,4
quart beef stock,4
mazola vegetable plus oil,4
mccormick paprika,4
teriyaki marinade,4
coarsely coffee bean,4
texas red enchilada sauce,4
baguette cut into inch slice,4
bite size corn square cereal such as corn chex,4
red food color,4
balsamic,4
frozen bananas cut into chunk,4
day old french bread,4
hot madras curry powder,4
scoop vanilla whey protein powder,4
envelope sloppy joe seasoning,4
beef chuck pot roast,4
low sodium low fat vegetable broth,4
barilla traditional sauce,4
plain potato chip,4
frozen pitted cherry,4
pareve margarine,4
ice as desired,4
sneaky chef make ahead white puree,4
bunches spinach,4
slices provolone cheese,4
garbanzo beans undrained,4
winter squash,4
oatmeal cooky,4
opal basil,4
freshly parmesan cheese to taste,4
dry white wine such as pinot grigio,4
beef tri tip steak,4
lard for frying,4
chipotle chili powder,4
box barilla elbow,4
frozen burger style crumble,4
chicken curry powder,4
butternut squash seeded and,4
beef sirloin tip,4
butternut squash cut into inch cube,4
sriracha hot chile sauce,4
peach flavored jell o mix,4
heads cabbage,4
hazelnut liqueur such as frangelico,4
frozen butter,4
sweet melon,4
tortellini cheese pasta,4
firmly dark brown sugar,4
recipe pastry for double crust pie,4
black eyed peas with liquid,4
frozen orange juice concentrate thawed and undiluted,4
sriracha chili garlic sauce,4
sun tomatoes not oil,4
raspberry syrup,4
soyabean nugget,4
semi sweet baking chocolate,4
mango slices with juice,4
brown,4
dark red kidney beans rinsed and drained,4
all purpose flour for rolling,4
turkey ham,4
soy miso,4
canola,4
black beans drain and reserve liquid,4
beets and cut into inch cube,4
blackberry juice,4
pouch progresso recipe starters creamy garlic with chicken stock cooking sauce,4
black beans rinsed,4
mixed spice traditional old fashioned english pudding spice,4
pint vanilla ice cream softened,4
red grapefruit and sectioned,4
zucchini cut into bite size piece,4
canola cooking spray,4
honey warmed slightly,4
pumpernickel bread,4
cream sauce,4
kale torn into bite sized piece,4
garnishes if desired,4
bag nacho cheese flavored corn chips such as dorito,4
cod fillets cut into inch chunk,4
torn basil,4
smoked turkey sausage,4
water chestnut flour,4
sharp provolone cheese,4
kosher salt and cracked black pepper to taste,4
cilantro cream,4
chicken soup base such as better than bouillon,4
leftover turkey,4
marinated artichoke hearts liquid reserved,4
spectrum naturals canola oil,4
meringue powder,4
vegetarian italian sausage,4
coffee flavored extract,4
quart apple cider,4
celeriac celery root,4
wild duck breast,4
dry bulgur wheat,4
sea scallops rinsed and patted dry,4
frozen strawberries partially thawed,4
fluid ounces chicken stock,4
picked over turkey carcass,4
vegetable oil for pan frying,4
broccolini,4
bottled teriyaki sauce,4
tart green apples cored and,4
starkist lemon and cracked pepper tuna fillet,4
kikkoman hoisin sauce,4
fry bread,4
ham cut into one inch cube,4
very warm water degrees f to degrees f,4
mazola cooking spray,4
seedless english cucumber,4
apple quartered,4
french baguette cut into diagonal inch slice,4
french toast,4
skin on bone in chicken thigh,4
fluid ounce hazelnut liqueur,4
lima beans rinsed and drained,4
braunschweiger liverwurst,4
bottle honey barbecue sauce,4
low fat corn tortilla,4
bulb shallot,4
bunch cilantro,4
freshly lemon peel,4
fluid ounce jiggers cranberry juice,4
whole onion,4
dickinson s lemon curd,4
croissant,4
uncle ben s chicken flavored wild rice,4
gummi worm,4
white tuna,4
pears and cored,4
splenda sugar blend,4
avocado pitted,4
berry flavored vodka,4
turkey breast half,4
instant mashed potatoes with butter and herb,4
chinese wheat noodle,4
box dry fettuccine pasta,4
flat beer,4
arugula coarsely,4
maraschino cherries with juice,4
turkey escalope,4
green tomatoes cut into inch slice,4
green olives with pimento,4
eggs beaten well,4
sugar free instant banana cream pudding mix,4
cole slaw dressing,4
table cream,4
red kidney beans rinsed and drained,4
avocados from mexico pitted and,4
cinnamon flavored applesauce,4
fluid ounces hazelnut liqueur,4
refrigerated dinner roll dough,4
parmesan reggiano cheese,4
green olives drained,4
salt and cayenne pepper to taste,4
new york style pizza sauce,4
taco seasoning budget friendly seasoning for tacos burrito,4
herbsaint,4
steelhead trout fillet,4
serviceberry,4
ice cubes for serving,4
pasta salad,4
radiatore pasta,4
pimento cheese spread,4
bottle caesar salad dressing,4
yeast energizer,4
blanched whole almond,4
bottle lemon lime flavored carbonated beverage chilled,4
shell shaped pasta,4
avocados lengthwise and pitted,4
buttery spread,4
process cheese food,4
pickled pearl onion,4
peppermint hard candy,4
new york style pizza dough,4
butternut squash and cut into inch piece,4
beaten egg yolk,4
tahini sauce,4
gallon clean snow,4
caramels unwrapped,4
fluid ounces melon liqueur,4
lychee syrup,4
fluid ounce coffee liqueur,4
fluid ounce raspberry flavored liqueur such as chambord,4
annatto powder,4
and drained spaghetti,4
fluid ounce cola,4
links spicy pork sausage,4
buitoni refrigerated freshly parmesan cheese,4
sweet red bell pepper,4
tatsoi,4
soy sauce such as kikkoman,4
light mayonnaise such as hellmann s light,4
cracked ice,4
instant lasagna noodle,4
quarts orange juice,4
fluid ounce brandy based orange liqueur such as grand marnier,4
bottles champagne chilled,4
bottle italian dressing,4
rye whiskey,4
hormel chili no bean,4
hummus spread,4
deli turkey breast,4
cola flavored carbonated beverage such as coca cola,4
chili paste,4
pizza dough bread machine,4
pitted black olives drained,4
jellybean,4
oranges and,4
buttery cracker,4
colored sugar,4
fluid ounce jigger vanilla vodka,4
lumpia wrapper,4
baking mix aka quot bisquick quot,4
condensed minestrone soup,4
quart blueberry,4
fluid ounce sweetened lime juice,4
regular flavor jimmy dean pork sausage,4
currant jelly,4
ham cut into inch piece,4
semi sweet chocolate,4
fluid ounces sour mix,4
turkey giblet,4
neapolitan style pizza dough,4
canned tomatoes undrained,4
oscar mayer bacon crumbled,4
eggplant and cut into inch cube,4
dry onion and mushroom soup mix,4
tomatoes inch,4
slaw,4
german cooking chocolate,4
fluid ounce jigger melon liqueur,4
imitation crabmeat coarsely,4
parmesan crouton,4
clover honey,4
cream of asparagus soup,4
kosher salt for rimming glasse,4
duck leg,4
crispy corn and rice cereal,4
jalape o pepper,4
frozen chicken wing,4
portobello mushrooms cut into inch piece,4
canned garbanzo beans rinsed and drained,4
fluid ounce blue curacao liqueur,4
popsicle stick,4
bar milk chocolate,4
wooden pop stick,4
cajun seasoning such as emeril s essence,3
kaffir lime leaves torn,3
creamed cottage cheese,3
frozen bite sized potato nuggets such as tater tot,3
anise flavored liqueur such as pernod,3
zucchini cut into strip,3
fluid ounce freshly squeezed lime juice,3
goldfish cracker,3
chicken noodle soup mix,3
pouch uncle ben s ready rice original long grain,3
smoked salt,3
canned white beans rinsed and drained,3
kikkoman pearl original soymilk,3
warm mashed potato,3
green onions white portion only,3
bottles chili sauce,3
tart,3
kraft zesty italian dressing,3
beer room temperature,3
dry beef stew seasoning mix,3
raspberry balsamic vinegar,3
top sirloin steak,3
creamy ranch salad dressing,3
smoked provolone cheese,3
extra hot prepared horseradish,3
fl oz cans chicken chunk,3
bulb garlic clove,3
mccormick original country gravy mix,3
leaves thai basil,3
bread cut into inch cube,3
tomato wedge,3
asparagus tough end,3
canned tomatoes with juice,3
littleneck clams scrubbed and rinsed,3
mccormick taco seasoning mix,3
mission taco flour tortilla,3
grinds cracked black pepper,3
kaiser rolls split and,3
pitted sour cherries drained with liquid reserved,3
bean dip,3
flaked crabmeat,3
cannellini beans undrained,3
sweet white corn,3
jalapeno pepper with seed,3
unseasoned dry bread stuffing mix,3
sprig thyme leaves stripped,3
hot banana pepper,3
low sodium cream of mushroom soup,3
imitation crab meat,3
almond oil,3
gluten free chocolate chip,3
fluid ounce bottle irish stout beer such as guinness,3
bacon bits such as hormel,3
ready to serve creamy tomato soup,3
quarts buttermilk,3
light,3
masa harina flour mexican corn masa mix,3
dole reg banana,3
leftover turkey carcass,3
bratwurst link,3
potato roll,3
blanched green pea,3
pita chip,3
avocados from mexico and pitted,3
flour tortillas cut into inch piece,3
biscuits crumbled,3
dark rye bread,3
garbanzo beans drained rinsed,3
sandwich,3
french onion dip,3
barilla tomato basil sauce,3
spicy bulk pork sausage,3
sprig tarragon,3
queso fresco crumbled,3
head cauliflower floret,3
oriental flavored ramen noodle,3
softened unsalted butter,3
cavatappi corkscrew pasta,3
for the crust,3
wax bean,3
pasteurized prepared cheese product,3
box uncle ben s brown rice quinoa red pepper,3
inch square spring roll wrapper,3
low fat cream of celery soup,3
mostaccioli,3
round tip steak,3
wheat,3
steak cut into bite size piece,3
romaine lettuce torn into bite size piece,3
assorted vegetables pepper,3
barilla marinara sauce,3
eggs scrambled,3
unsweetened dark cocoa powder,3
yellow squash cut into inch cube,3
radishes quartered,3
buttery crackers such as keebler club cracker,3
cremini mushrooms quartered,3
coarsely cabbage,3
butternut squash quartered and seeded,3
rinsed and drained canned black bean,3
chestnuts drained,3
pitted bing cherries drained juice reserved,3
bottle lager style beer,3
fine italian bread crumb,3
sweet chile sauce,3
sweet onion such as maui,3
tomatoes with mild green chilies undrained,3
canned corned beef,3
himalayan salt to taste,3
pouch progresso recipe starters creamy three cheese cooking sauce,3
vanilla flavored vodka,3
pasteurized process cheese spread such as cheez whiz,3
bunches radishe,3
crispy wheat cereal square,3
low sodium teriyaki sauce,3
peach and,3
black beans and drained,3
parmesan romano cheese blend,3
diagonally green onion,3
oranges zested,3
spanish smoked paprika,3
pineapple piece,3
trassi oedang,3
goya lemon juice,3
almonds coarsely,3
flat rice noodle,3
turkey breast meat,3
boiling chicken broth,3
double concentrated tomato paste,3
green onion white and light green part,3
eggs beaten slightly,3
link italian sausage,3
full fat greek yogurt,3
dark red kidney beans undrained,3
goya low sodium black beans drained and rinsed,3
lamb shoulder cut into inch cube,3
sardines in olive oil,3
frozen brussels sprouts thawed and,3
creole style seasoning to taste,3
snap pea,3
shallots coarsely,3
jalapeno pepper ring,3
coconut drained and meat,3
herb and garlic soup mix,3
hearts of romaine lettuce,3
cracker barrel old cheddar cheese,3
no salt added tomatoes undrained,3
straw mushroom,3
spam with bacon,3
mustard greens washed and,3
brown sauce,3
classico four cheese alfredo sauce,3
strawberries for garnish,3
shaoxing cooking wine,3
frozen strawberry daiquiri mixer,3
lemon zested and,3
bottle french salad dressing,3
lemon cut into quarter,3
flax,3
seedless red grapes quartered,3
spaghetti broken in half,3
squirrel,3
mexicorn drained,3
eggplants and,3
hot sauce such as cholula,3
round red potato,3
herb and garlic feta,3
green onions white and pale green parts only,3
lightly parsley leaf,3
lemon juice concentrate,3
no yolks broad noodle,3
filtered,3
peanuts for topping,3
taco filling,3
steak seasoning rub,3
heads cabbage cored,3
cold club soda,3
dry chicken gravy mix,3
imitation crab leg,3
peter pan creamy peanut butter,3
zucchini squash cut into noodles using a spiral slicer,3
heads napa cabbage,3
sage crumbled,3
goya vegetable oil,3
ranch salad dressing such as hidden valley original ranch,3
bison flank steak,3
asparagus spears cut into inch piece,3
green hot sauce,3
casserole,3
solid vegetable shortening,3
garbanzo beans drained reserve liquid and rinsed,3
sunflower seed butter,3
capers with juice,3
fluid ounce bottle oyster sauce,3
mushrooms stemmed and,3
nonfat cooking spray,3
coarsely leftover turkey,3
mirin sweetened rice wine,3
tart apple and,3
ginger cut into matchstick,3
campbell s healthy request condensed cream of mushroom soup,3
bison sausage with pepperoni seasoning,3
dry french onion soup mix,3
tater tots thawed,3
white long grain rice,3
almond slice,3
ore ida hash brown potato,3
black beans rinsed drained,3
tofu cut into inch strip,3
white quinoa,3
pickled red onion,3
puff pastry shell,3
pouch progresso recipe starters creamy parmesan basil cooking sauce,3
dry vegetable soup mix such as knorr,3
potato bread,3
kale rinsed and,3
quarts heavy cream,3
horizon butter,3
bunches turnip green,3
blackened seasoning,3
bag spinach rinsed and,3
spicy chili bean,3
deli style ham,3
apples cored,3
dark roast coffee bean,3
chicken flavored dry bread stuffing mix,3
red beans drained,3
turkey cutlet,3
tube polenta cut into inch slice,3
plain non fat greek style yogurt,3
vegetable bouillon such as knorr,3
mexican beer,3
head cabbage cored and quartered,3
hot chili sauce such as sriracha,3
voskos nonfat blueberry greek yogurt,3
pureed tomato,3
brine from olive jar,3
unbaked pastry shell,3
coarsely dry peanut,3
kale stems removed and discarded,3
beef round roast,3
razor clams cleaned and,3
kaffir lime leaves torn in half,3
non fat plain yogurt,3
hot onion,3
head cabbage cut into square,3
loaf sourdough bread,3
tomato based pasta sauce,3
quartered marinated artichoke hearts drained,3
mild green chile pepper,3
zucchinis quartered and,3
country crock spread,3
chickens cut into piece,3
yeast extract spread e g marmite vegemite,3
frozen cocktail shrimp,3
white mushrooms stems removed,3
dairy sour cream,3
ball mozzarella cheese,3
anchovy fillets in olive oil,3
orange quartered,3
salted sunflower kernel,3
canola oil for pan frying,3
loaf rye bread,3
lemon cut into slice,3
bunches asparagus and cut into inch piece,3
korean barbeque sauce,3
beaten egg white,3
clean scrubbed new red potato,3
garlic cheese spread,3
slivered almonds for topping,3
aleppo pepper flake,3
freekeh,3
turnips and cut into chunk,3
oyster mushrooms stemmed and,3
campbell s condensed cheddar cheese soup,3
condensed cream of asparagus soup,3
waxed paper,3
hard eggs and quartered,3
orange flavored liqueur such as grand marnier,3
chili without beans such as hormel,3
baker s semi sweet chocolate chip,3
chicken carcass,3
prepared tomato sauce,3
lemon thyme leaf,3
avocados mashed,3
cajun style blackened seasoning,3
refined coconut oil,3
glutinous sticky white rice,3
corn oil for frying,3
leaf sage,3
dry lima bean,3
bone in skin on chicken breast half,3
lemon and herb seasoning,3
bottle hot pepper sauce such as frank s redhot,3
swiss chard and,3
oysters in shell,3
zucchini and cut into chunk,3
frozen cut green beans thawed and drained,3
chicken drumsticks and thigh,3
mccormick cheesy taco seasoning mix,3
seasoned salt such as johnny s seasoning salt,3
tamarind soup base,3
cornbread crumb,3
meaty ham hock,3
maple flavored sausage,3
smoked turkey breast,3
slices onion,3
mission fajita flour tortilla,3
pie crust mix,3
garlic chive,3
apples cored and cut into wedge,3
fluid ounces lemon lime soda,3
canned garbanzo beans chickpeas drained,3
homemade pie crust,3
plum tomatoes coarsely,3
bite size broccoli piece,3
loaf pumpernickel party bread,3
bone in center cut pork chop,3
canned red beans drained and rinsed,3
meat,3
rolled roast beef,3
collard greens rinsed and,3
onion granule,3
creamy,3
lightly cilantro leaf,3
envelope dry vegetable soup mix,3
old fashioned,3
whole chicken breast,3
frozen spinach thawed and drained well,3
pork skin,3
honey dijon salad dressing,3
cabbage coarsely,3
caramelized onion,3
country gravy mix,3
mayonnaise such as best food,3
condensed cream of chicken soup with herb,3
vegetarian chicken flavored bouillon granule,3
slivered red onion,3
loaf day old bread,3
wheat crackers such as wheat thin,3
torn escarole,3
del monte cut green beans drained,3
frozen corn niblet,3
fluid ounces teriyaki sauce,3
dijon mustard such as grey poupon,3
dry macaroni and cheese,3
yellow squash lengthwise and,3
slice onion,3
kecap mani,3
fluid ounce coconut flavored rum such as malibu,3
pita bread cut in half,3
celtic sea salt,3
canola oil for deep frying,3
chipotle flavored hot sauce,3
fluid ounces hot brewed coffee,3
red yellow,3
wooden skewers soaked in water for hour,3
steak sauce e g heinz,3
canned french onion,3
golden mushroom soup,3
coarsely celery,3
yellow and white corn,3
hot,3
leek white and light green parts only,3
turnip green,3
bumble bee solid white albacore tuna in water drained and chunked,3
less sodium chicken broth,3
leaf mint,3
banana chip,3
new york strip steaks cut inch,3
cut up chicken,3
vanilla greek style yogurt,3
turkey tenderloin,3
multi grain penne pasta,3
macadamia nut oil,3
rotini,3
dry breadcrumb,3
green split pea,3
prepared horseradish sauce,3
one lemon juiced,3
granulated garlic powder,3
red and green candy coated chocolate,3
bartlett pears cored and,3
hot dogs cut into inch slice,3
seasoned salt such as spice islands beau monde seasoning,3
spinach well drained,3
bean threads cellophane noodle,3
sauerkraut drained and pressed,3
potato chips such as lay s,3
quart olive oil for frying,3
buttermilk ranch dressing,3
kikkoman less sodium soy sauce,3
frozen country style hash brown potato,3
crescent roll dough unrolled and into triangle,3
chilled champagne,3
refrigerated biscuit dough separated and,3
calvados apple brandy,3
loaf bread crusts removed,3
sweet soy sauce indonesian kecap mani,3
pecorino romano cheese such as locatelli,3
white hominy rinsed and drained,3
sheets nori seaweed sheet,3
marinated artichoke hearts drained and reserve marinade,3
garlic and herb seasoned dry bread crumb,3
nonfat vanilla ice cream,3
spice islands onion powder,3
asian five spice powder,3
pine nuts lightly,3
bottle french dressing,3
asian style salad dressing,3
patty,3
roux,3
guajillo chile powder,3
refrigerated biscuit dough such as pillsbury,3
sambal oelek chile paste,3
quarts turkey broth,3
thai,3
pitted and coarsely kalamata olive,3
wish bone italian dressing,3
slices swiss cheese,3
restaurant style tortilla chip,3
oregano sprig,3
bag carrot,3
round steak cut into inch cube,3
beef rib,3
seeded and sugar pumpkin,3
seasoned black bean,3
guajillo chile,3
loaves white bread,3
frozen shrimp without tail,3
sprig thyme leaf,3
mushrooms coarsley,3
sazon seasoning with coriander and achiote such as goya,3
hot chicken wing sauce,3
cheese sauce such as ragu double cheddar,3
cabernet sauvignon,3
condensed cream of chicken and mushroom soup,3
plum tomatoes with juice,3
carapelli extra virgin olive oil,3
frozen pizza dough thawed,3
center cut bacon,3
bottle zesty italian style salad dressing,3
taco seasoning mix such as old el paso,3
blood orange,3
bottle tomato vegetable juice cocktail such as v,3
tofu cut into slice,3
carapelli premium italian extra virgin olive oil,3
ginger and coarsely,3
mesquite seasoning,3
old bay seasoning tm to taste,3
wheat linguine,3
bottled marinara sauce,3
shucked oysters drained,3
sargento reduced sodium mozzarella cheese,3
mirin sweetened asian wine,3
cream of broccoli soup,3
frozen puff pastry shells thawed,3
mustard sauce,3
dole pineapple slice,3
sausage dripping,3
marinara sauce heated,3
cornbread,3
hot brown rice,3
crumbled buttery round cracker,3
queen anne cherry,3
shaoxing rice wine,3
balsamic glaze reduced balsamic vinegar,3
cold buttermilk,3
adobo seasoning such as goya,3
parmesan romano cheese,3
pickled gherkin,3
pods green cardamom,3
rib roast,3
mexican style hot tomato sauce such as el pato,3
cheddar cheese soup,3
unseasoned rice vinegar,3
fluid ounce can tomato vegetable juice cocktail,3
fluid ounces worcestershire sauce,3
tomatoes including juice,3
french rolls split,3
frozen mixed stir fry vegetable,3
roma tomatoes lengthwise,3
pomegranate skin and light colored membrane removed,3
thai style sweet chili sauce,3
fig preserve,3
coarsely spinach,3
bottled caesar salad dressing,3
buffalo sauce,3
sesame seed oil,3
quart heavy whipping cream,3
fine dutch rusk crumb,3
lentils picked over and rinsed,3
green onions white part only,3
reduced fat ranch dressing,3
hellmann s,3
loaf french bread horizontally,3
cocktail sausage,3
frozen broccoli carrots and cauliflower combination,3
hawaiian bread rolls such as king s split,3
duck fat,3
freshly lime zest,3
pot roast,3
eggplant into round,3
italian turkey sausage,3
leftover ham,3
ham slice,3
bananas cut into bite size piece,3
lactaid whole milk,3
cold heavy cream,3
box whole wheat rotini pasta,3
loaf processed cheese such as velveeta,3
buffalo mozzarella,3
sea salt and cracked black pepper to taste,3
canned bamboo shoots drained,3
smoked ham shank,3
chile powder with lime such as tajin,3
eggs lightly whisked,3
cilantro stems and leaves separated,3
canned pineapple chunk,3
hawaiian sweet roll,3
shelled peanut,3
orange wedge,3
quart eggnog,3
meatloaf seasoning mix,3
swanson mexican tortilla flavor infused broth,3
flat leaf parsley leaf,3
refrigerated hash brown potato,3
peach halves drained,3
crumbled herbed feta cheese,3
zucchini cut in half lengthwise,3
barbecue sauce your choice,3
silk unsweetened coconutmilk,3
turkey pepperoni,3
quarts peanut oil for frying,3
leaves bibb lettuce,3
chili powder such as gebhardt,3
fluid ounces dry white wine,3
italian herb blend,3
tomatoes undrained and,3
pequin chile pepper,3
petite tomatoes in juice,3
prebaked pizza crust such as boboli,3
frozen cheese tortellini,3
leaves bok choy,3
french roll,3
unsweetened baking chocolate,3
lamb loin chop,3
and ginger root,3
fluid ounce can pale ale,3
frozen peas thawed and drained,3
thai chili paste,3
freshly horseradish,3
red thai chile pepper,3
bottle hot sauce,3
fully ripened avocados from mexico pitted and,3
monterey jack,3
campbell s condensed creamy poblano queso soup,3
tomatoes cored and,3
hoagie roll,3
pint water,3
garlic puree,3
garlic butter,3
dole red onion,3
canilla extra long grain rice,3
pea shoot,3
whitefish fillet,3
achiote annatto seed,3
pita breads warmed,3
grapefruit cut in half,3
gallon chicken stock,3
asparagus spears drained,3
non fat greek yogurt,3
crumbled red chile pepper,3
cinnamon chex cereal,3
for the soup,3
spicy sausage,3
pork butt shoulder,3
orange bitter,3
philadelphia chive onion less fat than cream cheese,3
fluid ounce hazelnut liqueur such as frangelico,3
sprigs rosemary leaf,3
crumbled low fat feta cheese,3
dry elbow macaroni,3
frozen cut okra thawed,3
strawberry flavored cream cheese,3
cumin to taste,3
prepared ranch salad dressing,3
french baguettes cut into inch slice,3
unopened live oyster,3
and deveined shrimp to per pound,3
chevre goat cheese,3
frozen whole green bean,3
crisco canola oil,3
seeded plum tomato,3
cauliflower rice,3
chickens each cut into piece,3
tomatoes such as hunt s,3
kentucky bourbon,3
torn dandelion green,3
dark sweet cherries pitted and,3
egg beaters original,3
hanger steak,3
spice islands oregano,3
progresso plain panko crispy bread crumb,3
white sugar substitute,3
dry corn muffin mix such as jiffy,3
mexican style processed cheese food,3
sweet soy sauce,3
lard chilled and cut into piece,3
bottled margarita mix,3
spinach washed stems removed,3
good local honey,3
bottled barbecue sauce,3
heavy duty aluminum foil,3
fluid ounces red wine,3
fluid ounces triple sec liqueur,3
green beans drained and rinsed,3
herbed goat cheese chevre,3
flaked smoked salmon,3
pineapple tidbits in juice,3
loaves french bread,3
to taste salt and pepper,3
fluid ounce cans chicken broth,3
pizza sauce warmed,3
chicken soup base paste,3
bottle burgundy wine,3
beef tamale,3
pan cornbread cooled and crumbled,3
pods snow pea,3
fully spiral cut ham,3
gala apple cored and,3
smoked sweet paprika,3
pineapple fruit preserve,3
flour tortillas cut into strip,3
apple cored and cut into chunk,3
ramen noodle pasta,3
salt or to taste,3
hungarian hot pepper,3
blue corn tortilla chip,3
boca meatless chili,3
bar german sweet chocolate,3
pink grapefruit juice of,3
sifted unbleached all purpose flour,3
pickled red peppers such as peppadew,3
westphalian ham,3
sirloin lamb chop,3
fluid ounce red food coloring,3
beef sirloin tip steak,3
blachan,3
cakes cake yeast,3
carton campbell s sweet onion soup,3
wondra reg instant flour substitute,3
all purpose flour plus more as needed,3
tapioca pearl,3
powdered protein supplement,3
quart tomato juice,3
mccormick black pepper coarse grind,3
asian chili pepper,3
fluid ounce vodka such as absolut,3
arugula leaves washed and,3
graham cracker cheesecake crust,3
chicken apple sausage,3
chunk white chicken,3
sponge cake cut in cube,3
lemon filling,3
chicken wings and drummette,3
chinese cabbage,3
powdered sugar for dusting,3
persimmons pureed,3
homemade vanilla,3
fluid ounces heavy whipping cream,3
sodium free ketchup,3
herbed vinaigrette,3
thawed whole turkey,3
cherry flavored gelatin mix such as jell o,3
lowfat milk,3
black cherry flavored jell o mix,3
sweet apples cored and,3
fluid ounces white creme de cacao,3
linseed sunflower seeds and almond mix,3
fluid ounce can frozen raspberry lemonade concentrate,3
oysters liquid reserved,3
imported soy sauce,3
original unsweetened almond breeze almondmilk,3
premium tequila,3
wedges lemon for garnish,3
fluid ounce melon liqueur such as midori,3
baharat spice blend,3
strawberry slice,3
hard peppermint candy,3
fluid ounce jigger creme de cacao,3
honey maid graham crumb,3
greek tzatziki,3
dry fettuccine noodle,3
x inch pieces of parchment paper,3
mix,3
yellow hominy drained,3
blue agave nectar,3
shortbread crust,3
maraschino cherries for garnish,3
low fat extra silken tofu,3
raspberry juice,3
tomatoes cut into bite sized piece,3
las palmas green chili sauce,3
bags green tea,3
calamari ring,3
light demerara sugar,3
italian brandy,3
pecans broken into piece,3
herdez red salsa,3
leaves napa cabbage,3
hard eggs cut into wedge,3
coarsely garlic,3
fat free sweetened condensed milk,3
gray salt,3
salted plum,3
star s garlic flavored red wine vinegar,3
elbow macaroni and drained,3
sour cherries pitted,3
crisco butter flavor all vegetable shortening,3
vegan pepperoni,3
chocolate topping,3
panettone,3
any flavor ramen noodle,3
tofu yogurt,3
bone in pork loin chop,3
portobello mushrooms stemmed and,3
creamy pesto sauce mix,3
fluid ounce raspberry vodka,3
zucchini coarsely,3
olive oil flavored pam,3
ultragrain all purpose flour,3
low salt ham,3
coconut in heavy syrup,3
light tuna in water,3
powdered green tea,3
sweetened cream of coconut such as coco lopez,3
turkey sausage link,3
cedar plank,3
box barilla pronto rotini,3
sprig basil for garnish,3
bone in beef shank,3
almond breeze almondmilk vanilla,3
pureed date,3
whole wheat couscou,3
dark chocolate chunk,3
fuyu persimmons and,3
butternut flavored extract,3
fluid ounces banana liqueur,3
bird s custard mix,3
kraft light zesty italian dressing,3
milk scalded,3
pint cherry tomatoes cut in half,3
lemons cut into wedge,3
kudzu leaf,3
and ginger,3
spiced apple cider,3
dole pineapple undrained,3
thawed whipped topping,3
ziti,3
spearmint oil,3
brownie layer,3
coarsely green pepper,3
ginger brandy,3
lemon peel curl,3
raisin bran cereal,3
tofu cut into chunk,3
canned unsweetened pumpkin puree,3
squares baker s semi sweet chocolate,3
pyure liquid stevia extract vanilla flavor,3
tony s pizza dough,3
instant strawberry pudding mix,3
bottle dry red wine,3
mozzarella cheese stick,3
lite sour cream,3
head bok choy cut into inch strip,3
tilapia,3
vegetarian fish sauce,3
frozen chicken tender,3
for decorating,3
gumdrops no black one,3
strips orange zest,3
cook and serve vanilla pudding mix,3
bottle chile sauce,3
ocean spray blueberries cleaned and rinsed,3
ball of mozzarella cheese,3
cornish game hens lengthwise,3
fat free granola,3
pint shucked oyster,3
bite size cauliflower floret,3
pint strawberries rinsed and,3
chimichurri sauce,3
stout beer such as guinness,3
frozen prepared pie crusts thawed,3
milk chocolate candy kisses such as hershey s kisse,3
grain tortilla,3
andouille turkey sausage,3
filet mignon beef tenderloin,3
fluid ounce gold tequila,3
lemon vinaigrette,3
fideo noodle,3
strong brewed black tea,3
chocolate flavored crispy rice cereal,3
boned lamb,3
banana coarsely,3
french s french onion,3
sheets aluminum foil,3
moose,3
dark rye flour,3
base,3
eggplant in oil,3
rag sauce,3
spirulina powder,3
capacola sausage,3
fluid ounces mexican beer,3
fluid ounce carbonated water,3
head cauliflower and cut into bite size floret,3
fluid ounce creme de cacao liqueur,3
velveeta american cheese spread,3
hreesa harissa red pepper spice,3
bottles lemon lime flavored carbonated beverage chilled,3
beef sirloin tip roast,3
hot curry powder,3
sugar snap peas ends and strings removed,3
strawberries with leaf,3
fluid ounce bottle buffalo wing sauce such as frank s,3
leeks and,3
aspic,3
manioc starch,3
catfish meat,3
sprigs curry leaf,3
mozzarella cut into cube,3
fluid ounce jigger apple schnapp,3
dry pecan,3
basic butter crust,3
envelope ranch dressing mix,3
chocolate instant pudding mix,3
liquid mesquite smoke flavoring,3
avocado from mexico pitted and,3
vinaigrette salad dressing,3
cinnamon chips such as hershey s,3
vanilla sauce,3
fluid ounce jigger lime juice,3
white bread with crust,3
pork chops butterfly cut,3
freshly orange peel,3
red banana,3
smoky tempeh bacon,3
bbq sauce,3
arrowroot starch,3
fluid ounces lemon flavored vodka,3
fat free frozen whipped topping thawed,3
ranch style beans undrained,3
red kidney beans undrained,3
the art of making the perfect pizza dough,3
twist lemon zest,3
herb seasoning,3
steelhead trout,3
salmon filet,3
pitted and cherry,3
lobster meat cut into bite sized piece,3
pitted and plum,3
twist lime zest garnish,3
cookie dough,3
praline liqueur,3
mini semisweet chocolate chip,3
pears cored and cut into inch slice,3
mccormick ginger,3
sugar substitute,3
fluid ounce cream of coconut,3
lemon curd filling,3
old milwaukee beer,3
bottles moscato wine,3
gum tragacanth,3
fluid ounce cans frozen limeade concentrate,3
semisweet chocolate morsel,3
ziti rigati,3
fluid ounce jigger orange juice,3
fluid ounce jiggers rum,3
room temperature egg,3
red licorice,3
vegetarian mincemeat,3
ice cubes as desired,3
blueberry flavored yogurt,3
blueberries rinsed and,3
kiwifruit and,3
litchi,3
vegetarian fat free sugar free instant vanilla pudding mix,3
sweetened flake coconut,3
butterscotch topping,3
cherries with stem,3
bottled hot pepper sauce,3
sauerkraut rinsed and well drained,3
lite frozen whipped topping thawed,3
ramen noodles without flavor packet,3
instant mint chocolate pudding mix,3
deviled ham meat spread,3
fluid ounce jigger triple sec liqueur,3
fillets beef tenderloin,3
coffee infused vodka,3
cartons progresso chicken broth,3
mozzarella balls ciliegine,3
broken walnut,3
prepared fat free vanilla pudding,3
lemon wedges for garnish,3
cauliflower broken into floret,3
tomato sauce for chicago style pizza,3
cookie,3
mange tout pea,3
chicago style deep dish pizza dough,3
mozzarella cheese with sun tomatoes and basil,3
pint strawberries quartered,3
hot milk degrees f degrees c,3
fluid ounce agave nectar,3
kraft caramel,3
fluid ounce southern comfort liqueur,3
key lime juice of,3
pork jowl,3
cassava meal,3
fluid ounce jigger jagermeister liqueur,3
in search of the ultimate spaghetti pizza pasta sauce,3
fat free cream cheese with chive,3
wensleydale cheese with cranberry,3
bleached sultana raisin,3
light jarlsberg cheese,3
squares baker s semi sweet baking chocolate,3
flour tortilla mix,3
sandwich rolls split,3
guava shells in syrup,3
fat free sugar free instant white chocolate pudding mix,3
blackberry jelly,3
kittencal s italian tomato pasta sauce and parmesan meatball,3
white chocolate chips such as nestle,3
whipped cream such as reddi whip,3
graham crumb,3
chilled coconut milk,3
casaba melon,3
pear and,3
fruit layer,3
orange marmalade spreadable fruit,3
kashmiri garam masala,3
drained cottage cheese,3
pineapple spear,3
light margarine,3
saskatoon berry,3
ranch style chili bean,3
copycat lipton s onion soup mix,3
fuji apples cored and,3
lime for garnish,3
crumbled feta cheese with herb,3
giardiniera,3
fluid ounces lemon lime flavored soda,3
coarsely arugula stems included,3
fluid ounce chambord raspberry liqueur,3
fat free vegetarian chili,3
mexican seasoning mix,3
unsweetened light coconut milk,3
chicken style seasoning,3
coarsely cauliflower,3
my big fat greek seasoning,3
pressurized whipped cream,3
fat pork tenderloin,3
pet evaporated milk,3
crumb cake mix,3
ramen noodles broken into piece,3
broccoli coarsely,3
extra turkey,3
clear creme de menthe,3
granny smith apples and cored,3
nutella hazelnut spread,3
pumpkin such as libby s,3
fluid ounces spiced rum,3
stevia sugar substitute such as truvia,3
fillets walleye,3
cold whole milk,3
splenda no calorie sweetener granulated,3
cake batter,3
reduced fat frozen whipped topping thawed,3
crumb crust,3
maraschino cherries with stem,3
hunt s no salt added tomato paste,3
all purpose flour plus more for kneading,3
fluid ounces cognac,3
banana cut into inch slice,3
barilla angel hair pasta,3
frozen non dairy whipped topping thawed,3
caciocavallo,3
fluid ounce jiggers triple sec,3
all purpose flour plu,3
chocolate glaze,3
the essential harissa,3
caramel candy,3
mimolette cheese,3
reduced fat basil pesto,3
fruit preserve,3
bananas and cut into chunk,3
mint sprigs for garnish,3
toffee candy,3
pyure liquid stevia extract,3
kittencal s perfect pesto,3
artisan gluten free flour blend,3
manioc flour,3
canned yellow corn,3
tofu pocket,3
thai seasoning,3
fudge stripe cooky,3
fillets catfish fillet,3
fluid ounce orange curacao liqueur,3
fluid ounce bottle ketchup,3
cod fillets cut into inch cube,3
roxstarbakes swiss meringue buttercream,3
mandarin oranges with juice,3
red pepper jelly,3
fluid ounces amaretto almond flavored liqueur,3
lime slices for garnish,3
cherry flavored gelatin such as jell o,3
dry biscuit mix,3
strips lemon peel,3
prepared shortbread pie crust,3
magnolia bakery s vanilla birthday cake and frosting,3
kittencal s famous caesar salad,3
bar milk chocolate candy bar,3
fluid ounce cinnamon schnapp,3
gebhardt s chili gravy,3
frozen dark sweet cherry,3
lentils drained and rinsed,3
creamy tomato soup,3
frozen blueberries dry pack,3
warm milk to degrees f,3
vodka marinara sauce,3
prepared strawberry gelatin,3
coconut flavored rum such as malibu,3
non instant lemon pudding mix,3
nopal leaf,3
tubular pasta,3
hot fudge sauce,3
bag milk chocolate chip,3
smoked chicken breast,3
ricard,3
graham cracker into fine crumb,3
parmesan and mozzarella pasta sauce,3
vegetable shortening melted,3
dry rice stick noodle,3
fluid ounces hot water,3
cabernet sauvignon or other dry red wine,3
individual packages graham cracker,3
black eyed peas soaked overnight,3
california fig,3
hunt s fire tomatoes undrained,3
tangerines juice of,3
strawberries pureed,3
mangoes pitted and,3
hot green wasabi pea,3
amarena cherry,3
homemade powdered sugar with splenda and glaze,3
vegetarian chicken flavored broth,3
pumpkin bread,3
leftover turkey gravy,3
butter pecan cake mix,3
vegetarian stilton cheese,3
slices ginger,3
garbanzo beans with liquid,3
salsa verde such as herdez,3
prepared pizza sauce,3
frozen chicken breast,3
matchstick cut ginger,3
corn syrup such as karo,3
dry cornbread mix,3
box horizon classicmac pasta shells white cheddar cheese,3
mandarin oranges juice reserved,3
fudge brownie mix,3
inch whole wheat tortilla,3
french vanilla cake mix,3
tempeh crumbled,3
date filling for hamentaschen,3
cinnamon plus more for dusting,3
microwave popcorn,3
vegetarian mayonnaise,3
beef tripe,3
pancake mix such as bisquick,3
bottle rose wine,3
hillshire farm smoked sausage cut into inch slice,3
spaghetti sauce with meat,3
coarsely broccoli,3
deep dish prepared pie crust,3
brown rice syrup,3
vegetarian enchilada sauce,3
bulk hot pork sausage such as jimmy dean,3
baking mixture,3
self rising corn meal mix,3
bleached all purpose flour,3
condensed beef consomme,3
glace cherry,3
basic graham cracker crust,3
saigon cinnamon,3
very warm water,3
maraschino cherries garnish,3
crock pot italian tomato sauce,3
tube black decorating gel,3
white fish,3
for the sponge,3
maple flavoring,3
black shoestring licorice,3
tiger shrimp,3
bosc pears and cored,3
heads dill,3
fluid ounce bottle white grape juice chilled,3
sweet dark mustard,3
white swiss chard,3
recipe pastry for a single inch pie crust,3
red bell pepper flake,3
prepared green chile salsa,3
green bell pepper flake,3
unsweetened cocoa powder such as hershey s,3
wesson canola oil,3
broccoli cut into bite size piece,3
green chard leaf,3
tender quick salt,3
white fish fillet,3
bunches broccoli rabe,3
lea perrins white wine worcestershire sauce,3
fluid ounce can evaporated skim milk,3
semi sweet baking chocolate melted,3
simple syrup,3
canned pizza sauce,3
morningstar farms vegetarian breakfast link,3
aspartame sweetener,3
low sodium chicken,3
kale and,3
sugar peache,3
walnuts and,3
rice seasoning,3
prepared angel food cake torn into bite size piece,3
orange juice chilled,3
topside mince,3
brown gravy,3
caramel dip,3
quart blackberry,3
cocoa powder for dusting,3
lemon grass bruised and,3
smoked spanish paprika,3
caramel in a can,3
venison rump roast,3
jumbo semisweet chocolate chip,3
beef for stew,3
candied fig,3
frozen waffle,3
links pork sausage link,3
beets with liquid,3
unsalted spanish peanut,3
pear juice,3
chili beans with chipotle pepper,3
halibut cut into bite size piece,3
red star nutritional yeast,3
smokey seasoned salt,3
codfish roe,3
chinese radishe,3
pineapple coconut ice cream,3
fluid ounce containers vegetable broth,3
reduced calorie margarine melted,3
rocky road ice cream,3
head cauliflower cored and separated into floret,3
mild picante sauce,3
quart orange juice,3
pear halves well drained,3
medjool dates pitted and,3
basil sprig,3
lamb food,3
beef tri tip,3
vegetable oil as needed,3
vegetable shortening chilled,3
gluten free bread crumb,3
candied fruit,3
sour cream and chive flavored cream cheese,3
fillet swai fish,3
watermelon cut into bite sized chunk,3
crumb,3
red snapper cleaned and scaled,3
racks back pork rib,3
instant ramen noodles exclude seasoning packet,3
pitted plum,3
hot taco sauce,3
instant devil s food pudding,3
white sandwich bread,3
cut yams drained,3
pumpkin layer,3
pitted sweet cherry,3
refrigerated,3
oreo pie crust,3
hot fudge ice cream topping warmed,3
how to cook a spaghetti squash,3
refrigerated biscuit dough torn into piece,3
prune jam,3
red bell pepper strip,3
king salmon,3
fillet cod,3
dungeness crab,3
pint strawberries hulled and quartered,3
gochujang korean chile paste,3
crystal farms cheddar cheese,3
and bacon,3
candy eyeball,3
goat stew meat cut into inch cube,3
chicken veggie toss,3
tortilla strip,3
kirsch cherry brandy,3
red miso paste,3
split yellow lentils moong dal,3
pineapple wedge,3
powdered white sauce mix,3
maraschino cherry garnish,3
frozen peach,3
freshly gingerroot,3
cleaned whole pumpkin seed,3
calves liver,3
barley groat,3
bagel in half,3
grapefruit rind of,3
albacore tuna steak,3
white chocolate square,3
shelled walnut,3
maple granola,3
golden delicious apples cored and,3
instant iced tea powder,3
serving cooking spray such as pam,3
grapefruit zest,3
juice from lemon,3
head cauliflower stemmed and,3
dark raisin,3
milk chocolate candy kisse,3
tofu drained and cut into cube,3
chili paste with garlic,3
broth powder mix,3
inch tube pan angel food cake,3
flavored caramelized onion,3
hass avocados pitted and,3
cheater basic dry rub,3
invert sugar,3
fun size bars chocolate coated caramel peanut nougat candy,3
fillets grouper,3
stevia sweetener such as truvia,3
brussels sprouts and quartered,3
pickled onion,3
abalone,3
fluid ounces cola,3
shortening melted and cooled slightly,3
lemon thyme,3
very basil leaf,3
mulling spice,3
prepared cheese tortellini,3
bearnaise sauce,3
welsh rarebit,3
unpeeled garlic,3
assorted food coloring,3
hard eggs shells removed,3
pinto beans with liquid,3
saudi kabsa spice mix,3
cheese gourmet cheddar blend cheese,3
hot buffalo wing sauce,3
zatarain s yellow rice,3
regular flavor jimmy dean pork sausage crumbled and drained,3
beets scrubbed,3
pint whiskey,3
bag lettuce,3
white spelt flour,3
fluid ounce cans frozen lemonade concentrate,3
quarts canola oil,3
sauza silver tequila,3
high gluten bread flour,3
vitamin c powder,3
salami cut into strip,3
hot melted butter,3
barley flour,3
joint of beef,3
sifted cornstarch,3
lasagna noodles and drained,3
pint whipping cream,3
angel hair pasta with herbs mix,3
pureed squash butternut acorn any hard winter squash,3
fluid ounces prepared lemonade,3
white baking chocolate melted,3
mango and pitted,3
dark chocolate ganache,3
heads broccoli cut into bite size piece,3
inch whole wheat flour tortilla,3
rack pork sparerib,3
fish fillet,3
fluid ounce jigger butterscotch schnapp,3
dry buttermilk powder,3
lime squeeze,3
naturegg omega egg,3
green garlic,3
becel buttery taste,3
bottle up cherry,3
bratwurst bun,3
flounder,3
reduced fat reduced sodium condensed cream of mushroom soup,3
refrigerated crescent roll dough such as pillsbury,3
spice mix,3
bottle up,3
fennel green,3
linda s fantabulous potato,3
scoop whey protein powder,3
mott s cinnamon applesauce,3
mung bean,3
zucchini spiralized,3
for the custard,3
angel food cake cut in cube,3
homemade taco seasoning mix,3
buttercream frosting,3
oil tuna,3
lemon pastry,3
dry methi leaf,3
bay,3
zest from orange,3
eggplant with peel,3
watermelon gelatin,3
hershey s milk chocolate chip,3
swanson vegetable broth,3
wild salmon fillet,3
sweetened red bean paste,3
pulled pork without sauce,3
dark chocolate chips melted,3
and walnut,3
jell o brand lime flavor gelatin,3
martha white self rising flour,3
black greek olives pitted and,3
coarse onion,3
general purpose white flour,3
bottle lemon lime soda such as sprite,3
frozen artichoke hearts thawed,3
fire green chile,3
zucchini and cut into inch slice,3
frozen tofu,3
frozen broccoli with red pepper,3
pureed mango,3
christophene,3
sun tomatoes softened,3
chestnut flour,3
extra tofu cut into inch slice,3
garlic balsamic olive oil tomato,3
fluid ounces coffee flavored liqueur such as kahlua,3
balsamic vinaigrette dressing,3
red pepper strip,3
avocados cut into cube,3
prepared yellow mustard such as french s,3
kraft peanut butter,3
pimiento stuffed green olives drained,3
pitted olives drained,3
plain kefir,3
yummy healthy granola,3
fluid ounce bitter orange aperitif such as campari,3
butterscotch flavored chip,3
flake coconut,3
semi sweet chocolate chips melted,3
fat free reduced sodium beef broth,3
yellow squash thickly,3
cake flour substitute,3
eggplant cut lengthwise into inch slice,3
squash,3
milled flax seed,3
chickpeas garbanzo beans undrained,3
fluid ounces baileys irish cream,3
vanilla ice cream mix,3
seasoning,3
good quality vodka,3
frozen potato pierogi,3
barbecue sauce concentrate,3
fluid ounce can fruit punch,3
thermomix tomato paste no added sugar,3
wooden skewers soaked in water,3
bag,3
black cod fillet,3
clementine and segmented,3
frozen pie crusts thawed,3
bars milk chocolate candy bars such as hershey s,3
chinese jujube,3
candied citron peel,3
gallon raspberry sherbet,3
candied pineapple chunk,3
frozen egg noodle,3
goose breast,3
espresso bean,3
dill pickles cut into strips lengthwise,3
ciabatta sandwich rolls horizontally,3
bakers ammonia,3
cajun seasoning mix,3
quart boiling water,3
white baking chocolate,3
roma tomatoes quartered,3
milk plu,3
slices lemon,3
pitted green olives drained,3
spicy turkey sausage,3
coffee filter,3
unflavored gelatin powder,3
flaked salt,3
tart apples and,3
red pepper sauce,3
sprigs thyme leaves stripped and,3
neely s seasoning,3
masago smelt roe,3
crumbled tortilla chip,3
spanish ham,3
frozen wild blueberry,3
cold brew coffee,3
cooking spray with flour,3
eggplant cut crosswise into inch slice,3
mushroom broth,3
tiger prawns with shell,3
buddha s herb mix for mushroom,3
bottle proof grain alcohol,3
cocoa powder for garnish,3
carrot cake,3
raspberry flavored liqueur,3
lukewarm water degrees f degrees c,3
chili vinegar,3
green olives pitted and,3
scungilli,3
land o lakes unsalted butter,3
pie crust and cooled,3
miami style sazon seasoning sazon completa,3
refrigerated buttermilk biscuit,3
lemon and seeds removed,3
beef rib roast,3
okra in inch piece,3
classico alfredo sauce,3
hot tap water,3
white bread crumb,3
brioche,3
leg of lamb butterflied,3
no fail pie crust,3
prepared tart shell,3
bar dark chocolate,3
chocolate covered caramel candies e g rolo tm,3
tempeh cut into inch square,3
fluid ounce jigger coffee flavored liqueur such as kahlua,3
fluid ounces orange liqueur,3
amish friendship bread starter see footnote for recipe link,3
peas with liquid,3
vegan beef bouillon powder,3
fluid ounces tonic water,3
thai chili sauce,3
white creme de cacao,3
table molasse,3
gummy worms candy,3
raisins for decorating,3
unsweetened fruit flavored drink mix,3
jo mama s world famous spaghetti,3
bruce s yams cut sweet potatoes in syrup drained,3
baker s angel flake coconut,3
whey protein powder,3
whipping cream whipped,3
vanilla bean split lengthwise and seeds scraped,3
fluid ounces sparkling water,3
beef chuck with bone,3
black beans washed,3
dry macaroni,3
head cabbage cut into bite size piece,3
pork shoulder blade roast,3
cuttlefish,3
mocha ice cream,3
rutabaga and cut into inch piece,3
quart white vinegar,3
proof rum,3
sprig rosemary leaves stripped and,3
almond flavored syrup,3
ears corn in husk,3
campbell s condensed french onion soup,3
irish cheddar cheese,3
corn tostada shell,3
kellogg s rice krispies cereal,3
quicker quaker oat,3
slider bun,3
cheese and salsa dip,3
semi sweet chocolate morsel,3
inch rib eye steak,3
unsalted soda cracker,3
x inch squares of aluminum foil,3
chipotle mayo,3
havarti with caraway,3
kefir,3
fluid ounces irish cream liqueur such as bailey,3
barbecued pork chinese style,3
pickling lime calcium hydroxide,3
frozen pink lemonade concentrate,3
stove top stuffing mix for chicken,3
orange flavored gelatin such as jell o,3
gallon orange juice,3
coarsely kale,3
mexican lime,3
bananas cut into inch piece,3
fluid ounces rye whiskey,3
all purpose flour plus more for dusting,3
heads broccoli separated into floret,3
cream filled chocolate sandwich cookies such as oreo,3
savoiardi cookie,3
chocolate sprinkles jimmy,3
fluid ounce white rum,3
emeril s essence creole seasoning,3
gur,3
hemp milk,3
head red leaf lettuce rinsed and torn,3
scoop vanilla flavored whey protein powder,3
persian cucumber,3
kiwi fruit and,3
frozen mixed fruit,3
zesty italian style salad dressing,3
nonfat ricotta cheese,3
sprig mint leaf,3
italian prune plum,3
vegan chicken broth,3
heads of lettuce,3
loaf day old bread torn into piece,3
peanut butter cups such as reese s,3
frozen guava juice concentrate,3
farmers cheese,3
high quality dark chocolate,3
tandoori masala powder,3
leaf kale,3
pitted and apricot,3
dry adzuki bean,3
reserved pasta water,3
turkey breast cutlet,3
tofu drained and cut into inch cube,3
fluid ounce amber rum,3
anchovy fillets oil reserved,3
homemade lavender honey,3
chocolate dessert crepe,3
alfredo sauce such as classico,3
plain coconut milk yogurt,3
frozen bananas and,3
teriyaki marinade sauce,3
frozen cranberries thawed,3
deep dish frozen pie crusts thawed,3
spice islands thyme,3
reduced fat condensed cream of mushroom soup,3
bananas frozen,3
lemon cake mix with pudding,3
vegetarian canadian bacon,3
fluid ounce bottle tomato vegetable juice cocktail such as v,3
classico creamy alfredo sauce,3
raspberries in juice,3
fillets mahi mahi fillet,3
grapefruits zest of,3
sodium free chili powder,3
jell o butterscotch instant pudding,3
citrus flavored energy drink e g red bull,3
nonfat lemon yogurt,3
mexican processed cheese sauce,3
coarsely leek,3
herbes de napa,3
gumbo file powder,3
ready to use strawberry glaze,3
quarts apple juice,3
candied papaya,3
racks pork sparerib,3
fluid ounce jigger chocolate liqueur,3
mixed vegetable flake,3
black raisin,3
bologna cut into piece,3
fillets orange roughy,3
bottle blue cheese dressing,3
quarts tomato juice,3
sriracha hot pepper sauce,3
instant chocolate drink mix,3
spice islands red pepper,3
fluid ounce white cranberry juice,3
red swiss chard rinsed and,3
tamari dark soy sauce,3
eggland s best egg,3
taco bell n chunky salsa,2
veal and,2
corn niblet,2
eggplant cut into cube,2
browning and seasoning sauce,2
fluid ounces peach flavored bourbon liqueur such as southern comfort,2
raspberry sherbet,2
head green,2
campbell s condensed tomato soup regular,2
steaks halibut,2
pork shoulder roast butt roast,2
for the marinade,2
cola drink such as coke,2
yellow stone grit,2
catfish,2
strips crisply bacon,2
box barilla pronto spaghetti,2
juice from canned pineapple,2
coarse grain dijon style mustard,2
margarita salt,2
instant chicken bouillon granule,2
brown and serve pistolette roll,2
red gold tomatoes drained,2
tyson ready refrigerated chicken breast,2
day old sourdough bread,2
pouch uncle ben s ready rice jasmine,2
fluid ounces amaretto liqueur such as disaronno,2
reserved potato water,2
tart cherry juice,2
eggplant and lengthwise,2
tortilla chip crumb,2
sweet barbeque sauce,2
heads iceberg lettuce torn into bite sized piece,2
enriched white rice,2
raspberry walnut vinaigrette,2
chicken thighs with skin,2
pickled pepperoncini pepper,2
steaks pounded round meat,2
salad macaroni,2
goya black beans undrained,2
bottled lime juice,2
pint light cream,2
goya golden cooking wine,2
salad seasoning mix such as mccormick salad supreme seasoning,2
indian chili powder,2
artichoke hearts rinsed and drained,2
tri colored farfalle bow tie pasta,2
sugar to taste,2
beets drained with liquid reserved,2
spanish seasoning,2
rosemary crumbled,2
paprika as garnish,2
leeks bulb only,2
raspberry vinaigrette dressing,2
rendered duck fat,2
goya bay leaf,2
mexican cheese,2
fluid ounce cans cola flavored carbonated beverage,2
uncle ben s ready rice long grain wild,2
fluid ounces tomato and clam juice cocktail,2
tomatoes such as san marzano,2
sweet pickles drained and,2
coleslaw blend cabbage slaw mix,2
kimchi drained and,2
torn mint leaf,2
bag potato,2
beets and quartered,2
torn salad green,2
sweetened condensed milk chilled,2
chilled pineapple juice,2
lower sodium beef broth,2
crimini mushrooms quartered,2
refrigerated whole wheat pizza dough,2
olive oil to taste,2
kale cut into bite size piece,2
for dipping,2
sweet yellow pepper,2
frozen whole green beans thawed,2
zucchinis thickly,2
splash red wine,2
honey barbeque sauce,2
pimento cheese,2
chicken style seitan cut into strip,2
fluid ounces orange flavored liqueur,2
frozen shelled edamame,2
swiss chard stems removed,2
new mexico chile,2
canned chicken,2
reduced fat balsamic vinaigrette dressing,2
pasta sauce with mushroom,2
serving olive oil cooking spray,2
vegetable bouillon base such as better than bouillon,2
plain bagel,2
cilantro plus more for garnish,2
paprika for sprinkling,2
edamame green soybean,2
bean sprouts rinsed and drained,2
french bread baguettes split lengthwise,2
head iceberg,2
bag spring mix lettuce,2
crisp taco shell,2
for the bread,2
dry tagliatelle,2
mozzarella balls bocconcini,2
plastic cauldron from party store,2
cheddar cheese cube,2
shucked oysters drained with liquid reserved,2
kraft mayo real mayonnaise,2
freshly cotija cheese,2
snipped dill,2
liquid hot pepper sauce,2
head endive,2
oregano for garnish,2
bag green bean,2
fillets rockfish,2
loosely torn spinach,2
gremolata,2
rack back pork rib,2
prepared honey mustard,2
salted pistachio,2
slices french,2
sweet gherkin pickle,2
lentil soup,2
cipollini onion,2
mccormick parsley flake,2
vanilla beans split lengthwise,2
stale white bread,2
heads romaine lettuce torn into bite size piece,2
romaine hearts into bite size piece,2
bone in beef short rib,2
but avocado,2
yellow crookneck squash,2
hearts of romaine,2
frozen tart shells thawed,2
spicy fat free refried bean,2
fluid ounce bourbon whiskey,2
fluid ounce jigger bourbon,2
pizza crust homemade,2
single malt scotch whiskey,2
truvia sweetener,2
bulk sweet turkey italian sausage,2
farro rinsed,2
summer savory leaf,2
buitoni refrigerated light alfredo sauce,2
coarse grind black pepper,2
adobo sauce from chipotle peppers such as goya,2
egg white for egg wash,2
yellow squash cut in inch slice,2
oriental flavored ramen noodles broken into piece,2
oscar mayer bacon cut into inch piece,2
jalapeno pepper sauce,2
frozen hash browns thawed,2
fluid ounce cans frozen orange juice concentrate thawed,2
of ginger and,2
vine tomato,2
corn ear,2
non fat plain greek yogurt,2
bag chicken wing,2
canned quartered artichoke heart,2
bread torn into bite size piece,2
coarsely hazelnut,2
pitted kalamata olives coarsely,2
bottles lemon lime flavored carbonated beverage,2
quart cranberry juice,2
links kielbasa sausage,2
yellow wax bean,2
bisquick gluten free mix,2
fluid ounce bottle hard apple cider,2
strong brewed coffee chilled,2
nonfat buttermilk,2
alaskan king crab leg,2
barbeque sauce such as kc masterpiece,2
wheat pita bread,2
white sugar for rimming,2
carton low sodium vegetable broth,2
aji amarillo pepper,2
multi colored peppercorn,2
blue cornmeal,2
dry instant long grain and wild rice mix,2
unsweetened strawberry flavored drink mix powder,2
mild italian pork sausage,2
quart raspberry sherbet,2
yam and cut into inch slice,2
heirloom tomatoes quartered,2
pastry for inch double crust pie,2
brussels sprouts ends and yellow leaves removed,2
goya salsa pico de gallo,2
russet idaho potato,2
bread flour plus more for dusting,2
idahoan garlic flavored mashed potatoes prepared,2
apple cut into matchstick,2
pints ricotta cheese,2
bag sour cream and onion flavored potato chip,2
fluid ounce cans frozen orange juice concentrate,2
crookneck yellow squash,2
drained pineapple chunk,2
coarsely pitted kalamata olive,2
frozen steak fry,2
white bread cubes until slightly dry,2
warm rice,2
carrot matchstick,2
low fat low sodium beef broth,2
refrigerated jumbo buttermilk biscuit,2
fluid ounce honey syrup,2
fluid ounce cans mexican beer,2
quarts ice cube,2
omelet,2
fluid ounce jigger irish cream liqueur such as bailey s,2
fluid ounce jigger dry gin,2
broccoli florets blanched,2
hot english mustard,2
quart peppermint ice cream,2
cod fillets rinsed and with paper towel,2
yucca cassava roots and,2
granny smith apples cored and cut into inch piece,2
sazon with coriander and achiote,2
moroccan preserved lemon,2
dry beef bouillon powder,2
broccoli florets lightly,2
new mexico chile pod,2
pizza sauce such as contadina,2
deli swiss cheese,2
liters cranberry ginger ale,2
pumpkin seeds for garnish,2
jumbo black olives pitted,2
artichoke hearts in water drained and quartered,2
fluid ounces triple sec orange flavored liqueur,2
white cannellini beans drained and rinsed,2
chocolate flavored syrup,2
dijon mustard such as grey poupon country mustard,2
pureed butternut squash,2
crown pork roast,2
smoked pork chop,2
head green cabbage rinsed and very,2
catfish fillets cut in strip,2
plum pitted and,2
low fat greek style yogurt,2
ramen noodles flavor packets discarded,2
white tequila,2
shelled english pea,2
zucchini courgette,2
kamut flour,2
broccoli florets cut into inch piece,2
caper brine,2
unfiltered apple cider vinegar,2
fluid ounces chilled champagne,2
fluid ounce jigger raspberry vodka,2
sprig marjoram,2
cucumbers cut into inch slice,2
mixed salad greens with arugula,2
plain non fat greek yogurt,2
fettuccine noodle,2
frozen broad bean,2
lemons cut into wedges each,2
frozen limeade,2
jaggery palm sugar,2
quark cheese,2
vindaloo curry powder,2
swanson seasoned chicken broth with garlic,2
inch piece ginger root and,2
lime and,2
parsnips and cut into inch cube,2
cola,2
squid cleaned and into round,2
strawberries rinsed and,2
orange yogurt,2
jam,2
unsweetened cocoa powder not dutch process,2
hot chicken stock,2
fluid ounce cherry flavored brandy,2
date pitted and,2
butternut squashe,2
heads cauliflower cut into floret,2
leeks cleaned and,2
whole grain bread crumb,2
buttermilk for brushing,2
bag spinach stems removed,2
gluten free oat flour,2
italian herb flavored tomato sauce,2
meyer lemon juiced,2
green leaf lettuce leaf,2
lamb stew meat cut into inch cube,2
slices whole wheat bread,2
forest mushroom blend,2
pint beer,2
orange sectioned and cut into bite size piece,2
apples cored and cut into chunk,2
dry white wine such as chenin blanc,2
belgian endive leaf,2
fluid ounce can frozen limeade concentrate thawed,2
fluid ounces white tequila,2
fluid ounce creme de menthe,2
pepperoncini drained,2
refrigerated biscuit,2
strips lemon zest,2
shrimp in shell to per lb,2
kale stems removed and,2
cherry tomatoes and lightly salted,2
goya adobo all purpose seasoning with pepper,2
box goya yellow rice,2
fluid ounce cold water,2
bottles champagne,2
fluid ounce bottle carbonated water,2
arugula rinsed and,2
quart hot chicken stock,2
french vanilla flavored powdered non dairy creamer,2
bottles chilled lemon lime soda,2
carton swanson thai ginger flavor infused broth,2
asparagus cut into inch length,2
curtido,2
sprig dill for garnish,2
shaved steak,2
ear corn in the husk,2
frozen cauliflower with broccoli and red pepper,2
splash soy sauce,2
smoked sausage link,2
bag arugula,2
liter ginger ale soda,2
pareve margarine melted,2
oil and vinegar dressing,2
mexican style hot sauce such as cholula,2
loaf french bread cut diagonally in inch slice,2
spicy red pepper pasta sauce,2
ham bone with meat,2
frozen sweet peas thawed,2
lemon sherbet,2
dry beef gravy mix,2
malted barley flour,2
cucumbers lengthwise and,2
shiitake mushrooms soaked until then into strip,2
green beans and snapped in half,2
walnuts coarsely,2
candied citrus peel,2
dry white sauce mix,2
bratwurst links casings removed,2
bay shrimp,2
imitation crab,2
fluid ounce apple cider,2
dry ice,2
freshly cinnamon,2
drippings from a roast chicken,2
tomato sauce such as goya,2
aloe vera juice,2
frozen dinner roll dough,2
mesquite flavored liquid smoke concentrate,2
scallops rinsed and drained,2
ham cut into dice,2
bottle soy sauce,2
broccoli crowns cut into piece,2
russian dressing,2
zucchini into inch round,2
papaya seeded and,2
pepperoni slices cut into quarter,2
twist macaroni,2
snow crab clusters thawed if necessary,2
coarsely nut,2
fluid ounce jiggers gin,2
crabmeat well drained,2
greek oregano,2
marinated chicken,2
granny smith apple cored and inch,2
yellow wax pepper,2
red hot sauce,2
and snow pea,2
i can t believe it s not butter spread melted,2
inch pieces cut green bean,2
light agave syrup,2
capers for garnish,2
instant rice such as minute,2
x inch pan cornbread,2
mexican style corn such as green giant mexicorn,2
canned tomatoes such as san marzano,2
sheet x inches reynolds wrap heavy duty aluminum foil,2
pinot noir,2
yellow squash cut into inch round,2
cold jasmine rice,2
freshly squeezed grapefruit juice,2
smoked ham cut into chunk,2
leaves butter lettuce,2
oranges sectioned,2
golden beet,2
rolled pork loin roast,2
spice islands cumin,2
english muffin split and,2
pouches uncle ben s ready rice garden vegetable,2
barbeque spice rub,2
fluid ounces creme de cacao liqueur,2
bag frozen corn,2
green olives drained and,2
bunch cilantro leaf,2
beef bottom round roast,2
cornichon,2
rutabaga and cut into inch cube,2
bottle ginger beer,2
petite tomatoes undrained,2
dungeness crabmeat,2
banana squash and,2
fully luncheon meat with bacon such as spam with bacon,2
idahoan four cheese flavored mashed potato,2
non hydrogenated margarine,2
corn oil spread,2
mexican crema crema fresca,2
x inch squares of heavy duty aluminum foil,2
chunky style salsa,2
mezze short penne pasta,2
coarsely sweet onion,2
pinto beans rinsed,2
mexican chorizo casing removed and meat crumbled,2
yellow squash and,2
dry whole wheat bread crumb,2
tub spreadable goat cheese,2
rice noodles vermicelli style,2
cheese dip,2
vegan mayonnaise,2
roma tomatoes inch,2
spicy tomato vegetable juice cocktail such as v,2
warm milk to degrees f to degrees c,2
fluid ounces whiskey such as jack daniel s,2
artichokes and choke scraped out,2
green giant riced cauliflower medley,2
sucanat,2
fluid ounce key lime juice,2
zucchini cut in half lengthwise then into inch slice,2
reduced fat reduced sodium cream of mushroom soup such as campbell s healthy request,2
zucchini quartered,2
italian seasoned panko japanese bread crumb,2
reynolds bakeware pan,2
fluid ounces chili sauce,2
oscar mayer real bacon bit,2
coarsely cracked black pepper,2
seasoned almond slice,2
colby monterey jack cheese blend,2
creamy italian style salad dressing,2
fancy molasse,2
head romanesco cauliflower broken into floret,2
lemon infused olive oil,2
chickpeas garbanzos drained and rinsed,2
dry garbanzo beans chickpea,2
miniature marshmallows such as kraft jet puffed,2
chili seasoning such as mccormick mild chili seasoning mix,2
crumbled chevre goat cheese,2
crumbled goat milk feta cheese,2
mint leaves coarsely,2
yellow wax beans drained,2
chilled lime juice,2
box frozen corn,2
chicken flavored stuffing mix,2
ranch style beans drained,2
white daikon radish,2
corn salsa,2
dry pizza crust mix,2
tomatoes stemmed and cut into dice,2
kale ribs removed and leaves torn into piece,2
jamaican rum,2
fillets pollock fillet,2
basil leaves for garnish,2
boiling vegetable broth,2
chipotle aioli,2
almonds blanched and slivered,2
italian style salad dressing such as newman s own,2
hard eggs inch,2
hard egg white,2
garlic seasoned rice wine vinegar,2
pineapple rings in juice,2
ball mozzarella,2
seaweed,2
green beans cut into bite sized piece,2
clementines and segmented,2
country dijon style mustard,2
hearts of romaine lettuce torn into piece,2
black,2
olive oil from anchovy,2
coleslaw dressing such as kraft,2
progresso lemon pepper panko crispy bread crumb,2
chunk light tuna,2
salted peanuts coarsely,2
zucchini shaved into strip,2
artichokes and to the heart,2
red fresno pepper,2
milk degrees f degrees c,2
prepared chili,2
shot brewed espresso,2
gala apples cored and,2
hot half and half cream,2
cabbage and carrot mix,2
peas undrained,2
raspberry wine vinegar,2
red cherry tomato,2
cilantro leaves coarsely,2
pear halves drained,2
hickory,2
green hot pepper sauce,2
pickled pepper juice,2
canned chickpeas garbanzo bean,2
yellow squash cut into bite size piece,2
frozen pie crusts thawed and ready to bake,2
almonds lightly,2
tomatoes cut in wedge,2
oil and vinegar salad dressing,2
himalayan pink salt to taste,2
hot sauce such as tabasco chipotle pepper sauce,2
jicama into matchstick,2
eggplants lengthwise into inch slice,2
unsalted butter such as kerrygold,2
okra cut into inch piece,2
idahoan au gratin homestyle casserole,2
recipe chinese bun,2
and eggplant,2
amchoor mango powder,2
head green leaf lettuce rinsed and torn,2
loaves day old white bread torn into piece,2
bunch basil,2
mild extra virgin olive oil,2
fluid ounces irish whiskey,2
prepared hot chocolate,2
prepared jalapeno pepper jelly,2
kielbasa cut into inch slice,2
green onion green part only,2
desired sprinkle,2
ball pickle crisp granule,2
bolillo rolls in half lengthwise,2
cannellini white beans drained,2
texas toast bread,2
ocean spray sparkling juice drink any flavor chilled,2
white button mushrooms quartered,2
kalonji onion seed,2
all purpose gluten free flour,2
southwest style corn,2
chablis wine,2
fluid ounces pisco,2
fluid ounces coconut milk,2
fluid ounce gran gala triple orange liqueur,2
chuck roast cut into chunk,2
chicken pieces cut into chunk,2
fluid ounces corazon blanco tequila,2
brewed chai tea,2
kidney beans drained with liquid reserved,2
head broccoli floret,2
crumble,2
spinach leaves coarsely,2
silk coconutmilk any flavor except chocolate,2
sprig epazote leaf,2
strawberries wash hull then crush one layer at a time using potato masher,2
loaves white bread torn into piece,2
peaches drained and syrup reserved,2
liquid rennet,2
mint apple jelly,2
square dark chocolate,2
green giant riced cauliflower,2
truvia simple syrup,2
glutinous sweet rice,2
seafood stock,2
wedges lime for garnish,2
mission taco size flour tortilla,2
lemon slice for garnish,2
loaf french bread cut into pieces split and,2
fully sausage link,2
coarse coffee,2
filtered water,2
so delicious dairy free unsweetened coconutmilk beverage,2
lemon aioli,2
turkey hot dog,2
quick cooking stuffing mix such as stove top,2
sweet curry powder,2
cod fillets cut into serving size piece,2
quarts distilled white vinegar,2
kale leaves stripped from stems and coarsely,2
sheets x inches each reynolds wrap non stick foil,2
orange turnip,2
fast rising dry yeast,2
old el paso taco shell,2
peach flavored bourbon liqueur such as southern comfort,2
bunches cilantro leaf,2
bottle root beer,2
quarts eggnog,2
fluid ounce silver rum,2
swanson seafood stock,2
simple syrup equal parts water and sugar,2
rose s mojito,2
lamb meat cut into piece,2
apple pie spice blend,2
almond breeze original or any almond breeze almond cashew blend,2
orange quartered with peel,2
fluid ounce limoncello liqueur,2
bottle champagne chilled,2
and zucchini,2
instant polenta,2
cake cake yeast,2
butternut squash and cut into cube,2
octopu,2
fluid ounce irish whiskey,2
leaves curry leaf,2
pint rainbow sherbet,2
red and yellow potato,2
dry gin,2
torn iceberg lettuce,2
chinese sweet pork sausage lup cheong,2
swanson flavor boost concentrated beef broth,2
gallon rainbow sherbet,2
breakfast pork sausage,2
suggested topping,2
tomatoes lengthwise,2
tempeh cut into inch strip,2
bulbs fennel untrimmed,2
loaf sourdough bread cut into inch cube,2
blanched almond half,2
kraft double cheddar cheese,2
mexican squash cut into noodle shape,2
zucchini cut in half lengthwise then cut into inch half moon,2
belacan shrimp paste,2
snow peas strings removed,2
basket grape tomato,2
shiitake mushrooms stems removed cap,2
kraft cheddar monterey jack cheese,2
condensed cream of onion soup,2
low sodium beef bouillon granule,2
green plantains and cut into inch piece,2
fluid ounces raspberry vodka,2
fluid ounce can unsweetened pineapple juice,2
dash of salt,2
pint vodka,2
self rising flour sifted,2
smoked turkey wing,2
leftover rice,2
your favorite marinara style pasta sauce,2
refrigerated dinner rolls at room temperature,2
mission kid size flour tortillas with edible disney tortilla decal,2
quart pineapple sherbet,2
shaved milk chocolate,2
smithfield garlic herb seasoned pork sirloin,2
canned water chestnut,2
mott s healthy harvest blueberry delight applesauce,2
apple wood chip,2
frozen ice cream sandwiche,2
land o lakes butter softened,2
land o lakes egg,2
mushrooms stems removed and and caps reserved,2
dry chinese egg noodle,2
no salt added cannellini beans rinsed and drained,2
quarts lime sherbet,2
cabbage cut into wedge,2
snow peas and,2
swanson thai ginger flavor infused broth,2
powdered chocolate flavored malt drink mix such as ovaltine,2
pulp free orange juice,2
gallon lime sherbet,2
carbonated water chilled,2
zucchini quartered lengthwise and,2
tapenade olive spread,2
broken pieces vermicelli pasta,2
chicken style seitan,2
superfine white sugar,2
envelope hollandaise sauce mix,2
nuoc mam vietnamese fish sauce,2
crisco olive oil,2
pepperoni cut in half,2
all fruit raspberry jam,2
no salt added kidney bean,2
sardines drained,2
toast,2
quartered red potato,2
raisins soaked in hot water and drained,2
rainbow chard,2
fine sea salt to taste,2
classico four cheese sauce,2
extra tofu drained and pressed,2
young arugula leaves rinsed and,2
dry spinach noodle,2
kale stems removed and discarded leaves torn into bite size piece,2
links chorizo de bilbao spicy spanish semi cured sausage,2
italian style seasoned crouton,2
crimini bella mushroom,2
lobster meat broken into chunk,2
reynolds wrap inch wide heavy duty aluminum foil,2
freshly nutmeg to taste,2
loaf day old french bread,2
fiddlehead,2
fluid ounce benedictine liqueur,2
seasoned pepper to taste,2
aromatic bitters such as peychaud s,2
herbed vinaigrette salad dressing,2
lobster tails shelled,2
chocolate ice cream softened,2
room temperature butter,2
pomegranate infused red wine vinegar,2
fluid ounces absinthe,2
old fashioned grit,2
cold water as needed,2
splash white wine,2
head romaine lettuce rinsed and torn into bite sized piece,2
breaded frozen fish stick,2
bran cereal such as kellogg s all bran,2
leaves kale torn into several piece,2
mccormick garlic salt,2
snipped thyme,2
freshly squeezed lime juice and pulp,2
fluid ounces sweet vermouth,2
creamy caesar salad dressing,2
reduced sodium black beans drained,2
cut up vegetables see note,2
leeks bulb only into ring,2
heads cauliflower separated into floret,2
tofu cut into bite size piece,2
kraft mozzarella cheese,2
almond breeze unsweetened original or any almond breeze almond cashew blend,2
lobster meat cut into bite size piece,2
fluid ounce can frozen limeade,2
gay lea sour cream,2
pinch salt,2
gay lea butter,2
country style gravy mix,2
leek into inch piece,2
pints hulled strawberry,2
chilled tomato juice,2
hunt s tomatoes with basil garlic and oregano undrained,2
freshly parmesan,2
red gold tomato sauce,2
vegetarian beef crumble,2
inch tuna steak,2
tomatoes mashed liquid reserved,2
vegetable stock powder,2
frozen bell pepper strip,2
quarts tomato,2
lime cut in wedge,2
bottle light beer,2
sesame,2
seeded and mango,2
progresso panko crispy bread crumb,2
smoked streaky bacon,2
horseradish root,2
vegetable oil for brushing,2
king crab leg,2
loaf unsliced italian bread,2
fluid ounce rye whiskey,2
lemon peel for garnish,2
bread crust removed,2
chili style tomato,2
light red kidney beans drained and mashed,2
pouch uncle ben s ready rice long grain wild,2
cayenne pepper for garnish,2
alder wood chips soaked in water,2
turkey neck,2
dry whole wheat noodle,2
fluid ounce jigger cointreau,2
dry ranch salad dressing mix such as hidden valley ranch,2
hot noodle,2
fluid ounces sweet and sour cocktail mix,2
shell on shrimp,2
cold beer,2
boil in bag rice,2
potato chunk,2
fluid ounce jigger sweet vermouth,2
fat cheddar cheese,2
peychaud bitter,2
smoky barbeque sauce,2
shark steak,2
whole cranberry,2
lemon twist for garnish,2
spicy mayonnaise,2
korean sweet potato noodles dangmyun,2
fryer,2
water chestnuts rinsed and drained,2
trout pan dressed,2
fluid ounce jiggers gold tequila,2
fiddlehead ferns end,2
self rising cornmeal mix,2
coarse smoked salt flake,2
boiling milk,2
clam meat,2
portuguese hot pepper sauce pimenta,2
pods okra in inch piece,2
pork butt roast with bone,2
crumbled danish blue cheese,2
asparagus drained with liquid reserved,2
frozen brussels sprouts thawed,2
generous dash black pepper,2
shiitake mushrooms stemmed and coarsely,2
fluid ounce jigger raspberry flavored liqueur,2
chicken flavored ramen noodle soup,2
herb and lemon soup mix,2
ball park tailgaters brat bun,2
frozen corn cob,2
green onion green tops only,2
lemon wedges for serving,2
buttermilk biscuit,2
fluid ounces jagermeister liqueur,2
cooking liquid,2
pints half and half cream,2
fluid ounce jigger triple sec orange flavored liqueur,2
family size tea bag,2
rell bell pepper,2
boxes horizon classicmac macaroni mild cheddar cheese,2
fluid ounce heavy whipping cream,2
wax beans and snapped,2
low salt chicken broth,2
johnsonville mild italian sausage link,2
mandarin oranges juiced,2
banana or hot pepper,2
clams drained and juice reserved,2
live crawfish rinsed,2
quarts seafood stock,2
fluid ounce jigger canadian whiskey,2
fluid ounce jigger tennessee whiskey,2
fluid ounce jigger sweet and sour mix,2
cranberry filling,2
tandoori naan bread,2
italian tomatoes undrained,2
condensed cheddar cheese soup such as campbell s,2
squid cleaned,2
snipped oregano,2
jerk sauce,2
pork tenderloin tip,2
box no boil lasagna noodle,2
salt plus more for seasoning,2
egg roll wrappers such as nasoya,2
bone in skin on chicken breast,2
milk scalded and cooled,2
goya white distilled vinegar,2
lemon wheel,2
fire tomatoes undrained,2
inch slices red tomato,2
dash worcestershire sauce,2
leaves boston lettuce,2
dill pickle chip,2
cavatappi corkscrew macaroni,2
shaved rib eye,2
fluid ounce spiced rum such as captain morgan s,2
hard salami cut into strip,2
rotini corkscrew pasta,2
fluid ounces half and half cream,2
warm milk degrees f,2
mache lamb s lettuce,2
wheat orzo pasta,2
box barilla linguine,2
chili paste sambal oelek,2
ginger coarsely,2
plums and pitted,2
wide lasagna noodle,2
frozen ravioli,2
beet greens and stem,2
guar gum,2
yeast extract spread,2
squid cleaned and cut into rings and tentacle,2
seasoned chili bean,2
lemon juice only,2
naturally brewed soy sauce,2
marinara sauce for dipping,2
kraft cheese italiano cheese,2
spinach tortellini,2
white cannellini bean,2
slices smoked ham,2
freshly parmigiano reggiano,2
spears asparagus cut into inch piece,2
farmland pork,2
shrimp to per lb,2
giardiniera pickled italian vegetable,2
tomatoes and drained,2
pignoli pine nut,2
sweet and sour sauce for dipping,2
zucchini into long ribbons using a vegetable peeler discarding the seedy core,2
shelled pea,2
garlic basil spread,2
barilla spaghetti,2
duck boned,2
kosher salt and freshly pepper,2
yves veggie cuisine chick n,2
belgioioso mascarpone cheese,2
pepperidge farm cornbread stuffing,2
sardines in oil,2
jack cheese,2
ramen noodles with seasoning packet,2
kraft sun tomato vinaigrette dressing,2
leaves italian parsley,2
and crumbled bacon,2
herb seasoned bread crumb,2
green peas thawed if frozen,2
basil pesto sauce,2
crabmeat drained flaked and cartilage removed,2
spinach linguine,2
gay lea gold sour cream,2
capers in brine drained,2
pumpkin seed oil,2
tumeric,2
low sodium vegetable stock,2
frozen cauliflower and broccoli,2
cold chicken,2
loosely kale,2
spinach torn into piece,2
head boston lettuce leaf,2
prepared cheese ravioli,2
beef hot dog,2
tomatoes with green peppers and onion,2
grapeseed oil for frying,2
cornbread mix such as marie callender s,2
holland house sake cooking wine,2
head cauliflower cut into inch piece,2
french bread cube,2
crema fresca cream,2
grapefruit juiced,2
shelled and deveined shrimp,2
leek and,2
mixed wild mushroom,2
tofu cut into strip,2
lamb meatball,2
coarse grained dijon mustard,2
marmalade,2
leeks cut into inch piece,2
hot vegetable stock,2
light miso paste,2
octopus cut into inch piece,2
ear corn on the cob,2
shucked oysters undrained,2
liquid egg white,2
jerusalem artichoke,2
butter cracker,2
frozen cheese filled tortellini,2
parsnips and cut into inch slice,2
leeks white and light green part,2
crostini,2
loaf stale french bread cut into inch cube,2
endive,2
prebaked pizza crust,2
poppy seed dressing,2
dark meat chicken piece,2
cut bacon slice,2
fluid ounces chicken broth,2
buffalo mozzarella cheese,2
lightly light brown sugar,2
margherita prosciutto,2
tilapia fillets rinsed and patted dry,2
whole wheat hamburger bun,2
broccoli broken into floret,2
barbeque sauce such as jack daniel s,2
ramen noodles any flavor,2
box frozen creamed spinach thawed,2
romano cheese such as locatelli,2
anchovy fillets with oil,2
pitted kalamata olives quartered,2
gluten free elbow pasta,2
pulled pork in barbeque sauce,2
heads cauliflower broken into floret,2
walleye fillets cut into piece,2
sprig mint leaves for garnish,2
parmagiano reggiano cheese,2
leek white part only,2
top sirloin steak cut into strip,2
quart low sodium chicken broth,2
soybean sprout,2
quart fat free half and half,2
zucchinis and,2
mozzarella style vegan soy cheese,2
tarragon dijon mustard,2
prepared spaghetti sauce,2
no pulp orange juice,2
pomegranate seeds for garnish,2
banana and cut into chunk,2
tub philadelphia italian three cheese cooking creme,2
fluid ounce tennessee whiskey such as jack daniel,2
jalapeno peppers with juice,2
reduced fat cream cheese neufchatel,2
tomatoes and green chilies drained,2
fluid ounce vanilla schnapp,2
pattypan squash,2
almond breeze almondmilk unsweetened vanilla,2
sheet nori dry seaweed,2
philadelphia light brick cream cheese spread softened,2
loaves italian bread,2
pears drained,2
cinnamon oil,2
loaf french bread and,2
sheep milk feta cheese,2
lucky leaf regular,2
margarine such as parkay,2
quinoa flake,2
fluid ounces hot coffee,2
southern comfort liqueur,2
loaf french baguette cut into inch slice,2
cookie base,2
squares unsweetened baking chocolate melted,2
loaf french baguette,2
sweetened whipped cream for garnish,2
cherry grenadine syrup,2
make ahead cookie mix,2
pimento stuffed manzanilla olive,2
sprigs oregano leaves removed,2
sweetened condensed milk such as la lechera,2
low fat plain greek yogurt,2
mexican style seasoning blend,2
soy,2
pint milk,2
red food colouring,2
instant coffee granules dissolved in cup hot water,2
cold tea,2
frozen puff pastry such as pepperidge farm thawed,2
mandarin orange segments drained liquid reserved,2
pints strawberries cleaned and stemmed,2
hot pepper sauce such as valentina,2
mascarpone cheese at room temperature,2
california almond,2
duncan hines moist deluxe spice cake mix,2
fluid ounce mezcal,2
cannoli shell,2
coffee cake,2
sugar substitute such as truvia,2
assorted wild mushroom,2
solid white albacore tuna in water,2
pepper flavored vodka,2
assorted cracker,2
sugar free vanilla extract,2
gallon pineapple sherbet,2
orange cake mix such as duncan hines orange supreme,2
sprig sage leaf,2
canned sweetened condensed milk,2
fluid ounce jiggers coffee flavored liqueur,2
bing cherries pitted and,2
yellow paste food coloring,2
orange slices candy,2
loaf prepared pound cake,2
frozen peaches thawed,2
macaroon cooky,2
buttercream filling,2
jell o cherry flavor gelatin,2
fluid ounce freshly squeezed lemon juice,2
pecans for garnish,2
fluid ounce can frozen pink lemonade concentrate,2
vanilla yogurt such as dannon light and fit,2
cling peaches in heavy syrup,2
strips of lemon zest for garnish,2
peach and pitted,2
winter oreo cooky,2
fluid ounces cranberry raspberry juice,2
cranberry juice cocktail chilled,2
fluid ounce can evaporated milk chilled,2
balsamic glaze,2
pint orange sherbet softened,2
pretzel crackers such as snack factory pretzel crisp,2
smoked salmon cream cheese spread,2
white tuna in water,2
pineapple yogurt,2
red and green candy sprinkle,2
fluid ounces canadian whiskey,2
cocktail peanut,2
jumbo pitted black olives drained,2
raisins coarsely,2
red food coloring as desired,2
libby s pumpkin,2
fluid ounces apple cider,2
loaf round pumpernikel rye bread,2
tart shell,2
slivered blanched almond,2
fluid ounce lillet blanc,2
honey graham cereal,2
mild chile pepper,2
vanilla almond bark,2
french baguette lengthwise,2
pint lemon sherbet,2
red gel food coloring,2
white vanilla baking chip,2
very black plantain,2
apricots coarsely,2
chocolate candy bar,2
simply potatoes mashed sweet potato,2
better n egg,2
raspberry vodka,2
jalapeno processed cheese spread,2
vanilla glaze,2
sugar free caramel topping,2
dry crab boil such as zatarain s crab and shrimp boil,2
sweetened flaked coconut for decorating,2
light brown sugar firmly,2
french baguette cut into inch piece,2
bite size pretzel twist,2
bottle pimento drained,2
sourdough pretzel,2
prepared angel food cake,2
head garlic clove,2
canned banana pepper,2
squares semi sweet baking chocolate,2
quarts cored and apple,2
peaches in light syrup,2
sunsweet amaz n prunes pitted,2
envelope dry whipped topping mix such as dream whip,2
orange paste food coloring,2
pie shell unbaked,2
heavy cream room temperature,2
argo or kingsford s corn starch,2
spice islands bourbon vanilla extract,2
double crust ready to use pie crust such as pillsbury,2
pillsbury classic traditional fudge browny,2
hard eggs cut in half lengthwise,2
raspberry pie filling,2
old bay tm seasoning,2
heads cauliflower cut into bite size piece,2
bosc pears with stems intact,2
torn cilantro leaf,2
pitted dark sweet cherries drained,2
popping sorghum,2
ears sweet white corn,2
non fat dry milk powder,2
green food color,2
cashew milk,2
pie shell partially,2
boysenberry,2
tomatillos husks discarded and tomatillos rinsed,2
chocolate cream filled sandwich cookies such as oreo cooky,2
custard powder such as bird s custard powder,2
pouches liquid pectin,2
goat cheese log,2
chilled seltzer water,2
apple juice concentrate thawed,2
shortbread cookie crumb,2
fluid ounce pomegranate juice,2
planters creamy peanut butter,2
rinsed and drained canned black eyed pea,2
fluid ounce root beer,2
sugar free chocolate syrup,2
golden flaxseed meal,2
bottle sweet red wine,2
fluid ounce citron vodka,2
chickpeas garbanzo beans drained with liquid reserved,2
cookie layer,2
prepared shortbread pie crust such as keebler,2
orange jam,2
chicken flavored rice mix e g rice a roni,2
chilled margarine,2
frozen blackberries thawed,2
cherry liqueur,2
chili bean sauce toban djan,2
refrigerated buttermilk biscuit dough such as pillsbury,2
milk chocolate melted,2
pumpkin and seeded,2
honey butter,2
bag milk chocolate candy kisse,2
pureed persimmon,2
frozen dinner rolls such as rhode,2
lemon lime soda such as up,2
for the icing,2
salsa for serving,2
strawberries hulled and berries cut in half,2
parsnip and cut into inch piece,2
bag minute multi grain medley,2
unbleached all purpose flour such as king arthur,2
tub philadelphia herb garlic cooking creme cream cheese product,2
fat free sugar free vanilla pudding mix such as jell o,2
frozen whipped topping cool whip thawed,2
dumpling wrapper,2
mirepoix celery,2
pumpkin pie filling such as libby s,2
cold skim milk,2
vanilla cake mix,2
toffee baking bits such as heath bits o brickle,2
fluid ounce jigger creme de menthe liqueur,2
dole pineapple juice,2
donut hole,2
unripe green banana,2
bottle ranch salad dressing such as hidden valley original ranch,2
pale ale,2
mesquite,2
white whole wheat flour such as king arthur,2
frozen bell pepper and onion mix,2
peanut butter chips such as reese s,2
sriracha,2
aspartame artificial sweetener,2
nutter butter peanut butter sandwich cooky,2
kitchen string,2
squares baker s semi sweet chocolate melted,2
rum cream liqueur such as rumchata,2
fluid ounce gold rum,2
soy yogurt,2
sifted pastry flour,2
sriracha chili sauce,2
hachiya persimmon,2
borden butter,2
mushroom gravy,2
fluid ounce blackberry brandy,2
pints strawberries hulled and quartered,2
gray sea salt,2
lightly basil leaf,2
wedge orange garnish,2
progresso cannellini beans drained,2
canned pureed tomato,2
mashed garlic,2
cold shortening,2
pumpkin pie mix,2
non dairy butter,2
freshly mozzarella cheese,2
sucralose sugar substitute such as splenda,2
kosher salt for topping,2
honeydew melon fruit removed with a melon baller,2
sugar cooky,2
tube red decorating gel,2
drained canned corn kernel,2
apricots pitted and quartered,2
mixed vegetables with potato,2
frozen kale,2
pineapple juice concentrate,2
very cold butter,2
ice pop stick,2
self rising flour plus more for kneading,2
eggs beaten until light and fluffy,2
frozen light whipped topping thawed,2
angel food cake cut into cube,2
prepared double pie crust,2
zucchini cut into bite sized piece,2
spam into inch slice,2
sucralose sweetener such as splenda,2
single pie crust,2
envelopes dry whipped topping mix such as dream whip,2
tennessee whiskey,2
habanero pepper sauce,2
brown sugar and butter flavored breakfast cereal such as cap n crunch,2
drained canned pea,2
refrigerated buttermilk biscuit dough such as pillsbury grand,2
twist lemon peel,2
pam coconut oil no stick cooking spray,2
yellow grape tomato,2
canned lima bean,2
reddi wip fat free dairy whipped topping,2
sweet peas with liquid,2
whole wheat sandwich wrap,2
mccormick cumin,2
torn radicchio,2
broken pretzel,2
torn red leaf lettuce,2
cauliflower florets broken into bite size piece,2
mini graham cracker pie crusts such as keebler,2
irish cheddar cheese such as dubliner,2
gallon snow,2
over banana mashed,2
box vanilla wafer cookies such as nilla,2
green tea powder,2
frozen strawberries defrosted,2
red gold petite tomatoes green chily,2
bars dark chocolate,2
fluid ounce containers chicken stock,2
box pillsbury family size chocolate fudge brownie mix,2
carton chicken broth such as swanson,2
fluid ounce freshly squeezed grapefruit juice,2
unsweetened cocoa powder preferably dutch process,2
nopalitos drained and rinsed,2
quart tomato sauce,2
butter flavored spread,2
multicolored candy sprinkles jimmies as desired,2
lime cut into wedges for serving,2
unsweetened coconut milk beverage such as silk,2
coarsely white chocolate,2
reserved pineapple juice from the can,2
brandy extract,2
zucchini lengthwise into inch strip,2
tofu cut into cube,2
cinnamon swirl bread,2
bananas and lengthwise and crosswise,2
unsweetened apple juice concentrate thawed,2
hempseed,2
sugar and sucralose blend for baking such as splenda sugar blend,2
refrigerated bread stick dough,2
rome beauty apple,2
cold margarine,2
strong brewed coffee cooled,2
cinnamon baking chip,2
calumet baking powder,2
unsalted saltine cracker,2
kelp powder,2
white mushrooms quartered,2
lemon into wedge,2
bagel split and,2
wild rice such as uncle ben s,2
dry white wine such as sauvignon blanc,2
coconut flavored rum such as bacardi coconut,2
crumbled corn chip,2
frozen potato and cheese filled pierogy,2
green and or red bell pepper,2
lychees drained,2
vegan sour cream such as tofutti,2
zucchini quartered lengthwise,2
cold whipping cream,2
refrigerated crusty french loaf dough,2
fluid ounces mango juice,2
black mushroom,2
dandelion green,2
spectrum canola oil,2
any flavor fruit jelly,2
mixed herbs such as parsley,2
eggs whites and yolks separated,2
cherries pitted and quartered,2
slices salami,2
mexican style chili powder with lime such as tajin fruit seasoning,2
prepared granola,2
fluid ounce silver tequila,2
glazed walnut,2
bananas into inch slice,2
room temperature eggs separated,2
whole wheat cracker,2
coconut flavored syrup,2
lemon vodka,2
fluid ounces tito s handmade vodka,2
pumpkin seed kernel,2
wasabi pea,2
unfrosted cupcakes cooled,2
red candy coated chocolate pieces such as m m s,2
sour apple schnapps such as dekuyper sour apple pucker,2
flat bottomed wafer ice cream cone,2
tub cool whip lite whipped topping thawed,2
fluid ounce sloe gin,2
fluid ounce galliano liqueur,2
for the swiss meringue,2
garbanzo beans drained with liquid reserved,2
dill sprig,2
short grain sushi rice,2
almond bark,2
frozen raspberries partially thawed,2
mandarin orange segments drained and coarsely,2
pomegranates and seeds separated,2
apricot jam melted,2
chocolate chunk,2
loosely cilantro,2
canned peaches with juice,2
to count shrimp,2
jell o brand grape flavor gelatin,2
gingersnap,2
halibut cut into inch cube,2
fluid ounces coconut rum,2
pitted dark sweet cherry,2
miniature pretzel twist,2
bottle tomato and clam juice cocktail,2
bosc pear and,2
tomatoes cut into inch dice,2
fluid ounce sweetened coconut cream,2
brown sugar substitute,2
pecan liqueur,2
chocolate cookie baking crumb,2
black tea leaf,2
dry seasoned bread crumb,2
fluid ounce jigger proof rum,2
prepared unbaked pie crust thawed,2
refrigerated french bread dough such as pillsbury,2
prepared frosting,2
asparagus cut into piece,2
fluid ounces cream of coconut,2
coarsely peppermint candy cane,2
sheets puff pastry,2
garbanzo beans chickpeas drained and liquid reserved,2
pint french vanilla ice cream,2
bottles vodka,2
toffee bit,2
english muffin split,2
olive oil tuna,2
tomato flavored tortilla,2
dash of nutmeg,2
cold espresso,2
individual package graham cracker,2
whipped cream cheese frosting,2
splenda no calorie sweetener,2
english hothouse style cucumber,2
fluid ounces boiling water,2
sparkling water to taste,2
fluid ounce maraschino liqueur,2
eggs separated room temperature,2
aquafaba chickpea water,2
crystal sugar,2
bunches italian flat leaf parsley,2
prepared white frosting,2
hot sauce such as valentina,2
fluid ounce jigger brandy,2
refrigerated tortellini,2
brewed tea,2
sheet nori seaweed cut into strip,2
real bacon piece,2
kraft mexican style four cheese,2
avocados seeded and,2
shaved ice,2
olive oil not extra virgin,2
fleur de sel sea salt flake,2
cherry tomatoes and seeded,2
cinnamon bread,2
key limes juiced,2
bottle cocktail sauce,2
crumbled greek feta cheese,2
mild pepper jelly,2
tomato and olive pasta sauce such as papayiannides tomato olive ouzo sauce,2
shiso leaf,2
freeze chive,2
chourico sausage,2
avocados flesh removed and mashed,2
coconut shrimp,2
twist lemon zest garnish,2
white cake mix with colored sprinkle,2
fluid ounce jiggers peach schnapp,2
fat free greek yogurt,2
green plantains and,2
pie dough for a double crust pie,2
fluid ounce can beer room temperature,2
vegan dark chocolate chip,2
crabmeat picked over for cartilage and shell fragment,2
sashimi grade tuna steak,2
fava beans rinsed and drained,2
crab cake,2
vegan mayonnaise such as follow your heart veganaise,2
sticks string cheese,2
stella mozzarella cheese,2
fluid ounces pear vodka,2
jumbo lump crabmeat,2
stella parmesan cheese,2
frozen edamame in the pod,2
prepared salsa verde,2
bread and butter pickle,2
lemon and seeded,2
peppercorn ranch salad dressing,2
pita pocket,2
basil chiffonade basil leaf,2
chip,2
lobster stock,2
canned chickpeas rinsed and drained,2
loaf french bread cut into cube,2
fava beans drained and rinsed,2
maui onion,2
honey graham cereal such as golden graham,2
sweet thai chili sauce,2
eggplant into strip,2
jalapeno pepper to taste,2
blackening seasoning such as chef paul prudhomme s blackened redfish magic,2
inch slices italian bread,2
husked cored and tomatillo,2
rose petal,2
head belgian endive separated into leaf,2
dill weed for garnish,2
marinated artichoke hearts drained liquid reserved,2
eggplant cut into inch round,2
red sprinkle,2
applesauce such as mott s applesauce,2
dark rum such as bacardi,2
extra eggs lightly beaten,2
bottle pimento pepper,2
velveeta cut into cube,2
eggs in the shell,2
banana cut into slice,2
sprigs mint garnish,2
sea salt such as diamond crystal,2
frozen edamame green soybeans thawed,2
italian herb mix,2
coarsely swiss cheese,2
shell on deveined jumbo shrimp,2
poaching liquid,2
hormel chili no beans heated,2
frozen phyllo pastry thawed,2
flat bottomed ice cream cone,2
prepared graham cracker crust chocolate,2
pureed prunes food,2
german chocolate cake mix without pudding,2
dole pineapple,2
high quality balsamic vinegar,2
garbanzo beans drained and cup liquid reserved,2
avocados from mexico,2
cilantro stems cut off and leaf,2
moist white cake mix such as betty crocker supermoist,2
sardine,2
fluid ounce jiggers coconut flavored rum,2
vanilla sandwich cookies such as oreo golden original sandwich cooky,2
cleaned shrimp,2
marshmallows quartered,2
oil sun tomatoes drained,2
fluid ounce jigger best quality vodka,2
fluid ounce orgeat syrup,2
loaf ciabatta bread,2
chilled club soda,2
bananas cut in half crosswise,2
fluid ounce jigger banana liqueur,2
flake rolled oat,2
third layer,2
chocolate cream filled sandwich cooky,2
dark cocoa powder such as hershey s special dark,2
flour tortillas cut into wedge,2
semisweet chocolate chips such as nestle toll house,2
mccormick white chicken chili seasoning mix,2
cream cheese icing,2
orange peels cut into inch strip,2
fluid ounces soda water,2
fluid ounces creme de cacao,2
second layer,2
baguette cut diagonally into inch slice,2
cocktail onion,2
chocolate candy kisses with white stripe,2
quail egg,2
fluid ounce chocolate liqueur such as godiva,2
first layer,2
canned red pepper,2
butterscotch schnapp,2
rhubarb cut into inch slice,2
granny smith apple cut into matchstick size piece,2
paper muffin cup liner,2
dole seedless raisin,2
cookie butter,2
squares unsweetened chocolate melted and cooled,2
coconut palm sugar,2
matchstick cut daikon radish,2
quarts whole milk,2
fluid ounce lemon lime soda,2
envelope instant cocoa,2
mango cut into dice,2
fluid ounce irish cream liqueur such as bailey s,2
brownie mix such as pillsbury,2
yellow marshmallow chicks such as peep,2
amaretto almond flavored liqueur,2
lemon lime flavored soda,2
frozen artichoke heart,2
sheet puff pastry,2
anise,2
medjool dates pitted,2
winter squash seed,2
firmly cilantro leaf,2
bars chocolate covered crispy peanut butter candy,2
limes juiced with pulp,2
square unsweetened baking chocolate,2
canned chipotle chile peppers in adobo sauce,2
bread pudding,2
conch meat,2
powdered egg substitute,2
german sweet chocolate,2
fritter,2
chilled applesauce,2
passion fruit,2
quart apple cider vinegar,2
frozen whipped topping thawed and,2
bottles ginger ale chilled,2
walnuts lightly,2
orange decorator sugar,2
bunches celery,2
english toffee bit,2
extra creamy frozen whipped topping thawed,2
tub frozen whipped topping such as cool whip thawed,2
freeze strawberry,2
pastry for a inch deep dish pie crust,2
quarts strawberries hulled,2
brain shaped gelatin mold,2
dry garbanzo beans soaked overnight,2
fluid ounce white chocolate liqueur,2
snack pack chocolate pudding,2
chambord raspberry liqueur,2
bite size pretzel,2
premier white morsel,2
fluid ounces cinnamon schnapp,2
chinese black bean sauce,2
strained lemon juice,2
cured lemon,2
lemon cream cheese frosting,2
sweet pickle relish drained,2
whole almond,2
snack factory original pretzel crisp,2
chocolate ganache,2
pastry shell,2
yogurt covered raisin,2
white bread cut into inch cube,2
links breakfast sausage,2
french baguette cut into inch circle,2
squid cleaned and cut into inch ring,2
instant pistachio pudding mix such as jell o,2
fluid ounce jiggers grenadine syrup,2
cheesecake layer,2
fluid ounce jigger cherry vodka,2
all purpose bleached flour,2
pint heavy whipping cream whipped,2
cold half and half,2
bottle rum,2
pimientos drained and,2
artichoke hearts drained coarsely,2
pitted and date,2
peaches pitted and cut into eighth,2
and salted pumpkin seed,2
pickled banana pepper,2
hazelnuts for garnish,2
multi colored cherry tomato,2
fluid ounce jigger kentucky bourbon,2
real mayonnaise,2
pureed pumpkin,2
coarse salt as needed,2
loaf ciabatta bread split in half horizontally,2
oreo baking crumb,2
strawberries lengthwise,2
orange slice for garnish,2
white rum such as bacardi,2
strawberry ice cream topping,2
yellow plantain,2
pitted dark sweet cherries drained with syrup reserved,2
bottle tequila,2
garlic chili sauce,2
individual packet vanilla sugar,2
orange flavored drink mix such as tang,2
spanish marcona almond,2
envelopes instant dessert topping,2
nilla wafers coarsely broken,2
capers rinsed and,2
dash of clove,2
dry sun tomato,2
strawberries stems removed,2
fluid ounce maraschino cherry juice,2
and horseradish root,2
gallon popped popcorn,2
instant sugar free chocolate pudding mix,2
non dairy cream cheese,2
white sugar for dusting,2
fruit cocktail including syrup,2
pimento stuffed green olives drained and,2
brewed strong coffee cooled,2
fluid ounces pink lemonade,2
room temperature beer,2
quart mint chocolate chip ice cream,2
fluid ounces butterscotch schnapp,2
banana and lengthwise,2
kale stemmed and coarsely,2
sage seasoning mixture,2
frozen bananas peel before you freeze,2
green lentils drained and rinsed,2
veal shank,2
sport pepper,2
unsweetened lemonade drink mix,2
reese s peanut butter chip,2
butter flavored shortening melted,2
extra egg white,2
unflavored gelatin such as knox,2
condensed cream of mushroom soup such as campbell s,2
cold vegetable shortening,2
bulgur cracked wheat,2
freshly squeezed key lime juice,2
ragu hearty traditional sauce,2
vegan semi sweet chocolate chip,2
margarine at room temperature,2
instant milk chocolate drink mix,2
jennie o turkey,2
cream filled sponge snack cakes such as twinky,2
golden delicious apple cored and,2
hershey s s mores baking piece,2
prepared mincemeat,2
heavy cream whipped to peak,2
smoke flavored almond,2
heinz tomato juice,2
frozen cheese filled blintze,2
instant hot cocoa mix,2
tofu cut into inch square,2
chocolate almond bark chocolate confectioners coating,2
sheet frozen puff pastry thawed but still cold follow package direction,2
brewed espresso chilled,2
sifted coconut flour,2
pastry cream,2
hot brewed tea,2
regular grit,2
cold evaporated milk,2
pumpkin spice,2
truroots accents sprouted quinoa trio,2
teriyaki sauce such as mr yoshida s,2
loaf french bread torn into piece,2
lemon seeded and,2
soy creamer,2
ocean spray blueberry juice cocktail,2
coconut flour sifted,2
unsalted whole almond,2
capellini pasta,2
hulled green pumpkin seed,2
thai pepper garlic sauce,2
fluid ounces barbeque sauce,2
low fat strawberry yogurt,2
tomatoes and liquid reserved,2
pork shoulder boston butt roast,2
fluid ounces irish cream liqueur such as bailey s,2
light vanilla soy milk,2
splenda,2
low sodium vegetable,2
shiitake mushroom cap,2
jamaican style curry powder,2
bag washed spinach leaf,2
craisins sweetened cranberry,2
animal cracker cooky,2
apricot flavored jell o mix,2
prepared vanilla wafer crust,2
strong coffee,2
red colored sugar,2
whipped cream topping,2
loaf day old french bread cut into inch cube,2
white cake mix such as pillsbury classic white,2
frozen whipped topping such as cool whip,2
peaches and cut into chunk,2
wedge pineapple,2
coarsely mushroom,2
gallon ice water,2
pickled sweet and hot pepper ring,2
mild enchilada sauce,2
and yam,2
green beans with liquid,2
unsweetened baking cocoa,2
dairy free dark chocolate chip,2
light soy butter,2
fruit cocktail with juice,2
lemon peel cut into strip,2
cheesecake flavored pudding mix such as jell o,2
margarine chilled,2
slices capicola,2
pumpkin puree such as libby s,2
banana cake mix,2
hot taco seasoning mix,2
bar,2
tomatoes for garnish,2
maple glaze,2
peppermint patty,2
inch pieces asparagu,2
oreo cookies coarsely,2
limes zested,2
hot strong coffee,2
cornstarch for rolling out the dough,2
melted unsalted butter,2
boxes frozen spinach thawed and drained,2
confectioner s sugar for dusting,2
envelopes unflavored gelatin powder,2
bars white chocolate,2
sun tomatoes not in oil snipped into piece,2
turbinado sugar for sprinkling,2
american and cheddar cheese blend,2
chocolate wafer crumb,2
canned pumpkin pie filling,2
kabob,2
sesame seeds for garnish,2
dark corn syrup such as karo,2
pasteurized liquid egg white,2
annatto,2
green maraschino cherries quartered,2
artichoke bottoms drained and,2
vanilla nonfat yogurt,2
sugar based curing mixture such as morton quick cure,2
bananas coarsely,2
brandy flavoring,2
california chile pods seeds and veins removed,2
dark rum such as meyer s,2
devil s food cake mix such as duncan hine,2
long red vine licorice,2
mushroom soy sauce,2
sausage link,2
applesauce food,2
mandarin oranges drained and juice reserved,2
high protein wheat flour,2
box sweet rice flour mochiko,2
button mushrooms drained,2
kohlrabi bulb and,2
and cooled quinoa,2
individually wrapped caramels unwrapped and,2
pearled barley,2
sprigs of mint,2
sweetened coconut cream,2
idahoan reds flavored mashed potato,2
coconut water liquid from inside coconut,2
jerk seasoning,2
prepared garlic bread,2
for topping,2
sweet potato pie filling,2
recipe pastry for a double crust inch pie,2
dickinson s marion blackberry preserve,2
evaporated milk such as carnation,2
pan dripping,2
ice cream cone,2
yogurt sauce,2
brownie mix such as betty crocker,2
high protein crisp rice and wheat cereal such as kellogg s special k,2
cannelloni pasta,2
cinnamon syrup,2
whipped cream to garnish,2
jif mocha cappuccino flavored hazelnut spread,2
carrot cake mix,2
food coloring if desired,2
frozen watermelon,2
frozen french style green beans thawed,2
mini chocolate coated caramel peanut nougat candy bars such as snicker,2
sprig sage,2
for filling,2
sprig oregano,2
au gratin instant potato mix,2
scallions with green,2
red quinoa rinsed and drained,2
brewed green tea such as gold peak chilled,2
zucchinis lengthwise and cut into inch piece,2
dry green split pea,2
vegetable bouillon base such as better than bouillon vegetable base,2
better than bouillon beef base,2
coconut flakes for garnish,2
drained canned white bean,2
salmon filet without skin,2
stewed tomatoes drained and,2
peaches drained juice reserved,2
coriander seed coarsely cracked,2
strawberry sorbet,2
yellow squash cut in one inch cube,2
fillet salmon fillet,2
hard eggs and lengthwise,2
condensed nacho cheese soup such as campbell s fiesta nacho cheese soup,2
canned hominy drained,2
kraft milk mozzarella cheese,2
coarsely chestnut,2
head belgian endive,2
chili flake,2
swordfish cut into chunk,2
rainbow carrot,2
chicken legs and thigh,2
washed and mustard green,2
gingersnap cookies crumbled,2
ears corn with husk,2
bag of ice cube,2
mccormick black pepper coarse,2
lowfat evaporated milk,2
thickly strawberry,2
flank steak of excess fat,2
non fat curry dressing,2
delicata squash and seeded,2
cannellini white kidney beans drained,2
pitted nicoise olive,2
spicy dijon mustard,2
buckwheat,2
frozen broccoli cuts thawed drained,2
sucralose and brown sugar blend such as splenda brown sugar blend,2
pitted bing cherry,2
banana broken into chunks and frozen,2
of freshly black pepper,2
squares land o lakes garlic herb saute express,2
kiwifruit,2
creamy dill dip,2
sweet red chili sauce,2
rotelli pasta,2
pears quartered and cores removed,2
red seedless grapes frozen,2
pear cut into chunk,2
brewed green tea chilled,2
soy mayonnaise,2
fennel bulbs and quartered,2
dill pickle relish drained,2
ears freshly shucked corn,2
okra cut into inch slice,2
pitted prunes quartered,2
plantains and into inch piece,2
orange and cut into bite size piece,2
dry yellow lentil,2
stick pepperoni,2
green chile paste,2
kalamata olives pitted,2
canned beet,2
sun tomatoes without oil,2
coarsely dill,2
green beans and cut into bite size piece,2
asparagus and cut into bite size piece,2
leg of lamb meat,2
kraft mexican style milk four cheese,2
lemon verbena,2
zucchini cut into long strand,2
grape juice such as welch s,2
lime sherbet,2
spinach leaves stems removed,2
quart warm water,2
frozen cranberry juice concentrate thawed,2
eye of round,2
spinach fettuccine,2
coconut rum,2
fluid ounce scotch whiskey,2
scoop chocolate flavored protein powder,2
mango cut into inch dice,2
seedless watermelon cut into inch cube,2
bay leaves broken in half,2
veal stock,2
durum wheat flour,2
seasoned salt such as morton nature s seasons seasoning blend,2
dry non fat milk powder,2
cheap beer,2
fluid ounces warm water degrees f degrees c,2
low fat peach yogurt,2
diagonally asparagu,2
acai berry pulp frozen unsweetened,2
red gold tomato paste,2
spearmint leaf,2
dole banana,2
corn flake cereal crumb,2
beets into round,2
lemon and herb seasoning to taste,2
spice islands mustard,2
winter squash seeded and cut into chunk,2
head romaine lettuce leaves separated,2
rehydrated porcini mushroom,2
yellow squash and into strip,2
chocolate flavored soy milk,2
carrot stick,2
spice islands sea salt,2
carton progresso chicken broth,2
frozen french style green bean,2
drained canned cannellini bean,2
apples cut into chunk,2
spice islands curry powder,2
margarine such as earth balance,2
sargento reduced sodium mild cheddar cheese,2
turnips and cut into inch dice,2
great northern beans sorted and rinsed,2
mashed papaya,2
kiwi fruit and cut into bite size piece,2
topping option,2
turmeric to taste,2
red curry paste such as thai kitchen,2
cucumbers and cut into chunk,2
warm water as needed,2
bag mexican cheese blend,2
nopalitos cactus drained,2
queso fresco mexican cheese,2
parsnips and cut into stick,2
raspberry yogurt,2
envelopes taco seasoning mix,2
guajillo chiles stemmed and seeded,2
frozen corn such as trader joe s,2
oranges and cut into bite size piece,2
concord grape juice,2
canned black beans rinsed,2
soy milk powder,2
salt free garlic and herb seasoning blend,2
goya recaito,2
goya quinoa,2
double smoked bacon,2
white balsamic,2
spinach cleaned and stemmed,2
canned cream of coconut,2
prepared deep dish pie crust,2
liquid amino acids such as bragg,2
cod fillets cut into to ounce portion,2
low fat vanilla soy milk,2
yellow split peas tuvar dal,2
stevia sweetener,2
tuna steaks about inch,2
of cut bacon,2
fruit yogurt,2
frozen banana and,2
cranberries picked through and rinsed,2
chicken seasoning such as grill mates montreal chicken seasoning,2
steak cut into inch cube,2
frozen mango piece,2
sucanat crystallized sugar cane juice,2
parmesan cheese such as kraft,2
shiitake mushrooms stemmed and quartered,2
santa cruz lemon juice,2
and coarsely watercress,2
extra egg yolk,2
pints blackberry,2
chocolate candy bar broken into piece,2
bean mixture soaked overnight,2
colored candy coating melt,2
chocolate chip cooky,2
chipotle mustard,2
fruit flavored breakfast cereal such as post fruity pebble,2
orange and sectioned,2
sweetened cocoa powder,2
oven ready lasagna noodle,2
dark chocolate coarsely,2
zucchini chunk,2
cardamom flavored extract,2
chocolate mint wafer candy,2
cherry jam,2
dr pepper drink,2
whole wheat bread torn into crumb,2
hot white rice,2
nestle butterfinger bites candy coarsely,2
coconut cake,2
hot chili flake,2
quartered artichoke hearts in water drained,2
chinese egg noodle,2
to pound whole chickens cut into piece,2
extra virgin olive oil for drizzling,2
plain yogurt with active culture,2
brown sugar and butter flavored crispy corn and oat breakfast cereal such as cap n crunch,2
complete buttermilk pancake mix,2
so delicious dairy free vanilla coconut milk,2
strawberry pie filling,2
idahoan boxed original mashed potatoes dry,2
instant maple and brown sugar oatmeal,2
dark chocolate melted,2
cornflakes cereal coarsely,2
crumbled stilton cheese,2
gluten free casein free margarine,2
salted peanut butter,2
strawberry jell o mix,2
heinz tomato paste,2
sugar plu,2
slices texas toast,2
roll pillsbury refrigerated sugar cookie dough,2
horizon cream cheese,2
box horizon classicmac macaroni mild cheddar cheese,2
cinnamon candies such as red hot,2
colored decorating sugar,2
turnips and cut into inch cube,2
butter flavoring,2
italian seasoned bread crumbs such as progresso,2
espresso powder,2
limoncello liqueur,2
red skinned potato,2
quarts plain popped popcorn,2
coarse sugar for garnish,2
zest and juice of lemon,2
chicken marinade,2
vanilla flavored cake mix,2
pouch sugar cookie mix,2
duncan hines moist deluxe lemon cake mix,2
horizon unsalted butter,2
horizon shreds cheddar cheese,2
gala apples and,2
crispy tostada shell,2
quarts vanilla ice cream softened,2
corn cream,2
white peaches pitted and,2
box red velvet cake mix,2
yellow cake mix such as jiffy golden yellow cake mix,2
sweet onion such as walla walla,2
irish stout beer e g guinness,2
taco bell home originals taco seasoning mix,2
nordica cottage cheese,2
strawberry filling,2
bottle hickory flavored barbeque sauce,2
pecan shortbread cooky,2
brewed coffee cooled,2
jif peanut butter,2
poppyseed salad dressing,2
nestle butterfinger fun size candy bar,2
garbanzo beans chickpea,2
and ham,2
butter tart filling,2
leaves romaine lettuce torn into bite size piece,2
uncle ben s original converted brand rice,2
sun tomato and oregano salad dressing,2
crusty bread,2
butter flavored granules such as butter bud,2
granny smith apples cored and into inch piece,2
tub philadelphia chive onion cream cheese spread,2
egg beaten with,2
chain triglyceride mct oil,2
salted pretzel,2
fluid ounces peach flavored vodka,2
pureed peache,2
double strength brewed coffee,2
white baking chip,2
catelli bistro tri colour rotini,2
very red onion,2
coconut milk beverage such as silk,2
white cake mix such as duncan hine,2
spinach torn into bite size piece,2
head leaf lettuce torn,2
for the rice,2
box barilla jumbo shell,2
oz tube black decorating gel,2
taco shells heated,2
paprika plus more for sprinkling,2
land o lakes salted butter,2
apple cored and with peel,2
green onions green parts only,2
bars chocolate candy,2
blood orange juice,2
uncle ben s ready rice jasmine,2
bottle red food coloring,2
square semisweet baking chocolate,2
light cherry pie filling,2
chickpea garbanzo bean flour,2
raspberries garnish,2
apricot nectar chilled,2
fluid ounce sparkling water,2
yellow corn tortilla,2
kraft part skim mozzarella cheese,2
tomatoes with italian herb,2
frozen potato,2
white chocolate flavored syrup,2
iceberg lettuce torn into bite sized piece,2
canned sweet potato puree,2
bag cheddar cheese,2
chocolate chips such as enjoy life,2
fluid ounces vanilla vodka,2
complete pancake mix,2
overripe bananas mashed,2
pork tenderloin medallion,2
gluten free soy sauce tamari,2
vanilla wafer cookies such as nilla,2
lite luncheon meat such as spam,2
red jelly bean,2
chocolate chips melted,2
square white chocolate,2
confectioners sugar plus extra for dusting,2
chinese mushroom,2
four cheese alfredo sauce such as classico,2
french bread crusts removed,2
strawberry flavored gelatin mix such as jell o,2
leek lengthwise and crosswise,2
bags semisweet chocolate chip,2
carne asada seasoning,2
pint whole strawberries stems removed,2
burgundy,2
ready to use graham cracker crumb crust,2
button,2
raisin bread,2
milk plus more if needed,2
lukewarm buttermilk,2
soul food seasoning,2
cupcake batter,2
sage leaves torn,2
coarse sugar for decorating,2
powdered coffee creamer,2
hunt s petite tomatoes drained,2
coarsely green cabbage,2
goya vanilla extract,2
beef cocktail wiener,2
chocolate coated caramel peanut nougat candy bars such as snickers cut into bite size piece,2
almonds almond meal,2
ramen noodles exclude seasoning packet,2
seedless red raspberry jam,2
quart chocolate milk,2
white sugar plus more for topping,2
parma ham,2
bars chocolate covered toffee,2
recipes unbaked pie shell,2
pods cardamom,2
no salt added navy bean,2
sour mix,2
muscovado dark brown sugar,2
beef tenderloin filet mignon,2
quart chocolate ice cream softened,2
mccormick thyme leaf,2
nestle carnation evaporated milk,2
purchased basil pesto,2
chocolate shell topping,2
coconut milk not coconut cream,2
lightly mint leaf,2
haas avocado,2
broccoli and,2
real bacon pieces such as hormel,2
assorted colors of paste food coloring,2
fluid ounce jigger blue curacao,2
rum flavoring,2
dash salt,2
dutch yellow potato,2
beef filet,2
gallon chocolate ice cream,2
chocolate almond bark chocolate confectionery coating broken into chunk,2
drained maraschino cherry,2
reduced fat yellow cake mix,2
strawberries cleaned hulled and,2
strips crispy bacon,2
recipe williamsburg butter frosting,2
salsa drained,2
mexican hot chocolate drink tablet such as nestle abuelita,2
caffeinated citrus flavored soda,2
warm buttermilk to degrees f to degrees c,2
mirlitons chayote,2
sage flavored breakfast sausage,2
whipped topping such as cool whip thawed,2
brewed coffee room temperature,2
stewed prune,2
hot bean sauce,2
plantain and,2
quick cooking pearl tapioca,2
asparagus cut into bite sized piece,2
kale cut into inch piece,2
prepared eggnog,2
day old bread cut into inch cube,2
semisweet baking chocolate,2
zest of one lime,2
orange flavored fruit slice jelly candy,2
quart soy milk,2
cheddar cheese for garnish,2
crumbled silken tofu,2
silver dragees decorating candy,2
stick margarine,2
buttermilk plus additional for brushing,2
vanilla bean split lengthwise and scraped,2
lower sodium bacon,2
planters walnut,2
baker s semi sweet chocolate melted,2
heavy whipping cream chilled,2
pint blueberries rinsed and,2
mccormick peppermint extract,2
hungarian hot paprika,2
instant white rice such as minute,2
for dressing,2
coarsely pistachio,2
bunches watercress and,2
cracker barrel mozzarella cheese,2
gay lea real coconut whipped cream,2
vegetable base,2
candied pineapple slice,2
dry split pea,2
pear halves in juice,2
plain croissants split in half,2
chocolate coated toffee bit,2
unbaked single pie crust,2
dry macadamia nut,2
frozen fire corn,2
butterscotch instant pudding mix,2
sugar pumpkins and seeded,2
fire green chile pepper,2
links mild italian sausage,2
aged provolone cheese,2
vanilla bean scraped,2
pearl barley rinsed,2
chocolate covered peanut butter cup,2
passion fruit pulp removed,2
white kidney beans cannellini undrained,2
heads boston lettuce leaves separated,2
chocolate almond bark,2
drained canned chickpeas garbanzo bean,2
envelope instant dessert topping,2
reynolds staybrite baking cup,2
lemon lime flavored carbonated beverage chilled,2
unsweetened cocoa powder sifted,2
squares bittersweet chocolate melted,2
lemon oil,2
reduced sodium beef stock,2
gingerbread cake mix,2
petite potato,2
blackberry jell o,2
squares milk chocolate coarsely,2
whipped cream for serving,2
fluid ounces brewed espresso,2
worcestershire sauce such as lea perrin,2
pears drained and,2
vegetable shortening for frying,2
bars chocolate covered crispy peanut butter flavored candy e g,2
liquid sweetener,2
pork butt steak,2
chunk chicken breast,2
basil to taste,2
pint chocolate ice cream softened,2
chorizo into chunk,2
bag milk chocolate candy kisses unwrapped,2
jell o lemon flavor instant pudding,2
canned cream style corn,2
maraschino cherries stemmed,2
cracked peppercorn,2
non hydrogenated margarine melted,2
rhubarb inch piece,2
zucchini cut lengthwise then in half,2
loosely mint leaf,2
sourdough bread lightly,2
sugar snap pea pod,2
pint heavy cream whipped,2
hickory chip,2
strawberry half,2
coarsely arugula,2
rhubarb inch,2
heavy cream plus more as needed,2
prepared lemon curd,2
pint raspberry sherbet,2
european cookie spread such as biscoff,2
powdered chicken bouillon,2
cream cheese glaze,2
low sodium bacon,2
mott s original,2
peaches well drained,2
mexican style hot tomato sauce such as el pato salsa de chile fresco,2
red delicious apples cored,2
ramen noodles such as nissin top ramen,2
canned white,2
dill pickles quartered lengthwise,2
yellow cake mix such as betty crocker,2
bottle orange soda,2
hershey s cookies n creme baking piece,2
vanilla wafer crumbs such as nilla,2
spice paste,2
squares baking chocolate,2
pkg serving size jell o chocolate flavor instant pudding pie filling,2
seasoned salt with no msg,2
red gold squeezed tomato juice,2
head red leaf lettuce torn into bite size piece,2
greek pita flatbread,2
tomatoes cut in half crosswise,2
pre ham steak,2
thai red chile paste,2
stone grit,2
salad supreme seasoning,2
fine dry breadcrumb,2
cream of mushroom soup such as campbell s,2
buffalo style hot pepper sauce such as frank s redhot,2
royal ann cherry,2
french tart pastry,2
bunch basil leaf,2
beer bratwurst,2
fish fumet,2
marshmallow miniature,2
apples for py,2
boxes dry corn muffin mix such as jiffy,2
sage flower,2
vegan graham cracker,2
arabian pita bread,2
papa john s pizza sauce,2
honey molasse,2
low fat chicken broth,2
traditional pastry piecrust,2
onion seasoning mix,2
slim cucumber,2
prosciutto rind,2
carbonated soda water,2
deli corned beef such as buddig,2
frozen mini tart shell,2
wide noodle,2
coarse dijon mustard,2
rhubarb compote,2
cinnamon applesauce,2
sheets sushi nori dry seaweed,2
fully luncheon meat such as spam cut into inch slice,2
oven potato,2
roast turkey carcass,2
poultry seasoning such as bell s,2
sugar free fruit flavored gelatin,2
chicken flavored white sauce,2
tahini sesame paste,2
slices french bread cut into inch cube,2
raspberry chipotle sauce,2
dole extra veggie with grape tomato,2
sazon seasoning such as goya,2
seaweed salad,2
quartered artichoke hearts drained and,2
mesquite chips soaked,2
irish whiskey such as jameson,2
pickled carrot,2
sirloin cut into inch cube,2
warm flour tortilla,2
long strip of lemon zest,2
button mushrooms stem,2
pint mushroom,2
balls of mozzarella,2
swedish mustard,2
basic pizza dough,2
barbecue sauce plus additional for serving,2
tomato base chili sauce,2
hunts ready tomato sauces chunky special,2
green kern,2
hamburger rolls split,2
french style ladyfinger cookie,2
oil garlic,2
patna rice,2
bleu s sweet mustard sauce for pretzels and more,2
creole seasoning such as tony cachere s,2
beef style seasoning or chicken style,2
salt free poultry seasoning,2
plantains and cut diagonally into inch slice,2
uncle ben s flavor infusions garlic butter rice,2
healthy substitute for cream of chicken soup,2
cheddar biscuits from diabetic living,2
beef luncheon meat,2
bulk turkey sausage,2
reduced fat mild cheddar cheese,2
scrambled egg,2
banana vegan butter,2
black beans with jalapeno,2
louie dressing for seafood salads or reuben sandwiche,2
tuscan italian blend seasoning,2
horn salt,2
mucho gusto taco seasoning mix,2
taco seasoning blend,2
coarsely pear,2
bulk mild pork sausage,2
first cut briskets of beef,2
white cranberry strawberry juice,2
inch slices ham,2
cilantro paste,2
dry red wine vinegar,2
bison bacon,2
unpeeled yellow onion,2
young tender corn,2
coarse wheat flour,2
orange food color,2
coffee flavored brandy,2
hunt s petite tomatoes undrained,2
basic vinaigrette dressing with variation,2
italian tomato sauce,2
deveined shrimp,2
artichoke bottoms drained,2
sugar rolled date,2
chicken bone,2
chili infused vodka,2
commercial low sodium chicken broth,2
french baguette cut in half lengthwise,2
scented cinnamon honey butter,2
black olives well drained,2
salt free seasoning blend to taste,2
jalapeno peppers cut into ring,2
refrigerated reduced fat crescent roll dough,2
parmesan chicken,2
crock pot chicken stock,2
tex mex cheese blend,2
sodium reduced taco seasoning,2
oil from the sun tomato,2
packaged precooked bacon,2
italian tomatoes drained,2
chocolate fudge brownie ice cream,2
garlic pepper blend,2
banana ketchup,2
condensed vegetable beef soup,2
mugwort,2
sweet vanilla soymilk,2
leaves of iceberg lettuce,2
holland house red cooking wine,2
crosse blackwell seafood cocktail sauce,2
frozen butternut squash,2
seasoned salt such as spike seasoning,2
macintosh apples cored and,2
coconut aminos soy free seasoning sauce,2
spinach squeezed dry,2
cut flat iron steak,2
eggplants cut into inch slice,2
skin on chicken breast half,2
codfish,2
vegetarian butterscotch pudding mix,2
simply potatoes southwest style hash brown,2
white wine substitute non alcoholic substitute,2
kraft milk sharp cheddar cheese,2
canned cannellini bean,2
mint leaves torn,2
sprigs lavender,2
refrigerated buttermilk biscuits not the layered variety,2
black food coloring,2
fully kielbasa sausage,2
pouch uncle ben s ready rice garden vegetable,2
meat from a rotisserie chicken,2
bone in turkey breast with skin,2
pimento stuffed olive,2
unsweetened peanut butter,2
lamb shoulder blade chop,2
sriracha sauce hot chili sauce,2
flatbread,2
sheets x inches each reynolds wrap aluminum foil,2
marbled cheddar and swiss cheese,2
cardamom pods broken,2
sambal oelek chili paste,2
kikkoman teriyaki baste glaze,2
tomatoes thickly,2
crumbled italian sausage,2
kosher salt do not use regular table salt,2
unpeeled onion,2
unpeeled carrot,2
frozen peas defrosted,2
korean red chile flakes gochugaru,2
dry jerk seasoning,2
green onion flake,2
cinnamon cream cheese frosting,2
black cod steak,2
lemon mayonnaise,2
philadelphia cream cheese spread,2
homemade italian salad dressing,2
hot pepper oil,2
ortega green chili salsa,2
ancho chili powder,2
sweetened condensed chocolate milk,2
chestnut meat,2
achar,2
green onions and top,2
boston pork and bean,2
picante sauce such as pace picante sauce,2
key limes zest of,2
parmesan cheese flavored bread crumb,2
black olive pesto,2
coarsely chicken,2
frozen huckleberry,2
chinese fish sauce,2
korean chile paste gochujang,2
milk cheddar cheese such as kraft,2
pimiento stuffed green olives drained and,2
kalamata olives pitted and quartered,2
pepato,2
keto cauliflower crust,2
honey cured deli ham,2
no yolks kluski noodle,2
ao nori,2
dry instant mashed potato flake,2
rack of lamb and frenched,2
shiraz wine,2
spicy barbeque sauce,2
tuna bonito flake,2
irish bacon,2
slices monterey jack cheese,2
salted hard duck egg,2
asian style sesame salad dressing,2
heads bibb lettuce,2
bacardi o rum,2
zucchini slice,2
powdered jalapeno pepper,2
flank steak pounded to inch thickness,2
lemon compound butter,2
chipotles en adobo chipotles chili in adobo sauce,2
bread broken up into piece,2
zucchinis lengthwise,2
campbell s condensed cream of celery soup regular,2
ham steak cut into piece,2
coarsely pork,2
green giant riced cauliflower sweet potato,2
crescent roll dough bread machine,2
chicken flavored bread stuffing mix such as kraft stove top,2
bone in beef prime rib roast,2
plantains and cut into piece,2
t bone type lamb chop,2
clementine zest of,2
wheat germ nut,2
ham coarsely,2
spicy seasoned salt,2
mint vodka,2
kelp flake,2
healthy italian breadsticks or pizza crust,2
adobo sauce from canned chily,2
mixed currant,2
regular hamburger,2
fluid ounces hickory flavored liquid smoke,2
white shiro miso,2
no knead flatbreads master recipe pizza naan focaccia,2
mettwurst,2
red pear shaped cherry tomato,2
pickled cherry pepper,2
frozen hominy,2
pink grapefruits juice of,2
angelica root,2
buttery crescent roll,2
unpacked brown sugar,2
sandwich roll,2
and chunky salsa,2
dukka egyptian spice mix,2
canned tomatoes half drained,2
tzatziki cucumber dipping sauce,2
vegan caramel sauce,2
melted onions or tomato,2
bek s black bean salsa pico de gallo,2
prepared low fat pesto,2
apples for pie,2
mint paste,2
head broccoli cut into piece,2
granadilla,2
tandoori color powder,2
inch slices sourdough bread,2
yogurt cheese,2
ajwain seed,2
duck giblet,2
sheet reynolds wrap aluminum foil,2
stuffing mix such as kraft stove top,2
filomena s pasta fresca,2
rosemary focaccia bread,2
the best chicken crock pot,2
italian dry bread crumb,2
smoky spicy tomatillo salsa verde aka green hell,2
dry instant chicken broth,2
tiger lily bud,2
tofu scrambler,2
basting sauce,2
kfc original recipe breading mix copycat,2
idahoan garlic flavored mashed potato,2
fluid ounce bottle buffalo wing sauce,2
cream flour,2
easy friendship bread amish bread starter,2
chicken strip,2
lady savoiardi,2
grape skin,2
dole green onion,2
prepared honey dijon barbecue sauce,2
bok choy stalk,2
skinned boned duck breast half,2
impastata ricotta,2
single strength beef broth,2
basic b eacute chamel sauce with lots of flavour,2
chuck roast cut into inch cube,2
seasoned meat tenderizer,2
navy beans undrained,2
homemade ponzu sauce,2
condensed cream of tomato soup,2
fl oz bottle pomegranate juice,2
how to dry citrus zest lemon orange lime grapefruit,2
yellow curry paste,2
pickerel fillet,2
four cheese alfredo sauce,2
vegan american cheese,2
steak sauce such as heinz,2
whole wheat bread machine flour,2
tomato paste with basil and garlic,2
sour cream and onion dip,2
got the bleu s hot sauce,2
buffalo wing sauce such as frank s,2
shallots and,2
plain hash brown,2
pimiento pepper,2
campden tablet,2
slices whole grain bread,2
u shrimp,2
collard greens cut into inch piece,2
deep dish pastry for double crust,2
reduced fat reduced sodium cream of mushroom soup,2
fantabulously easy under an hour mozzarella,2
havarti cheese with dill,2
smithfield original pork loin filet,2
carton campbell s mexican style tomato soup,2
danish fontina cheese,2
specialty soup substitutes cream,2
emeril s southwest seasoning,2
caesar style salad dressing,2
bone dust bbq rub,2
garlic seasoned crouton,2
palm vinegar,2
white garlic,2
bobbie q sauce barbecue sauce,2
loaf white bread cut into cube,2
green pepper sauce e g,2
italian link sausage,2
mozzarella and cheddar cheese blend,2
inch pieces lemongrass,2
grapefruit drink,2
french bean,2
butternut squash and cut into chunk,2
white currant,2
condiment,2
romaine lettuce heart,2
ramen noodle pasta with flavor packet,2
kittencal s seasoned dry italian breadcrumb,2
head romaine lettuce leaves torn into bite size piece,2
frozen prepared pie crust thawed,2
mexican style four cheese blend,2
no cook lasagna noodle,2
deli style turkey breast,2
seriously simple seasoning salt,2
fat free banana cream pie flavored pudding mix,2
sweet brown rice,2
untrimmed beef brisket,2
instant stuffing mix,2
heads iceberg lettuce,2
maple flavored pancake syrup,2
pork chorizo,2
garlic tomato paste,2
turkey scallopini,2
spanish chorizo cut into inch piece,2
lacinato dinosaur kale,2
the ultimate creamy blue cheese dressing amp dip,2
butterball breast of turkey,2
crab drained,2
german style sweet sauerkraut,2
clementines zest of,2
warm chicken stock,2
seasoned rice vinegar with garlic,2
lemon mint,2
whole milk mozzarella,2
chicken mixture,2
panini oil,2
frozen sweet pepper,2
kale cut into ribbon,2
sprig dill weed,2
sprigs dill weed for garnish,2
swanson goodness chicken broth,2
walnut flour,2
inch low carb whole wheat tortilla,2
beaten rice,2
xxxx confectioners sugar,2
elk meat,2
iced water,2
how to boil egg,2
drained and rinsed kidney bean,2
extra sharp cheddar cheese such as sargento off the block,2
honey mustard sauce,2
to pound picnic ham,2
moroccan spiced preserved lemon,2
undiluted thawed orange juice concentrate,2
calabash gourd and cut into cube,2
marinated eggplant,2
frozen breaded chicken strip,2
vegan cooking spray,2
frozen cleaned chitterlings thawed,2
butter melted,2
double action baking powder,2
and crawfish tails coarsely,2
sun tomatoes cut in strip,2
old el paso flour tortillas for burritos inch,2
neo neapolitan pizza dough,2
leaves curry,2
hot yellow banana pepper,2
chicken stock concentrate such as knorr homestyle,2
water chestnut starch,2
pink salt,2
hungry jack cheesy scalloped potato,2
vegan maple syrup,2
bermuda falernum,2
fat free low sodium chicken broth,2
salted peanuts without skin,2
pale dry ginger ale,2
vegan soy sauce,2
beef sweetbread,2
holland rusk,2
pico de gallo salsa drained,2
red raspberry vinegar,2
versatile roast beef in the crock pot,2
pigeon pea paste aka arhar dal or toovar dal,2
lemon verbena and herbal simple syrups for lemonade etc,2
green thai chili pepper,2
thai style rice noodle,2
lemongrass and,2
leaves green leaf lettuce leaf,2
lime wedges for serving,2
fat free cream of chicken soup,2
torpedo rolls split,2
panch phoran,2
maple flavored bacon,2
and corned beef,2
basic brown stock,2
uncle ben s basmati rice,2
campbell s condensed black bean cumin cilantro soup,2
hot dog roll,2
great northern beans rinsed,2
scalloped potato mix,2
gumbo base aka roux,2
chickpea sprout,2
leftover ham bone with meat attached,2
tangerine juice of,2
tightly basil leaf,2
hot pepper paste,2
southwest chipotle seasoning,2
herb tofu,2
chihuaua cheese,2
head iceberg lettuce cored and,2
cremini mushrooms bella,2
korean red pepper flake,2
plain tortilla chip,2
ww vegetable with alfredo sauce,2
refrigerated breadstick dough,2
burata cheese,2
bottled sweet chili sauce,2
shiitake mushrooms cut in half,2
buffalo wing sauce such as frank s redhot,2
chinese date,2
pheasants rinsed patted dry and cut into piece,2
skin on bone in pork shoulder picnic roast,2
thai chiles into ring,2
lemon pepper seasoning such as mccormick,2
garlic flavored instant mashed potato,2
refrigerated three cheese tortellini,2
watercress leaves for garnish,2
boxes raisin,2
jamaican jerk seasoning blend,2
chipotle powder,2
bite sized pieces asparagu,2
frozen tri color cheese tortellini,2
long grain and wild rice,2
lager style beer,2
veal medallion,2
muscovado sugar,2
ocean spray cranberry cocktail,2
bite size wheat square cereal such as wheat chex,2
romaine hearts rinsed and torn,2
strawberry vinegar,2
refrigerated biscuits biscuits per can,2
grand marnier custard sauce,2
pasta boiling water,2
jalapeno flavored cream cheese,2
pecorino pepato cheese,2
liters cola flavored carbonated beverage,2
sweetened condensed milk substitute for diabetic,2
fruited chili sauce,2
sesame snack stick,2
t bone steak,2
london broil steak,2
carton curd cottage cheese,2
high fructose corn syrup,2
links italian sausage link,2
chinese black bean and garlic sauce,2
dry pasta of your choice,2
laurel s mango chutney,2
instant devil s food pudding mix,2
low fat mexican cheese blend,2
pod black cardamom,2
sweet and spicy candied pecans with a kick,2
white mountain cream frosting,2
uncle ben s fast whole grain instant brown rice,2
lamb knuckle,2
cream cheese with green onion,2
oatmeal cookie mix,2
fettuccine such as buitoni,2
frozen pea pods thawed,2
gram s chocolate sauce,2
fat free corn tortilla,2
beef ribeye steak,2
pint,2
bone in leg of lamb,2
flap steak of fat,2
broccolini cut into inch piece,2
beef chorizo,2
fatback,2
bird s eye chile,2
arak,2
dole onion,2
sirloin tip cut into slice,2
carton nonfat sour cream,2
carrots with juice,2
wheat flake cereal crumbled,2
mini bagels split,2
low fat cream of mushroom soup,2
kittencal s alfredo sauce,2
boston butt roast,2
oregano leaves crumbled,2
black currant leaf,2
duck meat,2
low sodium cajun seasoning,2
basil for garnish,2
pork rind,2
kittencal s no cook pizza sauce or marinara dipping sauce,2
spring cabbage,2
squares italian herb saute express saute starter,2
kale stems discarded leaf,2
hard eggs and coarsely,2
martha white buttermilk,2
collard greens stems and center ribs discarded and leaf,2
frozen english peas thawed,2
hot mashed potato,2
instant beef bouillon granule,2
vegetarian marshmallow,2
dad s mazola no roll pie pastry shell,2
honey mustard salad dressing,2
dry mexican,2
squares land o lakes teriyaki saute express,2
chipotle,2
black squid ink pasta,2
round steak cut into strip,2
pints part skim ricotta cheese,2
tarragon crumbled,2
broccoli separated into floret,2
iquest porque no mexican pesto,2
low sodium water chestnut,2
butterball smoked turkey dinner sausage lengthwise and cut into inch slice,2
tamarind juice in a spray bottle,2
hot smoked paprika,2
liquid hickory smoke flavoring,2
roquefort,2
corn tortilla mix,2
pineapple slices in juice,2
rabbit meat cleaned and cut into piece,2
amber beer,2
tofu drained and cut into bite size piece,2
chili seasoning such as mccormick,2
arrack liqueur,2
turkey breakfast sausage,2
flavored seasoned salt,2
orange peel cut into strip,2
blade roast and cut into inch cube,2
tyson ready frozen fajita chicken breast strip,2
bavarian style sauerkraut undrained,2
inch cut green bean,2
untreated cedar plank soaked in water for hour,2
roast,2
strips of green bell pepper,2
tortilla chips for topping,2
easy peezy pizza dough bread machine pizza dough,2
chicken burger,2
sweet mexican spice seasoning mix,2
sauerkraut rinsed and drained,2
low fat bisquick substitute,2
creamed horseradish,2
wonderful salsa,2
shallots lengthwise and,2
sprigs watercress for garnish,2
skin on chicken breast,2
warm water degrees f to degrees f,2
dry cottage cheese,2
sheets x inches each reynolds wrap heavy duty aluminum foil,2
olive brine,2
links precooked apple chicken sausage,2
lobster tail cleaned and,2
old cheddar cheese,2
inch bone in pork chop,2
minestrone soup,2
mexican seasoning mix ii salt free,2
seasoned pepper blend,2
good quality bourbon whiskey such as maker s mark,2
fluid ounces tomato based chili sauce,2
rabbit cut into piece,2
mccormick hot mexican style chili powder,2
old el paso green chiles drained,2
oriental sesame oil,2
toppings as desired,2
coarsely cilantro leaf,2
ruby red grapefruit juice of,2
condensed broccoli cheese soup,2
for the chicken,2
capers liquid reserved,2
loin pork roast,2
white bread and cut into cube,2
swiss,2
fluid ounce jiggers bourbon whiskey,2
for the pasta,2
kosher salt and black pepper,2
crusty bread rolls split,2
pate,2
precooked ham steak,2
german stone mustard,2
white kidney,2
whole wheat penne pasta,2
campbell s condensed cream of celery soup,2
neighborhood recipe pizza dough,2
assorted bell pepper,2
white beans undrained,2
long metal skewer,2
refrigerated jumbo biscuit,2
rich turkey stock,2
carnita,2
sticks unsalted butter,2
beef neck bone,2
fuji apple cored and,2
nonfat pizza dough bread machine,2
hunt s no salt ketchup with chili powder,2
ouzo,2
goya powdered beef bouillon,2
mori nu silken tofu,2
low sodium beef stock,2
breakfast sausage patty,2
heat resistant nylon oven bag such as reynolds oven bag,2
part skim farmer cheese,2
seasoned breadcrumb mix,2
asiago cheese bagel,2
orange zest strip,2
lemon flavored vodka,2
extra chicken,2
cracker barrel tex mex cheese,2
old el paso green chile,2
classic brine for poultry shellfish and pork,2
white bread quartered,2
spiral carrot,2
progresso black beans drained rinsed,2
goya corn tortillas warmed,2
vegetarian breakfast sausage,2
leftover roast turkey meat,2
fl oz can mango nectar,2
fat free salsa,2
johnsonville italian sausage,2
anaheim,2
quick garam masala,2
reduced calorie orange marmalade,2
prosciutto torn into piece,2
low fat low sodium swiss cheese,2
urfa biber,2
au jus gravy mix,2
sweet tart crust,2
jamaican spice mixture,2
sweet and sour pickle,2
sharp canadian cheddar cheese,2
sugar free cranberry flavor gelatin,2
bartender s sugar syrup,2
lime into wedge,2
hollandaise sauce,2
basmati rice pilaf,2
dirty rice mix,2
hot chutney,2
green methi leaf,2
marshmallow candy,2
deviled ham spread,2
hot pepper sauce e g tabasco to taste,2
chicken wing section,2
frozen cut asparagus thawed,2
grain hamburger bun,2
aji mirin sweet rice cooking wine,2
pickle masala,2
orange peel cut into sliver,2
harissa paste,2
parmesan garlic crouton,2
sweet and sour plum sauce,2
lowfat plain yogurt,2
slices inch sourdough bread,2
smoked pork jowl,2
bratwurst links cut into inch slice,2
slices ginger root,2
bella cremini mushroom,2
multi grain wrap,2
quarts heavy whipping cream,2
quartered artichoke heart,2
campbell s condensed cream of chicken soup regular fat free,2
fermented black beans rinsed and mashed,2
splash of milk,2
gallon peanut oil,2
ben and jerry cherry garcia ice cream,2
light red kidney beans drained,2
rendered chicken fat,2
garlic hummu,2
japanese udon noodle,2
saffron color,2
sherry flavoring,2
english pudding,2
wheat panko bread crumb,2
sprig rosemary leaf,2
parsnips cut into inch piece,2
bolognese sauce,2
frozen southwest mixed vegetables corn,2
mccormick gluten free chili seasoning mix,2
simply potatoes potatoes with onion,2
colby jack,2
dry hard cider,2
korean soy bean paste doenjang,2
basic whole wheat french crepe,2
barbeque sauce such as cattlemen s,2
marinated mushroom,2
canned butter bean,2
vegan chocolate syrup,2
my favorite oil and vinegar dressing,2
fluid ounce bottle steak sauce,2
japanese turnip,2
blend of aromatic herbs onions garlic,2
chicken breast halves with skin,2
masa harina instant corn masa mix,2
hot italian pork sausage,2
beef kidney,2
center cut beef tenderloin roast,2
italian salad dressing,2
head lettuce leaf,2
cornflake,2
coarsely pork shoulder,2
galia melon,2
dry fusilli spiral pasta,2
salsa verde green salsa,2
frozen sweet white corn,2
campbell s condensed tomato soup,2
basil oil,2
zucchini and quartered,2
spicy vinegar of haiti picklese pikliz,2
frozen vegetable combination broccoli cauliflower carrot,2
made manicotti or cannelloni crepes shell,2
butter flavored cooking spray such as pam,2
maxine s curry pickle a sweet pickle,2
envelope dry onion gravy mix,2
kochujang korean hot sauce,2
pigeon pea,2
creole rice mix,2
miniature multi colored sweet pepper,2
diet cola flavored carbonated beverage,2
chipotle puree,2
lasagna sheet,2
jalapeno pepper jelly,2
steak cut into strip,2
sauerkraut rinsed and squeezed dry,2
water chestnuts undrained,2
blender hollandaise sauce,2
french onion soup such as campbell s,2
spice islands garlic salt,2
wagon wheel pasta,2
green leaf lettuce rinsed and torn,2
vegan pesto,2
envelope ranch salad dressing mix,2
vegetable oil for browning,2
stewed tomatoes with basil and garlic,2
atlantic salmon fillet,2
sauerkraut drained and pressed dry,2
coleslaw mix with carrot,2
hot as hell habanero zucchini jelly,2
ciabatta roll,2
pinto,2
plain crouton,2
wedges iceberg lettuce,2
seasoned cornbread stuffing mix,2
clamshell mushrooms separated,2
prepared coarse mustard,2
curry powder to taste,2
coffee syrup,2
amaretti di saronno cooky,2
crispy rice noodle,2
fluid ounces liquid smoke flavoring,2
corn bread topping,2
green apples cored and,2
cabbage cored and,2
homemade bacon bit,2
bottles dark beer,2
campbell s condensed tomato chipotle olive oil soup,2
stewed tomatoes with chili seasoning,2
corn flake crumb,2
goya white vinegar,2
teriyaki seasoned tofu,2
bunches spinach leaf,2
cento italian tomato,2
mild red enchilada sauce,2
perfect egg pasta,2
kittencal s easy creamy white glaze,2
pigeon peas drained,2
sargento reduced fat mild cheddar cheese,2
green onions for garnish,2
goya powdered chicken bouillon,2
philadelphia less fat cream cheese,2
naartjie peel,2
for the pork,2
creamy cucumber salad dressing,2
weisswurst sausage,2
goya frozen peas thawed,2
cream style low fat cottage cheese,2
leek white and light green part only,2
tomatillos drained and,2
leftover turkey meat,2
uncle ben s long grain wild rice original recipe,2
spinach leaves rinsed and drained,2
bulk pork sausage with sage,2
beer stick,2
vegan soy cheese,2
shallot and quartered,2
thyme plus more for garnish,2
light ranch dressing,2
low sodium barbecue sauce,2
hollandaise sauce mix,2
cherry flavored sparkling mineral water,2
powdered sugar substitute,2
chicken drumsticks with skin,2
bunches cilantro leaves picked from stem,2
fruit flavored cream cheese,2
wheat bun,2
fluid ounces low sodium chicken broth,2
canned jellied cranberry sauce,2
apple and cored,2
chunky tomato sauce,2
inches pork chop,2
snoek,2
fantastic foods vegetarian chili mix,2
dole extra veggie with snap pea,2
riced cauliflower,2
bulk pork breakfast sausage such as jimmy dean,2
tarragon infused champagne vinegar,2
loaf crusty bread,2
egg custard,2
oriental radish,2
ketchup such as heinz,2
ortega salsa any style,2
green giant cauliflower veggie tot,2
bison skirt steak,2
round reblochon cheese,2
coarse pork back fat,2
other italian pasta,2
fluid ounce can spinach drained,2
tabasco garlic pepper sauce,2
browning sauce such as gravy master,2
wasabi oil,2
strips canadian style bacon,2
ranch dip mix,2
center cut bone in pork chop,2
flour tortillas cut into inch square,2
refrigerated flaky biscuit,2
apple cored and quartered,2
sesame seed meal,2
brussels sprouts lengthwise and,2
head escarole coarsely,2
seasoned salt and pepper to taste,2
red wine and vinegar salad dressing,2
top round london broil cut,2
onion flavored crouton,2
barley pearl,2
barbeque seasoning to taste,2
cracker barrel parmesan cheese,2
the simplest tomato sauce ever marcella hazan,2
refrigerated gnocchi,2
portuguese chourico sausage,2
savory steak seasoning for all types of meat,2
wheat english muffins split,2
major grey chutney,2
iraqi curry powder,2
round dumpling skin,2
seafood seasoning mix,2
green herb seasoned salt,2
top round steak very,2
archer farms ancho chile powder,2
seeded serrano chile,2
mild curry paste such as patak s,2
basic tomato sauce,2
fluid ounces warm water,2
frozen sugar snap peas thawed,2
elderberry juice,2
reduced calorie mayonnaise,2
orange washed and,2
mustard powder to taste,2
tomatoes with mushroom and garlic,2
boursin cheese with herb,2
soy quot buttermilk quot,2
mild taco seasoning mix,2
adobo seasoning to taste,2
peppers onions and mushroom,2
smoked turkey sausage link,2
soy sauce such as aloha shoyu,2
red beans with liquid,2
slice ginger root,2
serrano,2
caul,2
sauteed mushroom,2
reserved chicken broth,2
gluten free cream soup base powdered,2
nif s basic dry bbq rub,2
sea salt seasoning,2
cajun spice blend,2
poblano chile seeded and,2
wheat fettuccine,2
snow pea pod,2
fluffy white frosting,2
tomato soup such as campbell s,2
chicken fajita seasoning,2
uncle ben s whole grain brown rice,2
pork sausage such as jimmy dean,2
spinach leaves torn,2
green cherry tomato,2
sweet white wine,2
berbere seasoning,2
olive salad mix,2
oven hot peppers flakes or powder,2
bag frozen meatball,2
sazon goya without annatto,2
full bodied dry red wine,2
basic french tart dough pate brisee dorie greenspan,2
milk as needed,2
sweet onion cut into inch slice,2
hot couscou,2
vegan swiss cheese,2
carton swanson chicken broth,2
pipette pasta,2
goya adobo with pepper,2
broccoli rabe ends cut into inch piece,2
mexican salsa,2
crepe batter,2
plain tofu,2
goya flour tortillas warmed,2
rosemary garlic seasoning,2
broccoli slaw,2
long grain and wild rice mix such as uncle ben s,2
beef tenderloin fillet,2
red hot chile pepper,2
giblet stock from turkey or chicken or for soup or gravy,2
eggplants and into inch round,2
watermelon radishe,2
ball park hot dog bun,2
melon juice,2
heads of celery,2
no onion,2
reserved duck fat,2
northern pike fillet,2
sandwich rolls split and,2
bagels split,2
unpopped popcorn kernel,2
rice polish,2
chili seasoning,2
buttery crouton,2
heavy cream heated,2
porterhouse steak,2
whole milk greek yogurt,2
simply potatoes mashed potato,2
grouper steak,2
rinsed quinoa,2
liquid egg substitute such as egg beater,2
pasta of your choice,2
california chile pod,2
hot and sweet pepper,2
hot wing sauce,2
smithfield peppercorn garlic seasoned pork tenderloin,2
nutritious flour blend,2
lentils drained,2
head green leaf lettuce,2
prosciutto cut into piece,2
strips cut bacon,2
cut pork loin chop,2
goya mojo criollo,2
hawaiian bread roll,2
nutmeg whipped cream,2
sirloin steak cut into inch cube,2
tomato based hot pepper sauce,2
black bean sauce with garlic,2
wakame seaweed,2
smoked pork neck bone,2
prosciutto ham,2
garlic and herb seasoning such as spike,2
oil anchovy fillet,2
linda s fantabulous food processor pie crust,2
moroccan spice mix,2
seedless red grapes rinsed and,2
crispy prosciutto,2
kimchi cut into bite size piece,2
balsamic marinade,2
p acirc t eacute de foie gra,2
tart dessert apple,2
sweet plum,2
loaf frozen bread dough,2
spanish sweet onion,2
frozen mixed vegetables pea,2
pita bread rounds cut in half,2
sandwich bread crusts removed,2
hot italian turkey sausage,2
serrano chiles stemmed,2
salt free cajun seasoning,2
tamale dough,2
sweet,2
gluten free beer,2
condensed cream of mushroom,2
spinach cut into strip,2
mushroom stem,2
emirati style yellow chicken stock,2
italian meatball,2
pig s feet,2
italian style stewed tomatoes drained,2
zucchini cut lengthwise into inch slice,2
fluid ounces coconut water,2
split peas rinsed,2
unpeeled russet potato,2
sprig rosemary for garnish,2
processed cheese product such as velveeta,2
tawny port wine,2
tomatillo salsa fresca,2
orange flavored carbonated beverage,2
mango pickle,2
mexican cheese blend such as great value fiesta blend,2
candied tangerine zest,2
american cheese slice,2
no knead food processor crust pizza dough,2
hearty red wine,2
lemons cut in half,2
bran amp cranberry muesli day wonder diet day,2
yellow eyed pea,2
skin on chicken thigh,2
smoked maple bacon,2
uncle ben s flavor infusions chicken herb rice,2
crescent roll,2
fl oz can spicy vegetable juice cocktail,2
inch beef top sirloin steak,2
sausage casing,2
wheat lasagna noodle,2
venison backstrap,2
fluid ounces beef broth,2
the end of all things vegetable broth,2
beef eye of round steak,2
for marinade,2
moose roast,2
drizzle olive oil,2
boned and skinned chicken breast half,2
orzo rice shaped pasta,2
cactus leaf,2
fat free cream of mushroom soup,2
oysters drained,2
pint shucked oysters drained with liquid reserved,2
clover sprout,2
goat horn pepper,2
steak seasoning sauce such as dale s steak seasoning,2
kremelta,2
fat salt pork,2
tortilla chip strip,2
kidney beans rinsed drained,2
meat loaf,2
poblano chily,2
top round steak cut into inch strip,2
german chocolate square,2
spicy habanero jelly,2
refrigerated cinnamon roll dough with icing,2
cracker meal,2
zatarain s red beans and rice mix,2
red italian tomato,2
sofrito daisy martinez,2
locatella cheese,2
flank of beef,2
kikkoman sriracha hot chili sauce,2
star shaped pasta,2
sweet thai chile sauce,2
hoisin sauce recipe,2
emeril s essence,2
and turnip,2
vegan cream cheese substitute such as tofutti,2
greek seasoning mix,2
granny smith apple and,2
cremini mushrooms cut in half,2
back rib,2
sodium reduced chicken broth,2
frozen french cut green beans thawed,2
tortellini,2
pork medallion,2
chabli,2
crumbled goat cheese chevre,2
bone in chicken,2
old el paso flour tortillas for tacos fajitas inch,2
shaved carrot strip,2
refrigerated pie crust such as pillsbury,2
sprig thyme bruised,2
low fat banana instant pudding mix,2
nonfat whole wheat tortilla,2
bulk italian pork sausage,2
kittencal s red enchilada or taco sauce,2
cappelletti pasta,2
butter flavored salt,2
flank steak pounded for easy rolling,2
vegetable shortening plu,2
flat parsley,2
thickly bacon,2
tomatoes with spicy red pepper,2
campbell s condensed cream of chicken with herbs soup,2
whole hazelnut,2
the best angel food cake,2
quick preserved lemon,2
bottle barbeque sauce such as sweet ray s,2
coarse sea salt and coarsely black pepper to taste,2
maple flavored breakfast sausage,2
slivered ginger,2
chocolate crumb crust,2
sprig rosemary leaves stripped,2
tangelo zest,2
assorted vegetable,2
active compressed yeast,2
canned peach half,2
reduced fat crumbled blue cheese,2
fennel spice rub for turkey michael chiarello,2
tomato bouillon with chicken flavoring such as knorr,2
skirt steak cut in half across the grain,2
bag birds eye steamfresh long grain white rice according to package direction,2
k jon s pepper blend,2
goya sofrito,2
scallions for garnish,2
lobster bisque,2
leftover meatloaf,2
reduced fat reduced sodium condensed cream of chicken soup,2
reduced fat mexican cheese blend,2
jamaica concentrate,2
brussels sprouts cleaned and,2
alfredo noodles mix,2
mexican seasoning blend,2
the neely s barbeque seasoning,2
goya spanish olives stuffed with pimiento,2
baste,2
inch pineapple cube,2
reduced sodium vegetable broth,2
carmelized pecan,2
grey sea salt,2
agave glazed bacon,2
bison brisket,2
clean eating ras el hanout moroccan spice mix,2
mashed potato flake,2
alligator sausage,2
seasoning mixture,2
green chile sauce,2
beef top sirloin roast,2
mixed vegetables such as veg all,2
bottles chile sauce,2
olive oil for drizzling,2
american cheese such as kraft,2
prepared stir fry sauce,2
carton ricotta cheese,2
hidden valley original ranch salad dressing,2
tub philadelphia spicy jalapeno cream cheese spread,2
melt buttery spread softened,2
corned beef briskets with spice packet,2
beef tenderloin steaks inche,2
herbs italian parsley,2
red salsa,2
rye bagel,2
chocolate flavored coffee,2
eggplants into inch round,2
neely s barbeque sauce,2
shelled cranberry bean,2
italian style dressing mix,2
grainy brown mustard,2
beef demi glace,2
leeks white portion only,2
rustic italian,2
tonkatsu sauce,2
butter flavored cracker,2
french onion soup,2
banana pepper juice,2
dry enchilada sauce mix,2
neely s bbq sauce,2
dry italian bread crumb,2
pouch progresso recipe starters creamy portabella mushroom cooking sauce,2
mild chili bean,2
lima beans butter bean,2
borden cheddar and monterey jack shred,2
prepared horseradish mustard,2
another allspice substitute halal,2
braising liquid,2
balsamic syrup,2
meatloaf mix beef pork veal,2
chipotle pepper puree,2
washed and cut mustard green,2
buttermilk ranch dressing mix,2
cream of anything soup mix,2
hard rolls split,2
herbed dry bread stuffing mix,2
bread and crumbled,2
steak marinade,2
ice cream sandwich,2
lemon curd stove top or microwave method lime or orange curd,2
chipotle barbeque sauce,2
oven bacon with black pepper and brown sugar,2
dill vinegar,2
ginger syrup with variation,2
kitchen basics original chicken stock,1
my,1
frozen vegetable blend peppers onion,1
bibb lettuce rinsed and torn,1
fat free feta cheese,1
mccormick sage rubbed,1
bunches watercress stems removed,1
dehydrated celery,1
carrot slice,1
cucumbers quartered and,1
silken tofu cut into inch cube,1
mozzarella meatball,1
bunches lacinato dinosaur kale stems removed,1
yellow squash lengthwise and cut in inch slice,1
artichoke hearts rinsed drained and quartered,1
parmesan crisp,1
half and half light cream,1
cloud ear mushroom,1
coarse semolina flour,1
cauliflower cut into floret,1
salted mozzarella cheese,1
crookneck squash seeded and,1
goose cut up,1
dill seasoning mix,1
dry cauliflower soup mix,1
white cannelloni beans rinsed and drained,1
mixed torn salad green,1
bunches kale ribs removed and leaves torn into piece,1
goda masala,1
hard eggs and mashed,1
hot vegetable broth,1
reduced fat raspberry vinaigrette salad dressing,1
cut up mushroom,1
bamboo shoots cut into matchstick size piece,1
day old italian,1
lemon buttercream frosting,1
roma plum tomatoes lengthwise and seeded,1
slices peppered bacon,1
salted sunflower seed,1
black lentil paste,1
leaves swiss chard torn into several piece,1
pre crab meat,1
pickle size persian cucumber,1
zucchini quartered and cut into inch slice,1
zucchini ends and lengthwise,1
heads cauliflower cored and separated into floret,1
vegan taco seasoning,1
envelopes fleischmann s active dry yeast,1
extra crunchy peanut butter,1
leaves kale cut into piece,1
water albacore tuna,1
yellow squash ends and lengthwise,1
bag mixed field green,1
bosc pear cored and,1
brown derby dressing,1
cut sweet potato,1
tomatoes i use hunt s petite,1
avocados cut into inch dice,1
seitan cut into bite size piece,1
cinnamon crouton,1
green beans al dente and cut in half,1
fat free mayonnaise such as kraft,1
stewed tomatoes coarsely,1
spaghetti sauce mix,1
green zucchini cut into inch strip,1
classic hollandaise sauce,1
guanciale cut into inch cube,1
granny smith apples cut into cube,1
parsley root with green,1
cod into fillet,1
ribs celery with leaf,1
butter margarine blend such as smart balance melted,1
peperoncini pepper,1
mexican seasoned black bean,1
day old italian bread torn into bite size piece,1
english daisy blossom,1
mozzarella cut into bite size piece,1
serving olive oil cooking spray such as pam,1
beets scrubbed stems to inch,1
seaweed flake,1
cumin crusted salmon,1
bamboo shoot strips drained,1
fusilli corkscrew pasta,1
whole skinned goose,1
frozen shoepeg corn,1
extra hot dijon mustard,1
vegetable cut out,1
pheasant breast halves cleaned and patted dry,1
fruit kebab,1
hamburger dill pickle chip,1
apples coarsely,1
ramen noodles with vegetable,1
cilantro leaves picked from stem,1
canola mayonnaise,1
fluid ounce bottle low sodium vegetable juice such as v,1
kittencal s spicy glazed mini garlic cocktail meatball,1
tuna egg salad,1
jumbo black olive,1
bottle cole slaw dressing,1
italian vinaigrette,1
chocolate covered peppermint patty,1
hot hard egg,1
pistachio pesto,1
plum tomato with liquid,1
great northern beans drained rinsed,1
instant coffee granules dissolved in,1
bottle red wine such as cabernet sauvignon zinfandel,1
orange cut in inch chunk,1
watermelon cut into bite size cube,1
hillshire farm smoked sausage cut into inch cube,1
quart grapefruit juice,1
bottle vegetarian caesar style salad dressing,1
deveined and shrimp,1
knockwurst,1
dark german beer,1
spaghetti squash washed thoroughly,1
head white cauliflower,1
red gold petite tomatoes green chilies drained,1
young green jackfruit in water drained,1
blood orange white balsamic vinegar,1
salad ingredient,1
herbed cheddar cheese,1
creamy poppy seed dressing,1
turnips quartered,1
fennel bulb cored and lengthwise,1
red fresno chile pepper,1
quart almond milk,1
leeks cleaned and cut,1
fillet sea bass,1
peaches into wedge,1
fennel bulb cored and shaved on a mandoline,1
radish green,1
zucchini and cut into noodle shape,1
leeks white and light green parts only cut into inch round,1
oranges and cut in half slice,1
quarts thai chicken broth,1
frozen wonton,1
leek cut into matchstick size piece,1
beef prosciutto,1
dole tender garden blend,1
ribs and leaves of bok choy,1
tightly sorrel leaves stems and veins removed,1
hearty bread,1
leaves swiss chard stalks discarded and leaves cut into wide ribbon,1
bulb fennel green tops reserved,1
red beets drained and,1
bottled italian dressing,1
figs drained reserve juice and,1
korean chile pepper powder,1
tomato juice such as mott s,1
spicy sausage link,1
chunky guacamole,1
spicy salsa verde to taste,1
quarts water and more as needed,1
fluid ounces merlot wine,1
pint hulled strawberry,1
cranberry liqueur,1
miniature phyllo sheet,1
reduced fat chicken broth,1
zucchini quartered lengthwise and thickly,1
maple syrup or sweetener of choice,1
orange vinaigrette recipe below,1
fine sea salt and pepper,1
dough for py,1
bottle reduced fat raspberry vinaigrette salad dressing such as kraft raspberry vinaigrette lite,1
garnish crumbled bacon,1
gherkin,1
canned heart of palm,1
bisquick clone,1
bean sprouts for garnish,1
cauliflower piece,1
spinach in bite size piece,1
pea vine shoot,1
caesar dressing,1
romaine lettuce in bite size piece,1
hot curry sauce such as s b golden curry,1
quarts fish stock,1
bag butter lettuce,1
garlic herb crouton,1
plain oatmeal,1
dry red lentils rinsed and drained,1
shrimp shell,1
lemon cut in half for garnish,1
marinara sauce of alan leonetti servings the best,1
cod cut into inch cube,1
andouille sausages cut into cube,1
bag frozen stew vegetable,1
mandarin pancake,1
fluid ounce container vegetable stock,1
hungarian wax pepper,1
american cheese cut diagonally into half,1
escargots cut in half save the liquid,1
mandarin oranges and segmented,1
coarsely red cabbage,1
apple such as gala cored and,1
denjang korean bean curd paste,1
assorted mushrooms i like white buttons oyster shiitake portobello and crimini if using shiitake discard stem,1
orange pepper vinaigrette,1
golden beets top and bottom and greens removed,1
white cabbage cut in wedge,1
udon noodles or substitute linguine,1
other soup ingredient,1
black beluga lentil,1
pepperoni cut into eighth,1
banana flavor brandy,1
stale bread cube,1
mushrooms thickly,1
ben jerry chunky monkey ice cream,1
cold blue cheese,1
cold onion,1
truvia sweetener plu,1
vegetable juice,1
garnish pistachio,1
smoked sausage such as healthy choice,1
portuguese andouille sausage,1
bunches kale torn into piece,1
red azuki bean paste,1
quarts cranberry juice cocktail,1
dry brown lentils sorted rinsed,1
cinnamon almond,1
bite size pieces of romaine lettuce,1
beets washed with tops and bottoms removed,1
johnsonville original breakfast sausage,1
frozen bell peppers and onion,1
stemmed and swiss chard,1
zippy marinara sauce,1
vegetarian bouillon cube,1
herring fillets in oil,1
zucchini and cut into inch chunk,1
quartered grape tomato,1
swiss chard torn into several piece,1
fritter dough,1
nonfat half and half,1
slices veal shank for osso buco,1
bonito stock,1
spice islands onion,1
smoked neck bone,1
soul seasoning,1
fuyu persimmons and coarsely,1
three bean mix drained,1
spice islands poppy seed,1
apple cut into bite size piece,1
light mayonnaise not salad dressing,1
dinner rolls centers cut out and removed,1
french baguette inches long inch,1
capers drained with liquid reserved and,1
loaf cinnamon raisin bread torn into chunk,1
kosher salt and freshly cracked black pepper,1
whipping cream half and half,1
kiwifruit and for garnish,1
prepared meatball,1
tomatoes no salt added,1
reduced sodium tomato soup,1
tomatoes with green chili such as rotel,1
greek pepperoncini pepper,1
hot spiced white vinegar,1
frozen peas and carrots blend,1
garbanzo beans rinsed,1
bottled bloody mary mix such as zing zang,1
hot sauce such as goya salsa picante,1
curly kale,1
tangerines juiced,1
head lettuce cut into bite size piece,1
pecans such as planter,1
gourmet salad green,1
purple fig,1
basil preferably thai basil,1
sugar free blackberry gelatin,1
vegetarian sugar free instant chocolate pudding mix,1
pineapple in juice such as dole,1
head of romaine lettuce heart only torn into bite size piece,1
stinging nettle,1
japanese rice,1
head green leaf lettuce rinsed,1
vegetable broth such as swanson,1
swiss chard cut into inch piece,1
grade b maple syrup,1
wheat pasta,1
yellow tomatoes cut into wedge,1
dry red wine or substitute broth,1
herbs such as thyme rosemary,1
seedless oranges and into circle,1
cucumbers leaving stripes of skin and,1
tomato paste with basil such as hunt s,1
asian red chili paste sambal,1
fish grouper,1
spicy mayo,1
white crabmeat drained flaked,1
pitted brine cured green olive,1
bottle creamy poppy seed salad dressing,1
avocado chunked,1
head romaine lettuce cut,1
sprinkling coarse salt,1
bunches swiss chard,1
swiss chard cut into strip,1
langostino lobster,1
powdered butter flavoring,1
slivered red bell pepper,1
salmon trilogy part ii gravad salmon,1
stale bread torn into piece,1
loaf day old italian bread,1
plum roma tomatoes seeded and,1
mexican style seasoning such as tajin clasico seasoning,1
water chestnuts drained and cut into strip,1
radishes quartered and,1
canned red beans rinsed and drained,1
strawberries or more to taste,1
slivered sun tomato,1
slivered almonds until fragrant in a degree oven minute,1
seafood seasoning such as chef paul prudhomme s salmon magic,1
mixed salad greens such as leaf lettuce endive and radicchio,1
crumbled macedonian feta cheese,1
grinds freshly black pepper,1
dry lightly salted peanut,1
canned red bell pepper slice,1
eggplants cut into inch piece,1
bag spicy corn chip,1
liters vodka,1
slices halloumi cheese,1
shallot vinaigrette recipe below,1
dole spring mix,1
gallons tomato juice,1
for the spicy cajun dipping sauce,1
lump crabmeat picked free of shell,1
chipotle honey mustard dressing recipe below,1
beefsteak tomatoes cut horizontally into inch slice,1
egg free mayonnaise,1
semi avocado,1
kala namak black salt,1
live blue crab,1
avocado cut into inch chunk,1
pickled jalapeno pepper ring,1
yogurt covered peanut,1
fluid ounces energy drink such as monster energy,1
french green lentils rinsed and drained,1
bags california blend frozen vegetable,1
butter clam,1
lentil chili,1
granny smith cut into cube,1
matzo walnut and mushroom stuffing,1
fluid ounce jigger lemon flavored rum,1
mandarin oranges drained and quartered,1
creole style hot pepper marinade,1
fluid ounce jiggers pineapple juice,1
cranberry sauce such as ocean spray,1
fluid ounce jigger coconut rum,1
garlic bagel,1
for the crab cake,1
ramen noodles crumbled flavoring packets reserved for other use,1
green onions green portion only,1
bunches red,1
dry pink beans such as pinquito,1
quart apple juice,1
quarts shucked clams with liquid,1
head lettuce boston bibb,1
deveined shelled shrimp,1
bags spinach rinsed and,1
sunday gravy real italian spaghetti sauce and meatball,1
red rice,1
idaho,1
tomatoes with habaneros such as ro tel hot drained,1
head red lettuce leaves rinsed and torn,1
braised fennel,1
loaf multigrain bread,1
scallions white and light green part,1
frozen unsweetened peach slices thawed,1
sweet kernel corn,1
chives for topping,1
gingerbread,1
frozen crawfish cleaned,1
avocado from mexico cut just before serving,1
kittencal s beer battered fish,1
tarragon aioli,1
no salt added beet,1
heads radicchio cored and,1
green cabbage leaf,1
fat free vinaigrette dressing,1
fillets red drum,1
box frozen butternut squash,1
sprigs marjoram for garnish,1
pitted green olives rinsed and drained,1
truroots ancient grains penne,1
colossal shrimp,1
mexican stewed tomatoes unrinsed and into inch piece,1
crumbled roquefort cheese,1
carrots inch slice,1
head escarole cut into inch ribbon,1
frozen mango juice concentrate thawed,1
eggplant end,1
hot brewed coffee with chicory,1
bottle greek,1
unbleached flour plus more if needed,1
mixed field green,1
lemon with rind seeds removed,1
drained canned chick peas garbanzo bean,1
oscar mayer real bacon recipe piece,1
solid pack pumpkin not pumpkin pie filling,1
frozen crawfish,1
tub philadelphia savoury garlic cooking creme,1
vegetarian french vanilla instant pudding mix,1
chesapeake seasoning such as old bay,1
pint grape,1
lump,1
homemade italian seasoning,1
mozzarella pearls perline,1
hot smoked sausage link,1
dipping oil for bread,1
blue cheese dressing such as marie s,1
lobster claw cut into bite sized piece,1
citrus flavored seafood rub,1
watermelon cut into inch piece,1
head boston lettuce leaves separated,1
self rising yellow cornmeal,1
key lime mustard sauce,1
key west shrimp boil,1
fillets mahi mahi fillets rinsed and patted dry,1
cilantro cream sauce,1
beer batter,1
for the taco,1
quartered seedless green grape,1
inch celery root,1
soybean walnut pesto,1
links vegetarian sausage,1
crisp sweet apples cut into inch cube,1
heads broccoli with stalk,1
sea salt and white pepper to taste,1
red snapper fillets bones removed,1
bunches beet,1
soybean walnut pesto recipe follow,1
cod into inch cube,1
fluid ounce jigger sour apple schnapp,1
spanish cristianos y moros beans and rice sidedish,1
pikkuleipienperustaikina finnish butter cookie dough,1
bluefish fillet,1
cachaca brazilian sugar cane spirit,1
slices apple,1
links johnsonville fully vermont maple syrup original recipe,1
box brownie mix,1
quarts rice milk,1
hot dogs coarsely,1
bunches collard greens tough stems removed,1
key west pink shrimp,1
ranch dressing mix such as lipton recipe secret,1
spiny lobster tails meat removed from shell and coarsely,1
cajun style oven fry,1
really easy and good creamy guacamole,1
mixed frozen vegetables broccoli,1
fluid ounce can clam juice,1
unripe papaya and cut into strip,1
thai green chile,1
lemon sponge pudding,1
fluid ounce unsweetened coconut cream,1
freshly multi colored peppercorns to taste,1
fluid ounces whipping cream,1
cucumbers lengthwise and seeded,1
clams scrubbed,1
fillet halibut cut into inch piece,1
precooked crab legs cracked,1
slices slicing tomato,1
precooked tail on shrimp,1
caprese salad,1
tofu and well drained,1
shucked clam,1
blood orange and cut into bite size piece,1
honey wheat bagel,1
texas style hot sauce,1
summer squash and cut into bite size piece,1
crowns broccoli cut into bite size piece,1
zucchini and cut into bite size piece,1
papaya rough,1
mango rough,1
radishes cut into matchstick,1
twist orange peel,1
pork cracklin s,1
jicama root and,1
vegan bologna,1
lobster tails cleaned and but still in shell,1
salt free herb seasoning to taste,1
garbanzo beans drained and lightly mashed,1
greek salad,1
healthy granola,1
guajillo chili sauce,1
garlic french bread,1
parmesan cheese shaving,1
stewed plum,1
meet mersang chili paste,1
head romaine lettuce outer leaves discarded and head cut into quarter,1
long baguette,1
plain mini wheat cereal biscuit,1
sugar free strawberry preserve,1
vegetarian chocolate fudge pudding mix,1
bottle balsamic vinaigrette,1
japanese sushi style white rice,1
eggplant lengthwise into strip,1
imitation crabmeat strips lengthwise,1
vodka pie crust,1
mild green chiles drained,1
strawberry juice,1
color coleslaw blend,1
seedless rye bread,1
bottle italian style salad dressing such as annie s lemon and chive dressing,1
tahini made easy,1
shake a pie crust,1
brown rice pasta,1
bluefish fillet s,1
tomato sauce and spice,1
seafood and okra,1
catfish cut into inch piece,1
last addition,1
stone white grit,1
frozen potatoes such as simply potato,1
quart distilled white vinegar,1
lemon dressing,1
bottled chipotle chile sauce,1
julia s chocolate tart dough,1
fiesta dipping sauce,1
frozen vegetarian burger crumble,1
tangy tomatillo sauce,1
plum tomatoes cut into wedge,1
quick remoulade sauce,1
trout cleaned with tails and heads on,1
ahi steaks cut into cube,1
bunches kale cut into bite size piece,1
lychee fruit drained with juice reserved,1
amy s homemade all day spaghetti sauce,1
ranch style beans rinsed and drained,1
vegetable bouillon crumbled,1
bocconcini bite size mozzarella ball,1
granny smith apples cored,1
head chicory cut into bite sized piece,1
ginger quartered,1
asparagus stalks ends cut,1
instant milk chocolate pudding mix,1
head romaine cut into bite sized piece,1
bread blended into crumb,1
head iceberg lettuce cut into bite sized piece,1
mandarin orange segments drained and,1
non fat cheddar cheese,1
herbal vinegar with tarragon,1
freshly gruyere cheese,1
quarts olive oil,1
vegetarian beef crumbles such as morningstar farms griller s recipe crumble,1
quarts red wine vinegar,1
creole seasoning such as zatarain s,1
uncle roger s cajun spice,1
frozen crawfish tails thawed and undrained,1
cartons seafood stock such as kitchen basic,1
dole hearts of romaine,1
dry white bread crusts removed and,1
asian pineapple sesame dressing recipe below,1
orange and cut into half slice,1
cucumbers cut into inch chunk,1
fillets catfish washed and patted dry,1
artpark browny,1
gramma s spaghetti sauce cheater quot from scratch quot,1
ranch flavored crouton,1
hot dog hamburger buns rolls cinnamon buns dough cycle a b m,1
semi mango,1
dry brown mustard,1
cod cut into inch piece,1
light italian salad dressing,1
heads bok choy cleaned and,1
dungeness crab cleaned and cracked,1
matzah sheet,1
kiwi fruit and cut into inch dice,1
marinara sauce such as classico tomato and basil,1
portabella mushroom and wine sauce,1
hard eggs yolks and whites separated,1
red seedless grapes lengthwise,1
raspberry white wine vinegar,1
king salmon fillet,1
garlic and tomato pasta sauce,1
yukon gold yellow potato,1
virgin olive oil,1
heavy cream not ultra pasteurized,1
glucose syrup,1
leaves romaine lettuce coarsely,1
glycerin,1
inch pita bread round split into round piece,1
coarsely salted peanut,1
grinder,1
pears in light syrup drained reserving syrup,1
sweet apples cut into matchstick,1
pre washed spinach,1
lavender honey,1
basil paste,1
pineapple tidbits in pineapple juice,1
inch slices day old french bread,1
hard eggs cut into bite size piece,1
creamy prepared horseradish,1
unbaked frozen dinner roll,1
kanimiso,1
instant apple cinnamon oatmeal single serving size,1
bavarian beer vinegar,1
canned prepared onion,1
mocha flavored instant coffee mix,1
to inch long pickling cucumber,1
dole spinach,1
progresso plain panko crispy bread crumbs light brown in saute pan over heat,1
half and half if desired,1
winter squash above,1
sea salt and freshly pepper,1
yellow hominy with pepper,1
and seeded butternut squash cut into inch chunk,1
lettuce leaves cut into bite size piece,1
crystallized melon piece,1
garnish store bought apple chip,1
hulled pepita,1
goat gouda cheese,1
filet of salmon,1
lemon zest plus lemon wedges for serving,1
anisette flavoring,1
poppy seed salad dressing such as marie s,1
cucumber spear,1
loaf crusty french bread cut into bite size piece,1
low moisture mozzarella cheese,1
tamari almond,1
no salt added canned tomato,1
vegetable broth mix,1
basil pesto dressing,1
winter squash butternut hubbard acorn,1
onion inch,1
celery inch,1
carrot inch,1
gluten free brown rice,1
pink grapefruit and sectioned,1
veggie marinara sauce,1
piri piri chile pepper,1
mixed beans drained,1
fillets cod cut in half,1
okra pods inch,1
roma plum tomatoes cut into inch dice,1
tomatillos cut into inch dice,1
box banana quick bread and muffin mix such as the pillsbury brand,1
seitan cut into cube,1
smoked vegan sausage,1
quarts apple cider vinegar,1
bunches cilantro rinsed and stemmed,1
anchovy fillets rinsed and patted dry,1
red beans soaked overnight,1
italian sweet and savory bread,1
portobello mushrooms and,1
no salt added italian stewed tomato,1
mild pickled pepper ring,1
red globe grapes and seeded,1
fillets whitefish,1
ancho chile seasoning,1
shrimps tails removed,1
pouch pink salmon,1
hard eggs and cut into chunk,1
turbinado sugar such as sugar inthe,1
balsamic creme reduced balsamic vinegar,1
buckwheat groats rinsed,1
easy hollandaise sauce,1
brownie mix amazing every single dang time,1
seedless golden raisin,1
coarsely chinese cabbage,1
corn bits such as cornnut,1
whole artichoke,1
mushrooms cleaned,1
cappuccino chip ice cream,1
sweet apple such as fuji into matchstick,1
apple pie filling,1
smoked olive oil,1
stale cranberry walnut bread,1
ginger miso dressing,1
reeses squares ingredients amp no bake reese s,1
link boudin sausage,1
family sized teabags of orange pekoe tea,1
drained canned french style green bean,1
yellow squash lengthwise,1
asparagus spears to inche,1
fluid ounce chocolate milk,1
loaf of white bread torn into piece,1
strips bacon strip,1
sweet and hot garlic sauce,1
vegetable salad,1
white chicken chunks such as swanson,1
pork in barbeque sauce such as vietti,1
beef in barbeque sauce such as vietti,1
rainbow peppercorn,1
peach syrup,1
frozen california mixed vegetables cauliflower,1
unopened dandelion blossoms stems removed,1
fluid ounces raspberry flavored vodka such as smirnoff,1
bottle tawny port,1
zucchini cut diagonally into inch slice,1
rattlesnake meat cut into inch piece,1
clams clams and juice separated,1
head cabbage and,1
doughnut dough,1
fluid ounces tomato vegetable juice cocktail such as v,1
basil garlic citrus vinaigrette,1
fluid ounces cold water,1
pimento stuffed green olives drained brine reserved,1
black olives drained brine reserved,1
cold orange juice,1
herbed onion potato,1
female blue crab,1
for the bagel,1
granular sweetener such as equal,1
sweet pepper ring,1
stale white bread torn into piece,1
cracked rainbow peppercorn,1
apple cameo braeburn gala,1
pecan honey butter,1
dill pickle relish with juice,1
nori fumi furikake seaweed and sesame rice seasoning,1
reserved olive brine,1
asparagus bottom,1
vegetarian haggi,1
flaked sea salt and freshly black pepper to taste,1
nicoise,1
lobster tails split along the center top,1
fluid ounces irish whiskey such as jameson,1
eggs hard and then quartered,1
wedge of lime,1
peach stone removed and skin on,1
fluid ounces bourbon such as bulleit,1
tangy barbecue sauce,1
avocado lime hollandaise,1
eggs benedict,1
pickled green beans cut in third,1
the best french salad dressing,1
sugar free salsa,1
bottled champagne salad dressing,1
shark steaks cut into chunk,1
chunked not alaska style smoked salmon,1
focaccia bread pieces split horizontally,1
bouquet garni spice,1
avocado and cut into inch dice,1
bite sized watermelon chunk,1
chocolate non dairy whipped topping,1
cajun pepper seasoning,1
new mexico red chile pods stemmed and seeded,1
white and crimini mushrooms cut into quarter,1
slices galangal,1
nickel sized slices ginger,1
long vermicelli,1
box macaroni,1
dry almond,1
octopus at room temperature,1
pizza sauce such as prego traditional italian sauce,1
frozen pesto,1
sweet and sour barbecue sauce,1
orange miso dressing,1
hot pepper monterey jack cheese,1
italian plum tomatoes cut into wedge,1
fine dry italian seasoned bread crumb,1
kudzu blossom,1
rag chunky tomato garlic and onion sauce,1
italian style frozen meatballs thawed,1
ramen noodle soup seasoning packets reserved for another use,1
box barilla pronto penne,1
parmesan cheese or asiago cheese,1
pink pinto bean,1
syrian zaatar,1
chicken bouillon cube such as maggi,1
petite tomatoes drained and rinsed,1
cooking apple such as a mcintosh,1
shelled edamame thawed,1
farfalle,1
crock pot whole chicken,1
garlic and cheese crouton,1
strawberry marmalade,1
shirataki noodles drained,1
multicolored corkscrew pasta,1
pappardelle pasta wide fettuccine noodle,1
additional parmesan cheese for serving,1
egyptian rice short grain rice,1
and quartered pepperoni,1
barilla marinara sauce heated,1
macaroni and cheese dinner mix,1
shrimp flavored instant ramen noodle,1
yogurt drained,1
back bacon,1
dijon mustard such as maille dijon originale,1
leek and cut into ring,1
fluid ounces sherry,1
beef ravioli,1
marinated artichoke hearts quartered and liquid reserved,1
frozen green soybeans thawed,1
whole wheat rigatoni pasta,1
smoked sausage such as farmer s sausage,1
barilla garlic alfredo sauce,1
pre rolled puff pastry sheet,1
coarsely salted pistachio,1
asian chile sauce,1
pasta vegetable,1
frozen spinach not thawed,1
frozen shelled and deveined shrimp,1
frozen green beans french cut thawed,1
creole seasoning mix in a jar,1
whole wheat orzo pasta,1
korean dang myun noodle,1
pitted and olive,1
vermicelli broken into inch piece,1
rice bran oil,1
bottle creamy italian style salad dressing such as ken s steak house creamy italian dressing,1
napa cabbage into inch strip,1
flavor enhancer such as accent,1
roma plum tomatoes seeded and cut into inch dice,1
extra tofu cut into x x inch piece,1
udon noodles such as ka me,1
buitoni refrigerated freshly romano cheese,1
cheese filling,1
vegetable filling,1
pouches tuna,1
chickpeas liquid reserved,1
buitoni refrigerated light four cheese ravioli prepared according to package directions chilled,1
ragu chunky tomato sauce with extra tomatoes onions and,1
tomatoes with liquid quartered,1
crumbled goat,1
strawberry yogurt dressing,1
voskos nonfat strawberry greek yogurt,1
a little olive oil for the pan,1
spinach washed,1
whole crisp corn tortilla,1
walnut pesto recipe follow,1
homemade popiah wrapper spring roll,1
pale dry sherry,1
barilla ditalini,1
steamer clams in shell scrubbed,1
red pepper flakes for garnish,1
zesty italian style salad dressing mix,1
couscous regular,1
artificial chicken tenders such as quorn chik n tender,1
non dairy parmesan cheese substitute,1
leftover sausage,1
all purpose flour plus more for rolling out dough,1
leftover macaroni,1
broken dry spaghetti,1
leftover pinto bean,1
pitted and black kalamata olive,1
spinach with stems rinsed,1
salad crunchy,1
pepperoni slices cut into half,1
ramen noodles including flavor packet such as top ramen,1
head broccoli blanched,1
barilla three cheese sauce,1
rutabaga and cut into inch chunk,1
ricotta mixture,1
deviled egg,1
pint red and yellow cherry tomato,1
frozen cut asparagus and,1
bottle red wine vinegar salad dressing,1
unseasoned bread crumb,1
of chive,1
tri colored cheese filled tortellini,1
italian paste tomatoes such as san marzano drained and torn into chunk,1
green spinach lasagna noodles or if using no boil noodle,1
italian paste tomatoes such as san marzano,1
cannelloni noodle,1
frozen calamari tubes and tentacles thawed into inch piece,1
ultimate guacamole,1
hearts of palm in brine,1
cold spaghetti,1
egg noodles such as no yolk,1
perfect cornbread,1
no salt added whole tomatoes undrained and,1
ngo om,1
dry bowtie farfalle pasta,1
sun tomatoes softened in water and,1
vegetable juice cocktail,1
yellow squash seeded and,1
zucchini pineapple ginger jam,1
unsalted pistachio,1
polpette alla napoletana neapolitan meatball,1
smoked salmon lox,1
roasting salt blend for veggies or meat,1
seasoned croutons such as new york brand texas toast sea salt and pepper,1
gay lea spreadables original,1
gumbo soup,1
short pasta,1
fettucine,1
mushrooms cleaned and stem,1
lumaconi pasta shell,1
green peppercorn,1
mozzarella cheese ball,1
quart fish stock,1
box barilla ziti,1
nutcracker sweet pie,1
pkg serving size sweet potato vermicelli,1
besciamella sauce,1
boboli pizza crust,1
mixed vegetables such as cauliflower,1
bite sized broccoli floret,1
millet rice,1
smuckers baking healthy oil shortening,1
smoked sun tomato,1
head cabbage cut into inch chunk,1
box barilla penne,1
cranberry granola,1
crisp chow mein noodle,1
gnocchetti pasta,1
ramen noodles flavor packet saved for another use broken into piece,1
mini penne pasta,1
reduced sodium chicken,1
low fat milk plus more as needed,1
ahi yellowfin tuna steak,1
rich tomato compote,1
yellow squash coarsely,1
tomatoes and green chiles such as ro tel drained,1
buitoni refrigerated spinach cheese tortellini,1
zucchini into long ribbons with vegetable peeler,1
lobster tail and claw meat,1
bottle greek vinaigrette salad dressing,1
sprig flat leaf parsley,1
duck carcasse,1
margherita genoa salami,1
jarred pepperoncini pepper,1
spinach lasagna noodle,1
angel hair style cabbage,1
bottles italian style salad dressing,1
dry orecchiette pasta or penne pasta,1
lima beans drained and rinsed,1
wheat lasagna noodles dry,1
italian style tipo flour,1
sun tomato spread,1
eggplant lengthwise and cut into piece,1
frozen cheese and spinach ravioli,1
creamy pesto sauce mix such as knorr,1
red pepper seasoned rice vinegar,1
heads cabbage cored and cut into inch piece,1
spinach and cheese tortellini such as three bridges tortellini,1
pesto such as three bridges pesto,1
seeded and english cucumber,1
matchstick sized pieces red onion,1
coriander mint chutney,1
linguine such as barilla,1
philadelphia neufchatel cheese less fat than cream cheese,1
clams can drained,1
sweet and spicy dry rub on ribs or salmon,1
freshly pecorino romano,1
scallions whites and greens separated,1
oil sun tomatoes drained cut into strip,1
pitted black olives into round,1
crumbled bread crumb,1
italian style salad dressing such as olive garden,1
pinot grigio wine,1
creamy whipped cottage cheese,1
fat free blue cheese salad dressing,1
tri colored rotini pasta,1
tomatoes with garlic and oregano,1
campanelle little bells pasta,1
sweet paprika to taste,1
tomatoes and green chiles drained,1
smoked red bell pepper,1
mixed sweet pepper,1
dark soba noodle,1
additional butter,1
box whole wheat couscous with flaxseed,1
penne rigate,1
libby s sweet peas drained,1
lasagna noodles drained,1
libby s whole kernel sweet corn drained,1
kraft low moisture whole milk mozzarella cheese,1
tamarind pod,1
light soba noodle,1
limes cut into wedges for garnish,1
cashews see note,1
low sugar tomato sauce or your favorite sauce,1
walnut pesto,1
freshly shucked oysters oyster liquor reserved,1
napa chinese cabbage,1
green beans and cut on the diagonal,1
tricolored rainbow rotini pasta,1
pints yellow cherry tomato,1
marsala cooking wine,1
barilla mushroom sauce,1
freeze vegetable,1
barilla pesto,1
raspberry ginger ale,1
dill pickles reserve juice,1
bamboo in chili oil,1
freeze cilantro,1
red finger chile pepper,1
spiral shaped noodle,1
italian salami,1
korean ramen noodles such as nature is deliciou,1
rainbow tortellini pasta,1
scallions cut into inch piece,1
tomatoes drained and mashed,1
ready carrot,1
pints heavy whipping cream,1
shaved green onion,1
frozen macaroni and cheese,1
buitoni refrigerated light four cheese ravioli prepared according to package direction,1
unsalted butter for browning,1
beluga lentils soaked in water,1
extra zucchini spiralized,1
broccoli rabe and cut into inch piece,1
basket cherry,1
mccormick turmeric,1
realime lime juice from concentrate,1
good quality chicken broth,1
nat s teriyaki sauce,1
kale torn into inch piece,1
quartered zucchini slice,1
spaghetti broken into half,1
bag white cheddar kettle style potato chip,1
prepared white sauce see footnote,1
crumbled feta cheese with basil and tomato,1
garlic mayonnaise,1
salmon cake,1
clams drained and rinsed with juices reserved,1
barilla spicy marinara sauce,1
chermoula,1
spiced couscou,1
multi colored fusilli pasta,1
barilla farfalle,1
assorted greens such as kale arugula,1
sorrel stems removed,1
sardines in tomato sauce,1
plain artichoke hearts quartered,1
swiss chard stalks cut into inch piece,1
neutral oil such as coconut,1
sugar snap peas lengthwise,1
pasta sauce such as classico florentine spinach and cheese,1
pint grape tomatoes cut into third,1
king mushroom,1
spinach artichoke dip at room temperature,1
rice ball,1
bite size whole wheat pasta,1
loosely spinach leaf,1
factory washed arugula,1
shallots cut into strip,1
fennel bulb cut into strip,1
fat free yogurt,1
for the ravioli,1
for the vegetable,1
whole grain elbow macaroni,1
link johnsonville smoked,1
white sauce such as bechamel,1
anchovy stuffed green olives drained and,1
whole wheat macaroni,1
bag potato chips such as lay s,1
canned san marzano style plum tomato,1
potato leek soup,1
vegetarian beef broth mix,1
cheese layer,1
skinned salmon,1
lobster tails and,1
italian chicken sausage such as trader joe s chicken sicilian sausage,1
inch strips ham,1
lobster tails split in half lengthwise and deveined,1
johnsonville italian sweet sausage links casings removed,1
mushrooms and,1
for the shrimp stock,1
luncheon meat such as spam cut into inch cube,1
canned petite tomato,1
lobster ravioli,1
multigrain penne pasta such as barilla,1
chili sauce such as heinz,1
head purple cauliflower cut into floret,1
three bean salad,1
mexican chorizo,1
linguine style rice noodle,1
lobster tails and coarsely,1
english muffins with raisin,1
deluxe macaroni and cheese dinner mix such as kraft,1
mellow white miso,1
garlic chicken sausage such as al fresco all garlic chicken sausage,1
lobster cooking liquid,1
asparagus diagonally,1
san marzano italian tomatoes blended,1
water to rinse out can of tomato,1
tri color rigatoni pasta,1
chicken flavored ramen noodles broken into pieces seasoning packets reserved,1
canned green pea,1
dry linguini,1
short tube shaped ditalini pasta,1
hot dog chili,1
corkscrew shaped pasta fusilli,1
bottled ranch salad dressing,1
artichokes in water drained,1
lightly walnut,1
mccormick red pepper,1
ragu old world style traditional sauce,1
bottle italian style salad dressing such as girard s olde venice,1
of mini pepperoni,1
queso blanco cheese,1
italian cheese blend with asiago cheese such as sargento,1
store bought ravioli,1
asparagus the thinner the better,1
frozen gnocchi,1
green onions white and green part,1
peas with mushrooms and pearl onions such as le sueur,1
bottle sun tomato pesto,1
loosely basil,1
yellow squash into round,1
fully sausage,1
salad seasoning,1
spaghetti sauce such as ragu meat,1
margherita genoa salami inch,1
quartered button mushroom,1
manicotti pasta shell,1
spinach spaghetti pasta,1
pollock fillet,1
escargot drained,1
caramelized sherried onion,1
basil flavored feta cheese,1
canned chili,1
parmesan cheese for garnish,1
clams drained with juices reserved such as bumble bee,1
of salted cod roe with red pepper tarako,1
halloween shaped pasta,1
additional extra virgin olive oil for storage,1
butter plus extra to grease dish,1
spicy pesto,1
pumpkin pie spice for sprinkling over pudding,1
frozen pot sticker,1
ginger sesame salad dressing,1
dill pickle relish partially drained,1
rich homemade ranch dressing,1
buitoni refrigerated all pesto with basil,1
buitoni refrigerated three cheese tortellini,1
frozen vegetable potsticker,1
wagon wheel shaped pasta,1
reduced fat sharp cheddar cheese cut in inch cube,1
chi chi s chunky salsa,1
reduced fat cottage cheese,1
marble jack cheese,1
canned red bell pepper,1
reduced fat colby cheese,1
teriyaki glaze sauce,1
green giant veggie tot,1
pouch progresso recipe starters fire tomato cooking sauce,1
arame seaweed,1
whole wheat rotini pasta,1
pimento stuffed green olives drained,1
seasoned white beans rinsed and drained,1
kalamata olives liquid reserved,1
quot perfect quot chocolate frosting,1
hillshire farm smoked sausage cut into inch wide half moon,1
cajun style sausage link,1
red gold whole tomato,1
salad greens washed and torn into bite size piece,1
and chilled shell pasta,1
blackened,1
cracker barrel cheese italiano cheese,1
portobello mushrooms thickly,1
ruby red grapefruits juice of,1
beer such as goose island honkers ale,1
asparagus spears and bottom third,1
frozen cleaned with tails left on shrimp,1
europe s best imperial blend vegetable,1
garnish if desired,1
cantonese style chow mein noodle,1
low calorie mayonnaise,1
black eyed peas with bacon,1
quart milk warmed,1
mexican style cheese blend such as sargento,1
prepared tartar sauce,1
grams angel hair pasta,1
vine ripened tomatoes seeded and,1
reconstituted sun tomato,1
inch low fat flour tortilla,1
shaved belgioioso parmesan cheese,1
hot dogs such as oscar mayer inch,1
mint leaves slivered,1
sun tomatoes oil reserved,1
pepper jack cheese or sprinkle with spice islands paprika,1
dry chardonnay,1
shelf stable gnocchi see tip,1
asparagus tips and piece,1
green manzanilla olives stuffed with pimento,1
hot dogs inch,1
tomatoes with italian seasoning,1
pepper boursin cheese,1
white beans rinsed,1
buitoni refrigerated fettuccine according to package directions kept hot,1
elbow macaroni according to package direction,1
chipotle pepper from canned chipotles in adobo sauce,1
vegetarian bologna,1
head heart of romaine lettuce,1
wheat penne,1
italian vermicelli very noodle,1
pint sweet yellow and red pepper,1
italian fontina cheese,1
spiral veggie pasta,1
surimi crabmeat,1
sheet nori and torn,1
to oz each salmon fillet,1
asian vinaigrette,1
elbow shell,1
cellophane glass noodle,1
parmigiano cheese,1
skinned salmon fillet,1
bunches basil leaf,1
easy dinner party marinated mushroom,1
dry lentils rinsed and drained,1
canned white bean,1
asian style chili garlic sauce,1
fuyu persimmons and each cut into piece,1
fluid ounces dark beer,1
split lentil,1
cremini mushrooms coarsely,1
homemade vegetable stock,1
herb salad mix,1
tarragon leaves crosswise,1
cashew cream,1
salted pumpkin seed,1
mangosteen,1
head cauliflower and,1
pre washed spinach leaf,1
mixed greens such as spinach beet greens and swiss chard,1
broccoli florets and stem,1
kale stems removed leaves into inch piece,1
asian pear cored and cut into bite sized piece,1
pecorino romano,1
bosc pear cored and cut into bite sized piece,1
plus tablespoons beef broth or chicken broth,1
and precooked carrot,1
refrigerated grapefruit drained and juice reserved,1
frozen pot stickers any filling,1
strawberries stemmed and,1
three cheese italian salad dressing,1
gluten free vegetable broth,1
seasoning mixture for chicken and turkey,1
lacinato kale stems removed,1
condensed oyster stew,1
artichoke hearts well drained and quartered,1
oreo pudding mix,1
loaf italian bread inch cut into inch piece,1
oscar mayer butcher cut hickory smoked bacon cut into inch piece,1
cannellini beans rinsed,1
hunt s tomatoes no salt added undrained,1
french style no salt added green beans drained,1
spicy tomato,1
dry cheese tortellini,1
beans rinsed and drained,1
heads fennel bulbs and stalks into inch piece,1
parsnips cut into inch chunk,1
vinaigrette dressing,1
garnish sauteed hazelnuts and cranberry,1
buttermilk shaken,1
yakisoba sauce,1
sambal sauce,1
roma tomatoes and seeded,1
sweet white corn kernel,1
korean noodle,1
bags frozen corn,1
figs cut into inch cube,1
irma s red enchilada sauce salsa de chile rojo,1
horizon half half,1
laughing cow light creamy swiss wedge,1
frozen low fat potato pierogy,1
seeded and yellow mini bell pepper,1
seeded and red fresno chile pepper,1
bottle hot pepper sauce such as cholula,1
canned roma plum tomatoes seeded and,1
slice bacon,1
buttercup squash and seeded,1
winter squash lengthwise and seeded,1
italian style gluten free bread crumb,1
leeks white and light green parts only crosswise,1
shaved pecorino romano cheese,1
freshly cilantro,1
noodle,1
seeded and orange mini bell pepper,1
soy sauce plus more to taste,1
multigrain bread with crust,1
broken up ramen noodle,1
canned chipotle pepper in adobo sauce such as goya,1
butternut squash soup,1
grain elbow macaroni,1
good quality crisp white wine,1
dry roux mix,1
fire tomatoes partially drained,1
bunches broccoli,1
pods cardamom bruised,1
bottles tomato and clam juice cocktail,1
seedless watermelon cut into cube,1
white kidney beans cannellini drained,1
carton reduced sodium chicken broth,1
knoephla,1
beets well drained,1
leek cut into wedge,1
zucchinis cut into wedge,1
prepared cannellini bean,1
helen s mint chutney,1
cut green beans inch piece,1
cucumbers and cut into cube,1
salsa style tomato,1
pineapple in inch dice,1
spicy butternut seeds pumpkin seed,1
prepared mashed pumpkin,1
cucumbers seeded and cut into cube,1
black lentils kaali daal,1
split chickpeas channa daal,1
red kidney beans rajma,1
kikkoman lime ponzu,1
broccoli rabe stem,1
bag birds eye recipe ready onion,1
processed american cheese such as velveeta,1
rj s homemade spicy mustard,1
progresso balsamic vinegar,1
carton progresso beef broth,1
inch slices italian country bread,1
sugar pumpkin seeded cut into inch dice,1
broccoli florets and stalk,1
high fiber elbow macaroni such as ronzoni smart taste,1
hakurei turnip,1
kale or spinach,1
tempeh such as trader joe s grain tempeh crumbled,1
country white bread crosswise,1
san marzano tomatoes with juice,1
three bean salad drained and rinsed,1
pumpkin and cut into cube,1
vanilla flavored coconut beverage,1
cauliflower stems and leaf,1
head green leaf lettuce into bite size chunk,1
guajillo chile seeded and deveined,1
vegetable chicken,1
frozen loose pack hash brown potatoes with onion and pepper,1
shelled walnut piece,1
fat free country style gravy mix,1
banana squash,1
thai green curry paste,1
russian kale,1
easy roast salmon,1
dry pasilla chile pepper,1
japanese cucumber,1
broccoli and drained,1
cranberry sauce with apple cider,1
bacon onion and mustard salad dressing recipe below,1
parmesan cheese flavored crouton,1
dole field green,1
red apples cut into chunk,1
paprika sweet,1
curly kale stemmed and leaf,1
prepared hot mustard such as keen s,1
twist lemon peel for garnish,1
papaccelle pickled sweet peppers cut into strip,1
hunt s fire tomatoes with garlic,1
hazelnut chip,1
cumin seed freshly,1
black italian olive,1
green italian olive,1
cranberry apple cider,1
cheese filled spinach ravioli,1
whitefish fillets cut into chunk,1
black cumin seed,1
lime cream,1
apples such as gala,1
rice cracker,1
nonfat vanilla yogurt,1
dark italian olives pitted and into ring,1
tomatoes cut up,1
and thickly celery stalk,1
kfc coleslaw,1
barley miso paste,1
tri color coleslaw mix with green cabbage red cabbage and carrot,1
acorn squashes and seeded,1
hillshire farm smoked sausage into inch round,1
italian cheese blend such as trader joe s cheese romano blend,1
sweet red wine vinegar,1
leaves sage for garnish,1
fluid ounce bottle light colored beer,1
pita bread rounds cut into inch piece,1
beets cut into inch chunk,1
avocados cut into dice,1
garnish hard egg,1
yellow banana pepper,1
cilantro plus leaves for garnish,1
no carb cheddar cheese,1
cornbread made from an ounce box mix,1
salsa and cream cheese flavored tortilla chip,1
leeks white parts only lengthwise and crosswise,1
european soldier beans drained liquid reserved,1
pints half and half,1
lightly mesclun salad green,1
berries with yogurt,1
tri bean blend,1
seedless watermelon cut crosswise into inch slice,1
broccoli crowns coarsely,1
tahini salad dressing,1
hearts of palm drained and into inch round,1
hearts of palm drained,1
stemmed and shiitake mushroom,1
chipotle amp lime marinated mushroom,1
bone in goat meat cut into chunk,1
sprig epazote found in hispanic market,1
pumpkin flowers washed and coarsely,1
fat free cream of celery soup,1
fluid ounce can low fat low sodium chicken broth,1
fluid ounce bottles dark beer,1
green grapes some and some whole,1
stalks of rhubarb cut diagonally into slice,1
dashi no moto instant dashi,1
brown lentils rinsed,1
navy beans with juice,1
frozen turnip greens with turnip piece,1
pickled cucumbers drained and,1
ancho chilies stemmed and seeded,1
shrimp powder,1
nopales cactus drained and rinsed,1
lemon grass smashed and cut into inch piece,1
spinach cleaned stemmed and,1
of oregano,1
fat free yogurt lemon,1
of cayenne pepper,1
relish,1
sambal paste or red chile,1
chili morita,1
cilantro stems removed and leaf,1
cucumbers cut into chunk,1
watercress stems removed,1
basil sour cream dressing,1
acorn squash and,1
romano beans drained,1
green onions white parts only,1
masoor dhal red lentils rinsed drained,1
basil vinaigrette dressing,1
sprigs basil for garnish,1
canned whole tomatoes with juice,1
ramen noodles broken,1
dry giant israeli couscou,1
seasonal vegetables wild mushroom,1
mint leaves cut into very fine strip,1
leeks white and pale green parts only rinsed and coarsely,1
seasonal pesto such as arugula,1
peaches in syrup,1
creamy horseradish dip,1
diagonally snap pea,1
oil cured black olives and pitted,1
broccoli florets parboiled,1
shelled shrimp,1
celeriac celery root and,1
day old crusty bread rolls cut into slice,1
frozen hash brown potatoes such as ore ida steam n mash garlic seasoned potato,1
juicy tomato,1
water artichoke hearts drained and,1
dry miniature ravioli,1
no salt added black beans drained,1
water or red wine,1
mushroom alfredo sauce such as bertolli,1
inch slice bone in beef shank,1
dill for garnish,1
shiitake mushrooms rehydrated,1
chicken base,1
sorrel stemmed and rinsed,1
libby s whole kernel sweet corn vegetable cup,1
libby s cut green beans vegetable cup,1
tofu drained and cut into inch slice,1
thai chile scored,1
bag tortilla chips for topping,1
pint cherry,1
kitchen basics original,1
evaporated milk or for an alternative with less fat use half and half,1
smoked wild salmon,1
eggplant unpeeled cut in to inch chunk,1
long rice noodles rice vermicelli,1
pre chicken sausage,1
fast cooking couscou,1
rice noodles such as thai kitchen,1
smoked hot paprika,1
libby s sweet peas vegetable cup,1
bone in goat shank,1
thai green curry paste gone greener,1
bite sized pieces kale,1
red gold tomatoes chili ready with onion,1
seasoned chicken broth,1
head cauliflower broken into florets stems discarded,1
peanut and ginger tofu,1
pickled jalapeno peppers with pickling liquid,1
libby s carrots vegetable cup,1
instant ramen noodles such as nissin top ramen seasoning packet discarded,1
rosa marina orzo pasta,1
pint grape tomatoes quartered,1
cellentani corkscrew pasta,1
bulgarian feta cheese,1
genoa salami cut into strip,1
squares lemon pepper saute express saute starter,1
vegan sausage,1
rainbow rotini pasta,1
olives drained and,1
danish almond filling,1
precooked chicken sausage,1
bottle italian dressing such as ken s steak house lite northern italian dressing,1
boxes horizon classicmac pasta shells white cheddar cheese,1
mango and ginger chutney,1
asparagus spears drained and cut into third,1
red chile oil,1
marinated artichoke hearts with juice,1
cavatappi,1
szechuan peppercorn oil,1
banana granola,1
crosse blackwell capers drained,1
chinese noodles la mian,1
lemon caper sauce,1
ragu napoletano neapolitan meat sauce,1
zucchini and drained,1
el torito adobo al pastor sauce,1
gluten free bread slices and broken into crumb,1
white bread machine flour,1
italian tipo flour,1
box fettuccine,1
mozzarella and provolone cheese blend,1
bocconcini balls of mozzarella cheese,1
rolled sardines with caper,1
jarred clams with juice,1
bottle thousand island dressing,1
box fettuccine pasta,1
bunches bok choy cleaned and,1
chunky style pasta sauce,1
parboiled long grain white rice,1
pepperoni each piece cut into,1
zucchinis quartered lengthwise and,1
bruschetta,1
pints cherry tomatoes quartered,1
sweet spice blend,1
two cheese blend,1
heads broccoli cut into inch floret,1
box macaroni pasta,1
instant mashed potatoes with sour cream and chive,1
broccoli rabe rapini and cut into inch piece,1
dry jumbo shell macaroni,1
rag homestyle and hearty traditional sauce,1
butter to taste,1
short cut pasta such as ditalini,1
seeded and pumpkin,1
dry mostaccioli pasta,1
alfredo sauce such as ragu,1
spinach and ricotta tortellini,1
sheet nori cut into slice,1
green beans cut into third,1
smoked tempeh bacon such as lightlife smoky tempeh strip,1
flavoring,1
quart heavy cream heated,1
vegetarian chicken flavor seasoning,1
green beans undrained,1
processed cheese food product,1
progresso tomato,1
cartons progresso reduced sodium chicken broth,1
char siu chinese roast pork,1
preserved duck eggs century eggs and,1
noodles and garnish,1
borden vitamin d milk,1
borden colby jack shred,1
and avocado,1
borden half half,1
borden triple cheddar shred,1
tomato sauce such as dei fratelli,1
chili powder such as mexene,1
kohlrabi and cut into inch dice,1
prepared banana cream pudding,1
pork and beans in tomato sauce,1
mozzarella pearl,1
jambalaya mix such as zatarain s,1
kabocha squash seeded,1
white gravy mix,1
refrigerated basil pesto,1
basil pesto quot lighter version quot,1
tofu and patted dry,1
wedges lime juiced,1
skin on sockeye salmon,1
spicy peanut sauce,1
chipotle pepper in adobo,1
three cheese tortellini,1
serrano chile stem removed,1
frozen o brien hash brown potato,1
asian plum sauce,1
ramen noodles such as maruchan instant lunch seasoning packet discarded,1
knipla,1
leaves basil for garnish,1
garnish honey peanut,1
brie cheese with the rind,1
bow tie,1
freshly provolone cheese,1
broccoli cut into piece,1
frozen mixed vegetables cauliflower,1
bunch kale rinsed stemmed and,1
spicy linguica sausage,1
smoked sausage such as eckrich,1
ramen noodles such as ottogi ramyonsari,1
lindsay black pitted olive,1
plum tomatoes undrained coarsely,1
how to make chokecherry juice,1
brown crimini mushroom,1
yam cut into chunk,1
kabocha squash and seeded,1
leaves collard greens coarsely,1
hot chinese mustard,1
skinned and boned salmon,1
bunches leek,1
head chinese cabbage cored and,1
lobster base,1
chile de arbol,1
split pieces of alder wood,1
bunches spinach cleaned and,1
four cheese blend,1
sunchoke,1
lump crabmeat shell pieces removed,1
box barilla oven ready lasagne,1
all purpose meat mix,1
garnish pine nut,1
barilla meat sauce,1
tart apples cored and cut into inch piece,1
white clam sauce,1
leek white and pale green parts only,1
parsnips and cut into chunk,1
seeded and cored tomatoes with juice,1
turnip bulbs not the leafy tops cut into inch chunk,1
garnish shallot crisp,1
campbell s condensed beef consomme,1
to cook vareniky,1
pepperidge farm garlic texas toast prepared according to package direction,1
mexican oregano between your finger,1
frozen pepper and onion stir fry mix,1
grape tomatoes lengthwise,1
chunky style spaghetti sauce,1
portuguese chourico,1
crab roe,1
mango chutney amp pork medallion,1
inch ready made graham cracker crust,1
non dairy creamer such as mimiccreme,1
spinach stems removed and leaf,1
spectrum olive oil extra virgin cold pressed,1
canned anchovy fillets drained,1
yves veggie cuisine mexican veggie round,1
box penne,1
yves veggie cuisine black beans canned,1
creamy italian salad dressing,1
iceberg lettuce rinsed and,1
mild indian curry paste,1
quarts hot milk,1
lima beans soaked overnight,1
broken udon noodle,1
flaked light tuna,1
spice mixture,1
stew vegetable,1
wakame brown seaweed,1
inch slices french baguette,1
fully turkey ham,1
asparagus spears and crosswise,1
vegan pizza dough,1
quesadilla,1
kraft blue cheese crumble,1
chile sauce without bean,1
tomatoes juiced,1
green pepper sauce such as tabasco,1
beets greens removed,1
country style white bread cut into inch cube,1
cold coconut water,1
bottle dry white wine such as chenin blanc,1
tipsy fat free microwave sauteed mushroom,1
zucchini cut into strips with a vegetable peeler,1
tart green apple and,1
ginger to taste,1
amaretto almond liqueur,1
warm water about degrees f degrees c,1
honey mustard,1
spicy tex mex salad dressing,1
goya corn kernels drained and rinsed,1
bill s secret teriyaki marinade,1
haas avocado cut into bite sized piece,1
mango cut into bite sized piece,1
grapefruit cut into bite sized piece,1
lorilyn s dinner roll dough,1
canned lentils rinsed,1
tequila lime salsa fresca,1
cut carrot,1
swanson flavor boost concentrated vegetable broth,1
portobello mushrooms wiped clean and stems removed,1
artichoke hearts in brine drained and,1
fillets halibut skin removed,1
french fry sized pieces of jicama,1
lemons inch,1
plain vegan yogurt,1
green lentils rinsed,1
pureed ginger,1
goya chipotle peppers in adobo sauce,1
ditalini,1
vanilla flavored protein powder,1
daikon radish and cut into matchstick,1
unbleached bread flour such as king arthur,1
sour pickle juice,1
tempeh into strip,1
liquid amino acid supplement,1
relajo salvadorean red chile sauce,1
parsnip cut into long rectangle,1
nutty rice,1
tabouli,1
mom s hummu,1
vivian s frozen peache,1
sprig lemon thyme,1
sprig savory,1
saccharine based sugar substitute such as sweet n low,1
chilled mineral water,1
skillet cornbread,1
yellow gypsy bull horn sweet pepper,1
pitted and bing cherry,1
cannellini beans drained if desired,1
spicy red pepper sauce,1
salted pecan,1
slivered smoked salmon,1
red apple cut into bite size piece,1
gluten free buttermilk biscuit,1
mock nutella spread,1
quart vinegar,1
coarse whole wheat flour,1
coarse whole rye flour,1
chinese red pork,1
swiss chard stems and tough ribs removed leaves cut into inch wide ribbon,1
beef flavored vegetarian bouillon,1
hamburger or hot dog bun,1
fennel frond,1
duck carcass,1
frozen cod fillet,1
point reyes original blue cheese compound butter,1
heads fennel and thickly,1
kittencal s best chicken stock broth crock pot option,1
salt free onion and herb seasoning such as mrs dash,1
not just another cream of mushroom soup,1
garlic and parmesan cheese sauce such as ragu,1
head savoy cabbage quartered cored and,1
strawberry syrup for cocktail,1
limes cut in wedge,1
golden mushroom umami soup,1
fruit flavored yogurt,1
green apple cut into chunk,1
stemmed kale,1
cranberry sauce spread,1
ginger cut into third,1
purple eggplants cut into inch cube,1
delicious homemade egg noodle,1
unpeeled orange,1
puerto rican sofrito,1
lime sour cream,1
bean cake,1
puerto rican adobo marinade,1
scoop vegan protein powder,1
dry adobo spice mix,1
navel oranges and cut into chunk,1
hothouse cucumber,1
vodka water,1
sweet orange pepper,1
johnny cake,1
how to blanch and shell chestnut,1
white kidney beans rinsed and drained,1
barley flake,1
mycoprotein pieces e g quorn,1
liter sparkling water,1
hard white wheat berries such as palouse,1
fluid ounces hot strongly brewed coffee,1
iced green tea,1
leaves sugar lettuce,1
jicama cut into spiral,1
mini sweet bell pepper,1
prepared tostada shell,1
kale ribs removed coarsely see tip,1
coarsely mixed fruit apples plums and pear,1
lemon quartered and seeded,1
authentic cuban roll,1
hot chile flake,1
sage stuffing for poultry,1
eggplant quartered and cut into inch st,1
box quinoa,1
mushroom and parsley stuffing,1
sprigs mint leaves removed and stem discarded,1
leaves escarole torn,1
sourdough sandwich buns schlotzsky style,1
rock amp roll bbq pit style beans for the crock pot,1
leaf kale torn into several piece,1
sambal belachan,1
banana leaf,1
quarts soy milk,1
cardamom pods coarsely,1
cloves coarsely,1
sweet iced tea,1
chilled orange juice,1
chuy s creamy jalapeno dip,1
cranberry syrup for cocktail,1
zucchini cut in half lengthwise then cut into inch moon,1
fat free french dressing,1
pumpkin spice bread,1
sweet eating apple cored and cut into wedge,1
wild,1
bulb fennel bulb,1
granular sucralose sweetener with brown sugar such as splenda brown sugar blend,1
perfectly simple seafood dipping sauce,1
powdered lecithin,1
peppercorns in brine,1
light butter flavored spread such as i can t believe it s not butter light,1
broccoli with stalk,1
crock pot chicken breasts for freezing oamc,1
barley malt flour,1
kicked up cocktail sauce,1
heads of belgian endive,1
pods okra,1
orange tomato,1
curly kale torn,1
bunches beet greens stems removed,1
sweet and spicy seafood rub,1
lentil pilaf,1
canned cannellini beans drained and rinsed,1
channa masala spice mix,1
tomatoes and cut into big chunk,1
miss tink s house seasoning,1
leaves kale stemmed and,1
apple syrup,1
jambalaya stuffing,1
canned lentils drained and rinsed,1
box pearl israeli couscou,1
summer vegetable,1
liquid sourdough starter,1
coarsely garlic crouton,1
all fruit blueberry syrup,1
taco seasoning mix the best,1
crab leg,1
two layer pumpkin pie,1
lemon with rind,1
mint chocolate mint preferred,1
dole kiwi fruit,1
quartered dole,1
orange sectioned,1
better butter my way,1
head savoy cabbage cored and cut into ribbon,1
mangoes and into strip,1
reduced calorie white bread,1
sugar such as turbinado,1
unprocessed bran,1
flat leaf parsley leaves and thinner stem,1
cilantro leaves and thinner stem,1
peaches cut into cube,1
nectarines cut into cube,1
red anjou pear cut into cube,1
honey fireweed honey preferred,1
mixed spring green,1
sprouted wheat berry,1
bananas slightly mashed,1
kale leaves stems removed,1
fennel bulbs and,1
chunks frozen pineapple,1
ardolino style homemade pesto,1
contadina petite tomatoes drained,1
mustard mayonnaise sandwich sauce such as durkee famous sauce,1
radishes cut into rose,1
bag mesclun lettuce salad mix,1
masaman curry paste,1
coarsely tarragon,1
sprig chocolate mint,1
tomatoes such is kumato,1
pineapple juice from canned pineapple,1
quart barely boiling hot water,1
hawaii french dressing,1
chicken with tomato flavored bouillon,1
brussels sprouts cored and separated into leaf,1
strawberries washed,1
pineapples cored and,1
sparkling mineral water chilled,1
tangerines and segmented,1
dragon fruit pitaya,1
calabaza pumpkin like squash and,1
dorothy lynch salad dressing,1
sprig cilantro coarsely,1
fragrant basmati rice with apple juice and ginger,1
hot sauce preferably ghost pepper hot sauce,1
candied mango,1
chilled tart apple,1
refrigerated pasteurized egg white substitute such as egg beaters white,1
seeds of pomegranate,1
salt free seasoning blend such as mrs dash southwest chipotle,1
low fat low sodium chicken,1
white beans such as cannellini,1
unpeeled red apple cored and,1
unpeeled granny smith apple cored and,1
tortilla broth,1
vanilla syrup,1
fluid ounce can frozen apple juice concentrate,1
yukon gold potato chunk,1
rainbow carrot chunk,1
shallot chunk,1
yuca and lengthwise,1
savory vegetable broth,1
eggplants cut into cube,1
almonds skin removed,1
bacon end,1
pint red currant,1
pint blackberries rinsed and drained,1
asparagus end,1
king trumpet mushrooms cut into chunk,1
quart ice cold water,1
lingonberry sauce lingonsylt,1
apples seeded,1
spatchcock,1
dates pitted and frozen,1
freshly cracked pepper,1
sprigs cilantro stems and leaves separated and,1
gala apple cored and cut into chunk,1
pear cored and cut into bite size chunk,1
whole white fish,1
swanson certified vegetable broth,1
coconut aminos teriyaki sauce,1
lemon cream liqueur,1
new potatoes such as yukon gold,1
chanterelle mushrooms cut into chunk,1
recao stems with leaf,1
nameko mushroom,1
clamshell shimeji mushroom,1
rainier cherries pitted and,1
sponge,1
pomegranates seeds of,1
bunches kale stems removed and leaf,1
vegetable stock with low sodium,1
grinds black pepper from a grinder,1
spaghetti broken into inch length,1
pitted black olives lengthwise,1
apple pie filling with vanilla amp buttershots canning,1
pat in the pan pie crust,1
ajies dulces pepper,1
cilantro stems with leaf,1
walnut half broken in half lengthwise,1
grapefruit sections well drained,1
cinnamon graham cracker and,1
bean soup mix seasoning packet not used,1
tub sun tomato pesto,1
strawberries frozen,1
polenta cut into inch slice,1
nordica,1
leaves red swiss chard,1
leaves dinosaur kale,1
tomatoes drained juice reserved,1
gallons apple cider vinegar,1
tangerines and sectioned,1
grapefruit and sections cut away from membrane,1
self rising cornbread mix such as martha white,1
cracked coriander seed,1
california avocado horseradish spread sauce,1
chocolate flavored whey protein powder,1
steel cut oats such as trader joe s quick cook oat,1
peanut butter such as whole foods everyday value,1
frozen strawberries thawed with juice,1
eggs hard shelled and,1
red lettuce leaves rinsed and torn,1
tangelo,1
shmaltz,1
cremini mushrooms and,1
california guacamole diabetic diet,1
bag spinach torn into bite sized piece,1
white rice vinegar,1
blackberry flavored yogurt,1
nonfat vanilla greek yogurt,1
real alfredo sauce,1
kittencal s easy tartar sauce,1
chrysanthemum petal,1
sugar pumpkins seeded,1
cottage garden rose petal syrup sweetened rose water,1
half inch pineapple,1
smoked sea salt,1
mango sorbet,1
snail butter,1
super tasty white sauce,1
simply balanced quinoa,1
simply balanced black beans rinsed and drained,1
sweet cocktail tomato,1
coarsely spinach stems removed,1
mini pepper,1
carton low sodium vegetable broth such as imagine,1
colored carrot,1
taco topping,1
green apple quartered,1
green zucchinis cut into cube,1
greek chicken breast,1
green apples washed and,1
pork escalope,1
slivers jicama,1
freshly star anise,1
sweet balsamic vinaigrette,1
brewed black tea such as gold peak chilled,1
dry pack scallops count,1
portabella mushrooms softened in water,1
creole court bouillon,1
conch removed from shell,1
seasoned tempeh,1
prebaked whole wheat pizza crust,1
chermoula dressing,1
stale whole wheat bread cube,1
mangoes pitted and cut into inch chunk,1
cold unsweetened almond milk,1
adobo sauce from the can,1
navel orange and cut into inch slice,1
orange mango juice blend,1
red bell pepper and ancho chili pepper jam,1
frozen mango,1
stale french,1
frozen banana thawed for to minute,1
tomatoes quartered and,1
hominy rinsed see ingredient note,1
leeks white parts only,1
water degrees to degree,1
extra light mayonnaise,1
fluid ounce blackberry schnapp,1
low fat mayonnaise such as hellman s light,1
shrimp consomme,1
butternut squash into rounds and seeded,1
chlorella powder,1
bananas cut up,1
vanilla and honey greek yogurt such as chobani,1
over bananas broken into chunk,1
meal rye flour,1
chives coarsely,1
chicken escalope,1
coarsely mexican dark chocolate,1
box uncle ben s basmati medley savory herb,1
kernel corn drain and reserve liquid,1
watermelon into wedge,1
pulse,1
dry rye berry,1
japanese winter squash kabocha and seeded,1
pumpkin and cut into inch chunk,1
red beet and cut into inch chunk,1
authentic mexican rice,1
authentic italian tomato sauce,1
scoop chocolate flavored whey protein powder,1
sheets nori dry seaweed cut into inch strip,1
green beans washed,1
quarts blueberries rinsed and drained,1
cranberry juice blend,1
whole grain bread lightly,1
garbanzo beans chickpeas undrained,1
yellow lentils chana dal,1
zucchini scrubbed and cut into inch cube,1
yellow squash scrubbed and cut into inch cube,1
eggplant scrubbed and cut into inch cube,1
pint blackberries at room temperature,1
tart dough sweet,1
sheet reynolds parchment paper,1
yellow squash inch,1
maple flavored balsamic vinegar,1
italian plum tomatoes juices reserved,1
bunch kale stems removed,1
ajwain carom seed,1
hing powder asafoetida,1
white kidney beans soaked overnight,1
cucumbers end,1
red pimento sauce,1
celeriac celery root and cut into quarter,1
rapeseed oil,1
ruby red grapefruit,1
multigrain baking mix,1
cod loin,1
hulled and strawberry,1
frozen bananas and cut into chunk,1
pate brisee,1
fennel greens for garnish,1
nonfat mayonnaise,1
parsnips and cut into inch dice,1
semi pearled farro rinsed,1
sun tomatoes in olive oil with garlic,1
oil cured olive,1
french chestnut,1
hawaij,1
macintosh apples quartered and cored,1
light unsweetened soy milk,1
crock pot creamy mexican chicken aka fiesta chicken,1
basic italian white cream sauce like an alfredo or bechamel,1
orange and seeded,1
frozen broccoli carrots and cauliflower,1
herb vinegar,1
shiitake mushrooms torn into piece,1
honey with cranberries wonderful almond accent,1
pecan praline topping,1
asian vegetable broth,1
gallons vegetable broth,1
low carb rib rub,1
split mung bean,1
soy protein powder,1
coarse grain dijon mustard,1
drained and rinsed canned red bean,1
frozen red bell pepper strip,1
velveeta cheese sauce in the microwave,1
blanched,1
few pinches kosher salt,1
awesome hot dog chili sauce,1
low fat reduced sodium chicken broth,1
light cranberry juice,1
buttery bread machine roll,1
rinsed canned black bean,1
peppered pork loin,1
fluid ounces unsweetened almond milk,1
naked guacamole,1
powdered peanut butter,1
berries and cream yogurt,1
mesa grill steak sauce,1
curly leaf kale,1
red lentils masoor dal rinsed,1
eggplant thickly,1
mixed frozen vegetable,1
thai burger,1
string beans stem ends removed,1
old bay blackened seasoning,1
white cherry tomatoes quartered,1
cilantro leaves into tiny strip,1
watermelon ball,1
tomato sauce with red pepper,1
asparagus and cut diagonally into inch piece,1
snow peas ends and strings removed cut diagonally into inch piece,1
mom s pesto,1
zucchinis cut into inch cube,1
mango seeded and cut into strip,1
pink lemonade,1
italian breadcrumb,1
acai berry pulp,1
filet of sea bass,1
beets and cut into chunk,1
unknownchef s bread starter,1
and kohlrabi,1
instant yeast such as saf instant,1
dark chocolate bar such as hershey s special dark broken into piece,1
ricotta garlic pita wedge,1
quarts strawberries cleaned hulled and,1
bulbs fennel and,1
bunches kale leaves stripped from stems and torn into piece,1
frangelico frosting,1
herb oil,1
nonfat mozzarella cheese,1
clams cleaned,1
asafoetida,1
orange flavored yogurt,1
traditional french green garlic butter with pasti,1
butter flavored cooking spray such as i can t believe it s not butter,1
quartered apricot,1
head bok choy cleaned and,1
fish bouillon,1
tub vanilla yogurt,1
triple chocolate ice cream,1
heads cauliflower cut into inch piece,1
spinach stems removed and leaves torn in bite size piece,1
peach and frozen,1
new potatoes cut in half,1
all purpose seasoning such as vegata,1
pita rounds and torn into piece,1
dry bread crumbs if needed,1
oil of clove,1
nectarine pitted,1
bow tie shaped egg noodle,1
red grapefruit juice,1
strawberry banana yogurt,1
kalamata olive tapenade spread or dip,1
loaf whole grain bread cut into bite sized piece,1
orange peach mango juice,1
strawberry flavored jell o sugar free,1
porcini mushrooms rinsed,1
quarts low sodium beef broth,1
navel oranges and cut into inch chunk,1
box plain couscou,1
emeril s russian dressing,1
shiitake and sweet pepper rice,1
pepper blend,1
sumac see note,1
yellow potatoes such as klondike goldust,1
cindy s magical motorvatin spice mix,1
pineapple plum chutney,1
curtido salvadorean pickled coleslaw,1
mixed herb compound butter for veggies or meat,1
chard,1
watermelon seeded and cut into chunk,1
milk plus more if necessary,1
sin free chocolate chew,1
broccoli florets bite size,1
light soy sauce less sodium,1
texans craving salsa far from home,1
pineapple in chunks or substitute canned pineapple chunk,1
plum tomatoes and cut into inch slice,1
white sweet potato,1
inch sprigs thyme,1
sprigs flat leaf italian parsley,1
sugar for sprinkling on top,1
sugar free butter flavored syrup,1
beef barbecue,1
unsalted pumpkin seed,1
low fat raspberry yogurt,1
curly kale stemmed and coarsely,1
green papaya and,1
cold black bean,1
cold corn,1
greek lamb rotisserie grill method,1
easy homemade pasta gluten free,1
turnip greens rinsed and,1
kiwi and ends removed,1
cold almond milk,1
cranberry pomegranate juice,1
spicy chipotle beef for burritos or taco,1
nama shoyu soy sauce,1
unpasteurized miso,1
skim,1
flake quaker oat,1
skin on split black lentils urad dal,1
frozen pumpkin puree,1
hot dogs with casing,1
low carb peanut butter cooky,1
simple mango salsa,1
savoy cabbage,1
portabello mushroom,1
maple dijon vinaigrette,1
torn mixed salad green,1
white hominy drained and rinsed,1
kale washed and stems removed,1
beets stems removed,1
balsamic vinaigrette salad dressing such as kraft,1
frozen corn and black bean vegetable blend such as archer farm,1
ears frozen corn on the cob,1
cucumbers and cut into inch slice,1
truffle infused cow s milk cheese,1
pints heirloom tomato,1
julie s curry powder mix,1
brown rice vinegar,1
freshly mixed peppercorns to taste,1
sneaky chef s make ahead green puree,1
lemonade concentrate,1
great northern beans with liquid,1
orange ginger broiled pork tenderloin,1
tagliatelle wide noodle,1
el charro cafe green enchilada sauce,1
wheat macaroni such as smart taste,1
bottle white wine vinegar,1
vegetable bouillon such as rapunzel,1
ginger inch piece,1
pears cut into chunk,1
irresistible peanut butter cooky,1
heads dill weed,1
garlic tomatoes with herbs and a hint of walnut,1
cherry yogurt,1
turmeric root,1
leaves kale stems discarded leaf,1
cauliflower stem,1
beet top and bottom,1
gala apples cored and cut into eighth,1
sushi rice made in bamboo steamer,1
frozen edamame shelled,1
buttermilk cornbread,1
plain soymilk,1
chocolate chocolate chip ice cream,1
water for minute,1
mike s special seasoning,1
banana broken in half,1
bread flour plus more for kneading,1
heads bok choy and,1
chinese oyster sauce,1
bag green tea bag,1
tropical fruit salad drained and,1
green salsa jalisco style,1
flax oil,1
non chlorinated water such as bottled,1
pumpkin pie seed,1
auberge blend herbes de provence,1
almost no knead rye bread,1
moroccan party dip,1
zucchini and into strip,1
blackening seasoning mix paul prudhomme,1
chocolate sorbet,1
basic taco fajita seasoning,1
clementine such as cuty,1
wonderfully delicate crepe,1
tightly spinach leaf,1
green grape length wise,1
bunches chive,1
cucumber salad with yogurt middle east palestine,1
cheese and beer sauce,1
cut oatmeal,1
chicken deli meat,1
vanilla nonfat,1
orange yogurt sauce,1
taco filling beef,1
sugar free maple flavored syrup,1
tuna roast,1
beef machaca,1
bulb shallots and,1
tomatoes with liquid mashed,1
tex mex carne asada,1
wet mixture,1
dry mixture,1
red delicious apples cored and cut into bite size piece,1
inch round metal rings such as wide mouth canning jar ring,1
the easiest bestest focaccia bread ever,1
rinsed and torn endive leaf,1
french dip roast beef for the crock pot,1
beans drained,1
fluid ounce can cola drink such as coke,1
the russian tea room russian dressing,1
green peppercorns drained,1
chinese yardlong bean,1
asparagus spears and cut into inch,1
black bean soup,1
eggplant skin on and,1
pack beef,1
chipotles in adobo bbq sauce,1
soya dressing for mum s rice salad,1
mackerel in tomato sauce,1
watermelon cut into cubes and seeded,1
bisquick mix,1
carnitas authentic,1
chicken for enchiladas tostadas taco,1
fiesta lengua tongue,1
spice islands ginger,1
leaves butterhead lettuce,1
easy microwave bacon,1
marinara sauce spaghetti sauce via bari italy,1
head broccoli cut into pieces with stalk,1
honeydew melon quartered and seeded,1
crepes for two,1
yukon gold,1
and squeezed zucchini,1
peach pitted and cut into bite size piece,1
plums pitted and cut into bite size piece,1
tabil traditional tunisian spice mix,1
honeydew melon ball,1
corn kernels from ears of corn,1
lemon marinade,1
mexican bolillos crusty oval roll,1
frozen yellow squash,1
wakame seaweed flake,1
garlic herb pizza crust gluten free,1
green kale stemmed and leaf,1
red kale stemmed and leaf,1
frozen strawberries thawed and cut into bite size piece,1
romanesco broccoli tough parts discarded,1
lite peach slices drained and,1
squeezed lime juice,1
hemp protein powder,1
lady finger cookie,1
in a pinch taco seasoning,1
blueberry pomegranate infused red wine vinegar,1
farina hot cereal such as cream of wheat,1
honey i the sunflower seed,1
golden delicious apple quartered,1
chili powder that s smoky and spicy,1
white mushrooms if,1
maple vinaigrette,1
heavy duty foil for pan,1
ladyfingers total left whole but to fit pan,1
crumbs from famous chocolate wafers graham cracker,1
sugar free lemon flavored jell o mix,1
canned cherry pie filling,1
apricot halves drained and,1
quart apricot nectar,1
red apple and,1
blueberry topping,1
almond cake,1
how to bake the perfect potato,1
maple cinnamon whipped cream,1
blueberry layer,1
strawberry layer,1
french vanilla soy creamer,1
oven kale,1
angel food cake mix prepared in a inch round cake pan,1
chocolate covered caramel candies such as rolo,1
almonds into chunk,1
dark chocolate chips cacao,1
marshmallows cut in half crosswise,1
butterscotch caramel ice cream topping,1
very strongly brewed masala chai,1
purple grape,1
frozen reduced calorie whipped topping thawed,1
fassuliah k dra beans with saffron morocco north africa,1
bag mixed fruit,1
sour cream and onion mashed potatoes or stuffed,1
piquillo pepper ketchup,1
papaya and seeded,1
sprigs basil leaves for garnish,1
mexican maria cookies galletas maria,1
halloween sprinkle,1
ready to spread frosting,1
cookies vanilla wafers lower fat,1
raspberry baking chip,1
pint stout beer such as guinness,1
bread crusts removed bread lightly and,1
heavy whipping cream plus more for brushing,1
date nut balls or pie crust,1
tightly dark brown sugar,1
and mango,1
spice filling,1
chocolate candy squares like hershey s,1
white cake,1
good quality semi,1
your choice of flavoring see below,1
your choice of coating see below,1
martha stewart s hard egg,1
assorted edible flower,1
round candy,1
restaurant style pizza dough recipe by weight,1
cranberry flavored liqueur,1
black rye bread abm,1
flat iron steaks with lemon basil pesto,1
bars milk chocolate english toffee candy,1
gluten free pizza crust,1
kabocha squash,1
bars chocolate coated caramel peanut nougat candy chilled and,1
chocolate brownie mix,1
bars nestle butterfinger original,1
mandarin orange segments undrained,1
great big poufy bun,1
halloween oreo cooky,1
black string licorice inch cut into inch piece,1
caramelized shallot,1
powdered soy milk,1
indian green chily,1
fl oz bottle pomegranate juice such as pom wonderful,1
frozen cantaloupe chunk,1
chinese eggplants lengthwise and cut into inch half moon,1
homemade curry powder,1
marinated artichoke hearts marinade reserved,1
frozen berry,1
sweet balsamic vinegar,1
la kama moroccan spice blend,1
spinach stems removed and,1
vegan carob chip,1
granny smith apple unpeeled cored and,1
inch seeded pumpkin,1
randy s damn good barbecue sauce,1
vanilla flavored non dairy frozen dessert,1
vanilla rice milk,1
sesame seeds for sprinkling,1
mole sauce chocolate based,1
red pepper and garlic seasoning blend,1
warm applesauce,1
apple room temperature,1
mexicali corn relish,1
light silken tofu,1
yes virginia there is a great meatloaf,1
b h amp g challah bread,1
star shaped pasta located in the hispanic food section,1
reduced fat spread such as brummel brown,1
cajun pepper,1
swiss chard stemmed and,1
head romanesco also known as romanesque cauliflower,1
tilapia fillets cut into cube,1
semi avocados cut into cube,1
yellow flesh potatoes such as yukon gold,1
freshly brewed coffee,1
yuzu citron peel,1
naruto fish paste stick with a red spiral pattern,1
pint yellow pear tomato,1
alaskan cod,1
hard eggs for garnish,1
savory turkey gravy with mushrooms and onion,1
celery rib with leaf,1
tomato soup not condensed,1
jelly,1
inch strips of lemon zest,1
mango pitted and cut into chunk,1
white peaches pitted and cut into bite sized piece,1
johnny jalapeno s thieving bandit chili,1
sun tomato half,1
live hard shell blue crab,1
garlic feta toasts with a warm olive spread,1
easy basic vegetable stock,1
vanilla pastry cream creme anglaise dorie greenspan,1
frozen mochi squares thawed,1
fluid ounces low fat milk,1
collard greens drained,1
green peas rinsed and drained,1
italian style tomatoes undrained and,1
banana cream yogurt such as oiko,1
splenda no calorie sweetener or substitute sugar,1
zucchini quartered and cut into piece,1
tapenade,1
kuwaiti tomato sauce dukkous al tamat,1
liquid lecithin,1
whey powder,1
easy crunchy yummy sauerkraut,1
cilantro tied together with butcher twine,1
commander s seafood sausage,1
mango and cut into matchstick,1
and turmeric root,1
low sodium garbanzo beans rinsed and drained,1
rutabaga and cut into spear,1
mangos and cut into matchstick julienne,1
flaked salmon,1
vegetable broth to cover,1
tamari bouillon broth with instant variation,1
yam and cut into inch piece,1
canned jalapeno peppers with juice,1
honey yogurt dressing,1
cabbage green,1
apple coarsely,1
basic light vegetable stock,1
red hot cinnamon candies available in cake decorating aisle,1
cooking apples such as mcintosh,1
eggplant cut in half,1
daikon,1
jicama and cut into matchstick julienne,1
beets and cut into cube,1
arugula torn,1
spinach torn in bite sized piece,1
poussin,1
low fat italian dressing chicken,1
salt pepper to taste,1
chicken bouillon such as maggi,1
tender green bean,1
strawberry sauce for french toast,1
best barbecue sauce,1
avocado french style vinaigrette,1
head cauliflower cut into inch chunk,1
bags cranberries rinsed and sorted,1
chinese braised gluten,1
coconut pound cake,1
flour tortilla recipe,1
saudi chicken kofta gluten free,1
eggplant washed,1
garam masala for cunswim,1
dry brown lentils soaked overnight,1
sauteed green cabbage,1
soy braised pork belly,1
melba toast crumbled,1
non dairy whipped cream soy free,1
garbanzo beans chickpeas drained and mashed,1
mandarin oranges frozen,1
frozen gala apple cored and,1
purple carrot,1
non dairy chocolate mousse,1
chocolate brownie crust,1
goya chick peas rinsed and drained,1
ladyfingers with variation,1
vincotto,1
dry white beans soaked overnight,1
extra tofu drained crumbled,1
mccormick dill weed,1
rutabaga and cut into x inch piece,1
parsnips and cut into x inch piece,1
bran cereal such as kellogg s all bran original cereal,1
edamame in pod shelled,1
cumin seeds jeera,1
bottled orange sauce,1
japanese rice wine mirin vinegar,1
dry rub for barbecued rib,1
quart beer,1
gluten free all purpose flour substitute,1
pre corn kernel,1
vegetarian smoked sausage,1
head red cabbage cut into bite sized piece,1
quart canola oil,1
sheet x inches reynolds wrap aluminum foil,1
cracker jack,1
crock pot caramelized onion,1
whole wheat english muffins split,1
homemade pizza sauce,1
spears asparagus diagonally,1
kittencal s french bread baguette kitchen aid mixer stand mixer,1
strawberries hulled and if,1
watermelon seeded and cut into bite size piece,1
steak ranchero,1
kohlrabi bulb and cut into cube,1
flat warm porter beer,1
orange flower water substitute,1
mini eggplant,1
kale stems removed and discarded leaves torn into bite sized piece,1
vegan parmesan,1
and quartered kiwi,1
hulled and quartered strawberry,1
sweetened vanilla almond milk,1
world s best cinnamon raisin bread not bread machine,1
tomatoes with balsamic vinegar basil and olive oil,1
marinated skirt steak,1
citrus sake sauce,1
resealable sandwich bag,1
lemon poppy seed dressing,1
sweet apple cut into inch piece,1
english cucumbers and very,1
okra ends cut into inch round,1
beets drained and cut into inch sliver,1
mom s super simple pizza sauce,1
lemon zest only,1
orange zest only,1
best bread machine pizza dough,1
red green,1
caramelized turkey chicken stock,1
fennel bulb outer layers only,1
outer leaves romaine lettuce,1
turnip greens cut into inch square,1
high protein gluten free flour blend,1
frozen sweetened raspberries thawed,1
sauce for chicken cordon bleu,1
honey teriyaki sauce for meat,1
herb pizza dough,1
cheddar flavored soy cheese,1
watermelon puree,1
and deveined shrimp per pound see shopping tip,1
gluten free flour lw blend,1
white corn with chipotle pepper,1
homemade italian red gravy,1
refrigerated lump crabmeat drained,1
tangerine juiced,1
tangerine zested and juiced,1
yellow squash slice,1
bartlett,1
golden corn,1
basic crepe batter,1
padron chile pepper,1
reduced fat processed cheese food,1
rays of sunshine homemade candied orange peel,1
oil and vinegar salad dressing such as newman s own,1
died amp went to pimento cheese heaven pimiento,1
classic custard sauce,1
frozen bell peppers with onion,1
low sodium white beans drained and rinsed,1
leaves swiss chard,1
hershey s chocolate crumb crust,1
pan release professional pan coating better than pam spray,1
mesquite sauce,1
orange and broken into section,1
chili aioli,1
lime including rind,1
beets including green,1
sauerkraut with caraway,1
homemade powdered sugar,1
delicious roll,1
quarts strawberries mashed,1
perfectly seasoned taco meat,1
smoky red hot ketchup,1
onions in red sauce for hot dog,1
spicy smoking hot chili quot no beans here quot,1
sheets nori cut into slice,1
cored and frozen pear,1
frozen red grape,1
spring salad green,1
wheat cereal,1
eggplants with skin,1
or asparagus with balsamic,1
peach pitted and cut into chunk,1
slices pineapple,1
granny smith apple peel,1
pine sprig,1
banana cut up,1
bunches asparagus tough ends snapped off,1
zest of a orange,1
frozen banana and cut into chunk,1
homemade hoisin sauce,1
burgundy cherry ice cream,1
sambar powder,1
chilled brewed coffee,1
soy sauce substitute with very low sodium,1
pulled pork chili in biscuit bowl,1
very fennel bulb,1
okra and cut into inch piece,1
maple blueberry syrup,1
piloncillo brown sugar cone,1
chipotle chile,1
almesan vegan parmesan,1
head romaine lettuce washed and,1
jewel yams cut into inch cube,1
frozen bananas skins removed and cut in chunk,1
smoked chile vinaigrette,1
instant grit,1
fat free soy milk,1
homemade ricotta cheese crock pot,1
perfectly candied pecan,1
sesame seed sauce,1
beet and cut into chunk,1
edamame soybean,1
shabu chili sauce,1
yolk free egg noodle,1
lavender rub,1
nopales cactus drained,1
shallots lengthwise,1
scallions with green top,1
bottle raspberry walnut vinaigrette,1
garbanzo beans drained and mashed,1
golden beet and,1
baking mix muffins biscuits cinnamon rolls and pancake,1
water chestnuts drained and into strip,1
raspberry flavored cream cheese,1
pie crust,1
perfect brown rice,1
green olives pitted and quartered,1
halibut cut into piece,1
leaves napa cabbage into inch piece,1
frozen mango chunks slightly thawed,1
frozen whole leaf spinach,1
super easy chocolate ganache or gelato,1
sugar substitute such as splenda,1
mushrooms drained liquid reserved from one can,1
brewed coffee slightly cooled,1
garlic and parsley base,1
black bean salad,1
avocado lime dressing,1
navel orange and sectioned,1
mandarin orange tangerine,1
pitted dates such as sun maid,1
plain kefir cultured milk,1
very persimmon pulp,1
basic nomato sauce tomato free tomato sauce,1
coarsely cranberry,1
kittencal s chinese stir fry sauce,1
basic short crust pastry,1
box frozen spinach thawed,1
chipotle chile pepper in adobo sauce,1
firmly cilantro,1
whipped dairy topping,1
millet rinsed and drained,1
my special chili powder,1
avocado honey,1
alton brown s brown rice,1
green beans al dente,1
mustard dressing,1
saffron alioli,1
reduced sugar ketchup,1
japanese eggplants cut into inch cube,1
and pitted nectarine,1
green lipped mussel,1
yo naise light mayonnaise,1
honey dijon balsamic vinaigrette,1
mexican red chile sauce,1
plum roma tomatoes cored,1
spaghetti squash seeded,1
plain fat free yogurt reserve cup for garnish,1
beet and cut into cube,1
italian blend spice mix,1
eating well s whole wheat pizza dough,1
no trans fat shortening,1
baking russet potato,1
banana slice,1
plain couscou,1
crown broccoli cut into floret,1
thum garlic sauce lebanon middle east,1
bamboo fungu,1
lime orange or lemon curd,1
torn beet green,1
green lentils rinsed and drained,1
guilt free whole wheat pizza dough,1
ginger oil,1
pea pods shelled,1
nectarines pitted and quartered,1
orange and quartered,1
frozen banana quartered,1
kabocha squash and cut into cube,1
red beet cut into cube,1
vanilla nonfat yogurt with low calorie sweetener,1
italian tomatoes with liquid,1
anchovies with capers mashed,1
george s whole wheat pizza dough,1
cortland apple,1
bread machine pizza dough with whole wheat flour,1
lindas cajun spice mix,1
black beans rinsed drained and mashed,1
custard sauce,1
chocolate syrup,1
dark vegetable stock,1
all purpose flour for kneading dough,1
frozen white shoepeg corn,1
figs quartered,1
diagonally carrot,1
lime syrup,1
lime wedge cilantro sprigs and hot sauce for garnish,1
truroots germinated brown rice,1
boiling solution,1
bottle fat free italian salad dressing,1
beets washed and,1
chile sauce with garlic,1
frozen green peas drained,1
tube prepared polenta,1
or honey peanut,1
rare deli roast beef,1
soy ginger dressing,1
bread lightly,1
cilantro leaves a few leaves reserved for garnish,1
drained pineapple tidbit,1
pasta spiral,1
bag broccoli florets cut into bite size piece,1
rotelle,1
assorted cut up vegetables broccoli,1
head bok choy and cut into bite size piece,1
nutritional yeast vegan gravy,1
bread flour in half,1
jonagold apple and,1
braeburn,1
mexican four cheese blend,1
beef frank,1
bags mixed salad green,1
cream soup substitute,1
homemade tortilla,1
rice vermicelli noodle,1
diakon radish,1
slices of crusty bread,1
tomato and basil sauce,1
no cream alfredo sauce,1
blue cheese vinaigrette,1
catfish fillets cut into serving piece,1
lemon juice lime juice,1
cucumbers lengthwise seeded and cut into inch slice,1
kittencal s best cream cheese frosting extra creamy option,1
box batter mix such as shore lunch,1
limes into wedge,1
raspberry balsamic vinaigrette,1
part skim milk mozzarella cheese,1
brown mushroom cap,1
pearled farro rinsed,1
coarse sugar such as turbinado,1
ruth reichl s tapenade super easy and elegant,1
parsnips cut in half crosswise and cut into narrow strips lengthwise,1
beet top and bottom and beet greens retained,1
reserved beet greens cut into very sliver,1
beef fat drippings from a prime rib,1
maki sushi rice rice cooker,1
donut,1
riced cauliflower such as trader joe s,1
to per lb shrimp,1
cinnamon roll dough with glaze such as immaculate,1
crisp apple into piece,1
grandma s buttermilk waffle,1
french bread lightly,1
frozen pie crust,1
homemade canned pizza sauce,1
super easy kulfi pakistani ice cream,1
red raspberry jam with seed,1
ball fruit salsa mix,1
sweet jamaican pepper sauce such as pickapeppa sauce,1
hoagie roll split lengthwise,1
stale white bread cut into cube,1
rice noodles pad thai noodle,1
sushi grade ahi yellowfin tuna,1
collard leaves and,1
factory washed spinach leaf,1
pitted and coarsely kalamata,1
tomatoes cut into dice,1
ultimate pizza sauce,1
shrimp to count,1
florida avocado,1
pearlini mozzarella ball,1
prepared potato salad,1
canned garbanzo beans chickpeas drained rinsed,1
active dry yeast such as fleischmann s activedry yeast,1
chayote squashes and cut into inch piece,1
garlic flavored bagel chip,1
roma tomatoes into round,1
petite green pea,1
bag romaine lettuce torn,1
bell pepper red,1
all purpose potato,1
low sodium chicken broth in can,1
prepared pesto found in grocer s refrigerated section,1
ketchup and mustard to taste,1
israeli style pickle,1
dinosaur kale stems removed and leaf,1
lingcod,1
digiorno romano cheese,1
cream of tomato soup,1
white grit,1
lacinato kale ribs discarded and leaves cut into strip,1
dry almonds coarsely,1
smoked white cheese such as beecher s smoked flagship,1
garlic chile oil,1
lowfat whipped cottage cheese,1
inch slices crusty bread,1
long eggplant cut crosswise into inch slice,1
korean chili pepper flake,1
mild salsa plus more for serving if desired,1
cherry tomatoes such as sun gold,1
ham stock pressure cooker,1
freshly cracked white pepper,1
yellow summer squash and coarsely,1
zucchini and coarsely,1
vegetable bouillon such as edward and sons gluten free,1
mission fajita super flour tortilla,1
lime wedges as needed,1
deluxe american cheese,1
french rolls split and hinged,1
kikkoman ponzu lime,1
sazon goya and complete,1
greek baking powder pie crust,1
simple tomato sauce,1
sister schubert s mini baguette,1
reserved juice from kimchi,1
bottled coleslaw dressing,1
honey almond,1
pasteurized crabmeat preferably lump,1
mangoes peache,1
ciabatta sandwich roll,1
warm water degrees to degree,1
millet seed,1
brown rice udon noodle,1
doris roberts meatball,1
bartlett pears cored and cut into inch dice,1
japanese sushi style rice,1
konbu kelp,1
ramen noodles flavor packets saved for another use broken into piece,1
kittencal s creamy italian salad dressing,1
serve with,1
crumbled seaweed,1
sweet pickle relish such as heinz,1
ramen noodles coarsely broken in package flavor packets discarded,1
turbinado sugar plus more for sprinkling,1
coarsely broccoli floret,1
cantaloupe flesh removed and,1
cold shortening cut into piece,1
potato filling,1
sauerkraut filling,1
rosemary ginger simple syrup,1
whole eggs separated,1
cocktail,1
coarsely ginger,1
tabil tunisian spice mix,1
strawberries hulled and cut into chunk,1
head leaf lettuce torn into bite size piece,1
pressure cooker chicken fillets basis for savory pies etc,1
devil s food cake soaked in rum,1
tomatoes with onion and garlic,1
frozen italian blend vegetable,1
mixed berry jam,1
challah bread,1
pitted green olives such as castelvetrano,1
red snapper fillets cut in half,1
tomatoes with garlic and basil,1
rainbow trout fillet,1
fluid ounce maple syrup,1
clementine juiced and peel cut into x inch strip,1
kirby cucumbers or other unwaxed seeded to inch pickling cucumber,1
mashed potatoes with jarlsberg cheese,1
elevated challah,1
basic vinaigrette,1
freeze raspberry,1
shrimp stock method,1
pesto from the garden,1
slices orange,1
coarsely pitted green olive,1
rockfish dressed,1
fluid ounces sparkling ros wine,1
sage and onion stuffing for roast chicken,1
diagonal slices french bread,1
pineapple rum sauce,1
okra freezer gumbo starter,1
of yellow orange and white candy corn,1
of brown orange and white candy corn,1
candied ginger and syrup,1
asparagus stalks tips left whole,1
margarine in a squeezable container,1
caponata,1
shaped pasta such as gemilli,1
yellow squash quartered lengthwise cut into inch piece,1
asparagus spears ends cut into inch piece,1
ginger and cut into matchstick strip,1
frozen precooked rice such as innovasian,1
shiraz,1
seasoned slivered almond,1
chive butter,1
cheddar biscuit,1
coarsely swiss chard,1
dill stalk,1
ounce potato,1
crumbled rosemary,1
no salt added tomato paste,1
no salt added chickpea,1
no salt added tomatoes with basil,1
drained kalamata olive,1
pickled cauliflower floret,1
tangy cranberry relish,1
unroasted cashew,1
slivered blanched almonds coarsely,1
quart canning jars with rings and lid,1
speckled trout,1
sprigs thyme leaves for garnish,1
pitted greek olive,1
head romaine lettuce lengthwise,1
head chicory curly endive lengthwise,1
heads belgian endive lengthwise,1
heads radicchio lengthwise,1
beluga lentil,1
instant pectin,1
garlic flavored extra virgin olive oil,1
italian dressing seasoning dry mix,1
veal shanks cut into short length,1
asparagus with garlic and thyme,1
truffled pecorino cheese,1
asparagus with lavender lemon and garlic,1
sweet gherkin,1
ciabatta an italian bread,1
bottle sauvignon blanc chilled,1
homemade sweet and sour mix,1
bite size wedges of cantaloupe,1
bite size wedges of seedless watermelon,1
newfoundland dressing for turkey,1
fluid ounces cachaca brazilian rum,1
kosher,1
italian pasta,1
fillet,1
puffed corn cereal,1
vegan sweet and sour sauce,1
oven herbed tomato,1
round cartons chocolate ice cream,1
mellocreme candy corn pumpkin,1
plum tomatoes cored and lengthwise,1
solid tuna in oil,1
frozen red potato,1
thickly peaches with peel,1
freshly squeezed pink grapefruit juice,1
coarsely grit,1
sugar free mixed fruit gelatin,1
orange and cut into chunk,1
yellow fleshed potato,1
bottles dry white wine,1
pomegranate seeds from a pomegranate,1
of french bread,1
emmental cheese,1
fluid ounces good quality vodka,1
gluten free bread such as rudi s original,1
lingcod cleaned and boned,1
basic whole wheat sweet dough,1
pear halves drained and patted dry,1
vanilla buttercream,1
wedges pink grapefruit,1
mexican bolillo roll,1
romaine lettuce hearts lengthwise,1
loaf cinnamon raisin bread,1
low fat milk heated,1
frozen broccoli florets thawed well drained on paper towel,1
tamarind sauce,1
thyme leaves for garnish,1
chile banana mango ketchup,1
asiago cheese crouton,1
fluid ounces brut champagne chilled,1
bunches lacinato kale stems removed leaf,1
sesame salad dressing,1
mussamun curry paste also spelled massaman,1
almond fruit flavored soda such as dr pepper,1
shelled,1
pork sausage meat,1
velveeta cut up,1
pint shucked clam,1
tomatoes and green chiles such as ro tel chunky partially drained,1
clams shelled and,1
tomatillos husked and inch,1
matchstick cut jicama,1
matchstick cut granny smith apple,1
strawberry flavored milk powder,1
fat free instant chocolate pudding mix,1
pints heavy cream,1
yellow summer squash cut into inch cube,1
dirty turkey rice purloo,1
beer brown ale,1
multi grain bread gluten dairy and egg free,1
fluid ounces passion fruit flavored syrup,1
apple cinnamon wine,1
envelope unsweetened drink mix any flavor such as kool aid,1
self rising flour such as whitelily,1
room temperature vegetable shortening such as crisco,1
grape flavored sports drink,1
fluid ounce jigger silver tequila,1
prepared orange gelatin,1
grand marnier liqueur,1
fluid ounce jiggers freshly squeezed lime juice,1
fluid ounce jigger freshly squeezed orange juice,1
fluid ounce jigger freshly squeezed lemon juice,1
kosher red wine such as manischewitz,1
fish spice,1
salt for rimming glass,1
prepared blueberry gelatin,1
ginger and shallot sauce,1
fluid ounce brandy such as presidente,1
blue,1
cheddar cheese curd,1
queso asadero white mexican cheese cut into inch strip,1
cajun ranch sauce,1
dry onion soup,1
honey lime dressing,1
mascarpone cheese substitute,1
pods okra into ring,1
brown beech mushroom,1
black mushrooms broken into piece,1
quart shucked oysters drained and liquid reserved,1
sloppy jo,1
beef stock,1
french country bread,1
unfiltered extra virgin olive oil,1
dry alfredo sauce mix such as knorr,1
garlic bread cro ucirc tes,1
cane syrup,1
fluid ounce light cream,1
fluid ounce jiggers whiskey,1
lemon slice cut in a half moon shape,1
green onions light parts only,1
balls of mozzarella cheese,1
chinese bbq pork,1
south beach quot mashed potatoes cauliflower quot,1
benedictine liqueur,1
quick cooking hominy grit,1
rolled oats slightly,1
fluid ounces liquid pectin,1
quinces cored and peels on,1
crummy mushroom,1
cod fillet cut into by inch strip,1
red pepper seasoning,1
jalapeno cheese food such as velveeta mexican mild,1
pickled jalapenos drained and,1
breakfast sausage link,1
italian style stewed tomatoes drained and,1
kittencal s rich homemade beef stock crock pot or stove top,1
cap city barbecue sauce,1
garlic sauce,1
preserved fig,1
niter kebbeh spiced ghee,1
berbere sauce,1
apricot preserves such as smucker s apricot preserve,1
vegetarian turkey piece,1
massamun curry paste,1
pickle juice such as juice from crazy steve s cajun cuke,1
light beer such as coor,1
spicy pickles such as crazy steve s cajun cuke,1
guacamole muy facil,1
alaskan king crab legs thawed if frozen,1
cake layer,1
veal breast,1
bulk sausage such as tennessee pride,1
one pie shell,1
herbes de provence mixed french herb,1
cherrystone,1
assorted summer squash such as zucchini,1
blue crab crabmeat,1
blue crab claw,1
mahi mahi fillets cut into inch slice,1
catfish cleaned with head and tail removed,1
five spice mix,1
whole new potato,1
plantains cut into inch piece,1
olive oil such as bertolli,1
uncle ben s whole grain brown,1
spaghetti such as dreamfield,1
tri color slaw,1
lime dressing,1
tilapia fillets cut into strip,1
red beets and washed,1
finger lickin good bbq sauce,1
bacon salt,1
hot dogs butterflied,1
light beer such as bud light,1
reduced sodium cream of mushroom soup,1
reduced sodium cream of celery soup,1
shucked oysters and juice,1
vegetarian kielbasa,1
potatoes red,1
salt pepper,1
croutons for garnish if desired,1
coarsely herbes de provence,1
miso soup mix,1
maui,1
low fat mayonnaise such as hellmann s low fat,1
mexican crema cream,1
rolls sourdough bread,1
inch dill pickle into long strip,1
coarse yellow cornmeal,1
cajun seasoning such as tex joy all purpose,1
quart peanut oil,1
fluid ounces white zinfandel,1
frozen cherry juice concentrate,1
ginger ale soda,1
catfish fillets skinned,1
chile negro pasilla pepper,1
quart seafood stock,1
quorn sausage,1
crocodile tail steak,1
low fat poppy seed dressing,1
corn bread muffin mix such as jiffy,1
fish taco,1
enchilada sauce such as el pato salsa de chile fresco,1
nuoc cham sauce dipping fish sauce,1
cinnamon stick broken into piece,1
frozen broccoli thawed drained,1
coarse sugar for sprinkling,1
genoa salami cut into inch cube,1
macadamia nut piece,1
green giant potatoes with garlic and herb,1
tasso ham cut into matchstick,1
quick rolled oat,1
liquid amino,1
link smoked beef sausage,1
green tomato slice,1
head romaine lettuce torn into bite sized piece,1
pineapples cored and cut into inch chunk,1
reduced fat ranch dressing such as hidden valley ranch light,1
chicken flavored ramen noodles seasoning packets reserved,1
inch rings green bell pepper,1
leaf romaine lettuce,1
marinated artichoke hearts drained and cut into inch piece,1
and lobster,1
rock lobster tail,1
slivered california almond,1
frozen spinach thawed and squeezed almost dry,1
evaporated milk heated,1
firmly spinach leaf,1
fluid ounce kentucky bourbon,1
gluten free quot canned quot cream of celery soup t r l,1
fillets walleye fillets cut into piece,1
square lemon pepper saute express saute starter,1
fluid ounce can ready to spread vanilla frosting,1
candy coated chocolate peanut,1
un chicken,1
fluid ounce jigger orange liqueur cointreau triple sec,1
dehydrated garlic,1
bunches leeks white parts with a few of the green top,1
tomatoes on the vine cored and,1
slices vidalia,1
goya salad and vegetable seasoning,1
cut green beans drained and rinsed,1
italian style dressing such as bernstein s restaurant recipe,1
inch pita breads torn into piece,1
sheep s milk feta cheese,1
vegetarian coconut cream pudding mix,1
halibut fillets cut into piece,1
cucumbers and in half lengthwise,1
white rye flour,1
don t be a turkey deli meat oamc,1
wheat pita breads cut into quarter,1
goya low sodium chick peas drained and rinsed,1
multigrain bagel split and,1
saffron oil,1
tiny appetizer biscuit,1
split hot dog bun,1
borden mild cheddar slice,1
goya red wine vinegar,1
cheese cheese amp onion beef amp cheese enchilada filling,1
asparagus liquid,1
english muffins split and buttered,1
heads leaf lettuce,1
sausage of your choice,1
for burger,1
bottle zesty lite italian style salad dressing,1
packaged coleslaw mix,1
sweetened rice vinegar,1
slices brie cheese,1
pear such as bosc,1
goya blackeye peas drained and rinsed,1
goya chick peas drained and rinsed,1
goya red kidney beans drained and rinsed,1
cajun style crab boil seasoning,1
petite cut tomatoes with onions and garlic,1
irish style lager such as harp,1
bacon pastry crust,1
coarse black pepper to taste,1
freshly nutmeg for garnish,1
quart vanilla ice cream for serving,1
basic pastry crust,1
young yellow squash and zucchini into round,1
fluid ounce jiggers pale dry sherry,1
quick cooking grits dry,1
dole seven lettuce,1
tomato wine sauce,1
double cream,1
pasteurized processed cheese spread such as kraft cheez whiz,1
beef steak chip steak,1
herbed dry bread cube,1
premium bourbon,1
bag mild field salad green,1
apples cored and paper,1
sharp cheddar cheese rectangle,1
very cucumber,1
quarts hot water,1
family sized tea bag,1
fluid ounce jigger apricot brandy,1
fluid ounce jigger lime flavored vodka,1
baker s prune butter substitute for oil in chocolate cake,1
quarts mustard greens washed and,1
seasoned meat tenderizer such as everglades all purpose seasoning,1
dry white bread cube,1
almond crunchy granola bar,1
saucy jerk chicken,1
butterfish fillet,1
popped popcorn for garnish,1
slices red tomato,1
smoked haddock,1
gallon coffee ice cream softened,1
sugar frosted corn flake cereal such as frosted flake,1
frozen southwestern style hash brown potato,1
greek seasoning spice,1
red lumpfish caviar,1
balsamic garlic,1
lori s tomato sauce,1
nature valley peanut butter crunch granola bar,1
seasoned goat cheese,1
gallon white vinegar,1
fluid ounce bottles worcestershire sauce,1
maine lobster,1
tempeh burger,1
fluid ounces unsweetened pineapple juice,1
savory seasoning,1
ovolini,1
reduced fat pork sausage such as jimmy dean,1
cinnamon bagel chip,1
cheddar flavor crouton,1
lavender sugar,1
remoulade style sandwich spread see footnote for recipe link,1
quart shucked clams with liquid,1
quot tastes like quot v juice,1
fluid ounces sweet tea,1
bag flaked coconut,1
lightly smoked cod skin and bones removed,1
head romaine lettuce stem end and discarded,1
ahi tuna,1
lightly crumbled wakame seaweed,1
hickory smoked tuna,1
brown roux,1
low sodium mozzarella cheese,1
self rising white cornmeal,1
the fizz,1
holiday simple syrup,1
quick blender hollandaise,1
prudhomme s poultry magic,1
lemon pepper linguine,1
provence lavender cordial syrup,1
for falafel,1
for sauce,1
inch sausages cut in,1
tomatoes drained rinsed patted dry,1
fluid ounce can white grape juice concentrate,1
angel hair cole slaw mix,1
sugar free instant lemonade powder,1
easy garlic,1
nana s pimento cheese,1
louisiana roast beef,1
greens mix,1
pints orange sherbet,1
lemon and,1
mixed salad greens with spinach,1
cranberry vinaigrette salad dressing,1
beef ramen noodle,1
pint orange juice,1
the royal orleans rib room creole sauce,1
slices day old french bread,1
blackberry vinaigrette,1
jump up and smack your mom hot sauce,1
salsa bandera,1
vegetarian sausage links such as morningstar farm,1
reduced fat mild cheddar mozzarella cheese blend,1
sifted flour,1
strawberry coulis recipe,1
oyster liquid,1
beef broth brodo di manzo,1
sweet potatoes in light syrup,1
bags pre washed spinach,1
daube french style,1
fluid ounce can limeade concentrate,1
bread cut in half diagonally,1
farfel,1
all purpose apples pared cored and,1
good eats dulce de leche,1
lemon lime soda to taste,1
orange juice to taste,1
liters sparkling apple cider non alcoholic,1
gummi snakes candy,1
longhorn,1
olive garden garlic alfredo sauce,1
fluid ounces kentucky bourbon,1
copycat stove top stuffing mix,1
advieh,1
swiss chard stalks discarded leaves cut into wide ribbon,1
lemon flavored instant tea powder,1
kittencal s thousand island dressing,1
graham cracker crust microwave,1
shell crab,1
italian parmesan herb mix,1
tomatoes seeded and cut into wedge,1
loaf white bread torn into piece,1
quart hot milk,1
leeks coarsely,1
pickled beets juice reserved,1
easy homemade curry powder,1
seasoned party pita,1
spicy peanut dipping sauce,1
hot dogs cut into piece,1
fluid ounce can apricot nectar,1
bottle irish whiskey,1
cleaned crawfish tail,1
gluten free pancake mix,1
spanish saffron,1
creamy style horseradish sauce,1
emeril s creole seasoning,1
summer squash cut into chunk,1
guadalupe s guacamole,1
oatmeal pie crust,1
fluid ounce brine from olive jar,1
simply the best salsa,1
apricot whip,1
cucumbers seeded and cut into inch slice,1
babka dough,1
quarts bread cube,1
bell peppers red,1
longer very garlicky marinara sauce,1
tony s pizza sauce,1
jeni s chocolate ganache,1
southern fluffy frosting,1
unsweetened crunchy peanut butter,1
raisins to taste,1
fluid ounces cachaca,1
sourdough whole wheat biscuit,1
bacon meatloaf,1
spiced panko bread crumb,1
loaf focaccia bread,1
portobello mushrooms stemmed and cut into inch wide by inch long piece,1
frozen soy burger style crumble,1
tomatoes drained cup juice reserved,1
fillets alaskan king salmon,1
jeff s salsa,1
heavenly hummu,1
scalded milk cooled,1
jalapeno relish,1
chipotle compound butter,1
rockfish filets cut into inch piece,1
for mango salsa,1
for crab cake,1
garlic and sweet onion jam,1
bottle white wine such as pinot grigio,1
chocolate filling,1
water for glaze,1
bombay duck,1
sweetened cranberries i e craisin,1
garlic infused oil and dipping sauce,1
dekuyper strawberry liqueur,1
beef flavor ramen noodles with seasoning packet,1
bottled oil and vinegar salad dressing such as newman s own,1
chilies like poblanos jalapenos bell pepper,1
copycat french vanilla liquid coffee creamer,1
rimming salt,1
powdered non dairy coffee creamer,1
lump lobster meat,1
lemonade flavor drink powder,1
kittencal s creamy ranch dressing dip,1
creamy dill sauce for smoked or poached fish,1
orange spice tea bag,1
rolled oats plus extra for garnish,1
simple pizza sauce,1
julienne celery,1
fluid ounce jigger vanilla flavored vodka such as stoli,1
pancake noodle,1
fluid ounce jigger pumpkin flavored liqueur such as hiram walker,1
blueberry nonfat yogurt,1
low sugar spaghetti sauce,1
canned sweet corn,1
tortillas whole wheat tortilla,1
pralines aux pacanes pecan praline,1
bottle balsamic vinaigrette salad dressing,1
peppermint candy canes for garnish,1
pita breads cut into wedge,1
stemmed asparagu,1
pineapple and orange slice,1
walla walla,1
creamy bleu cheese sauce,1
x x inch untreated cedar plank,1
colored candy decorating dragee,1
fillets yellowfin tuna,1
anchovy fillets drained and quartered,1
whole wheat angel hair pasta,1
sugar free syrup,1
lemon lime soda chilled,1
bottle cold champagne,1
apricot mango nectar,1
granulated cane sugar,1
quart sauerkraut drained,1
tart apple cored and,1
bag frozen french fry,1
mock puff pastry dough made so easy,1
cornish game hen thawed and giblets removed,1
inch spinach tortilla,1
fluid ounces non dairy creamer,1
meatballs italiano,1
orange curacao orange flavored liqueur,1
white balsamic blackberry w lemon thyme vinegar,1
homemade buttermilk,1
champagne chilled,1
mock feta cheese vegan substitute,1
candied mint leaf,1
country style bread,1
melted leek,1
bottle light rum,1
easy weeknight sloppy jo,1
flax vegan egg substitute,1
bottles dry red wine chilled,1
bottled pina colada drink mix,1
regular rolled oats plus additional,1
jalapeno black eyed pea,1
raspberry honey,1
kabocha squash and,1
cassava flour,1
balsamic saffron sauce,1
loaf white bread cut into inch cube,1
somerset red onion marmalade,1
tomatillo sauce,1
carol s wisconsin beer cheese soup,1
mixed berry fruit juice,1
frozen red raspberry,1
low fat greek style yogurt such as fage,1
coarsely seedless watermelon,1
mixed frozen berries thawed and drained,1
stick cinnamon,1
best ever white bread abm,1
butternut squashes seeded and into round,1
crumbled crisply bacon,1
miracle whip from mayonnaise,1
cajun seasoned snack mix,1
oat groats into a powder,1
goat shoulder,1
ginger scallion pesto,1
lady baltimore filling and icing,1
overnight white rice,1
cucumbers and inch,1
mexican saffron rojo rice,1
plum tomatoes seeded and cut into bite size piece,1
bottle white rum,1
rum with christmas spice,1
gallon cranberry juice,1
processed sharp cheddar cheese,1
baking spice copycat pampered chef cinnamon plus mix,1
vegetarian chili with bean,1
bag spinach leaves rinsed and drained,1
lightly cilantro sprig,1
chicken ramen noodle,1
simmering water,1
creme brulee flavored ice cream,1
fluid ounce jigger dark jamaican rum,1
cut asparagus inch piece,1
bam,1
saltine meatloaf,1
tart apple and cored,1
tom yum soup paste,1
chile padi bird s eye chile,1
dill tied with kitchen twine,1
seedless oranges and,1
celery sauce,1
spicy pumpkin butter,1
dijon vinaigrette,1
big pinch of salt,1
black pepper and salt,1
lime or lemon mayonnaise,1
loaf gluten free bread such as udi s millet chia bread,1
gluten free chicken broth,1
drained mandarin orange,1
marron glace,1
vinaigrette salad dressing to taste,1
skinned deboned mahi mahi cut into chunk,1
extra eggs separated,1
oriental flavor ramen noodle soup seasoning packet reserved,1
rich meat sauce for a crowd,1
box dry bread stuffing mix,1
frozen tater tots such as mccain tasti tater,1
soy sauce substitute gluten free,1
absolutely the best new york cheesecake gluten free,1
recipe unsweetened pastry for a inch single crust pie,1
edible flower,1
drunken apples like famous dave s,1
spicy lentils south africa,1
red apples cored and cut into inch chunk,1
milk chocolate candy coarsely,1
oil based peppermint flavoring,1
tex mex chicken and rice,1
swiss chard stems and center ribs cut out and together leaves coarsely separately,1
red onion marmalade,1
prepared herb stuffing,1
spaghetti broken,1
dijon lemon vinaigrette,1
tomato conserve,1
half and half plus extra if necessary,1
fluid ounce cans frozen concentrated grape juice,1
fluid ounce can frozen concentrated fruit punch,1
gallon raspberry sorbet,1
fennel bulb cut into slice,1
tomatoes cut into inch chunk,1
quick chunky tomato sauce,1
orange and cut into segments see footnote,1
liter lime soda,1
marsha s whole wheat pizza,1
buttercup squash,1
darlene s make ahead meatballs oamc,1
limoncello lemoncella,1
pitted dark sweet cherries such as bing,1
bottled cherry juice,1
parsnip scrubbed and,1
old english spiced and fruited sugar for apple pies etc,1
crock pot machaca burrito meat,1
bunches asparagus spear,1
sea scallops quartered,1
sprig fennel leaf,1
seeded and granny smith apple,1
bags frozen broccoli thawed,1
quickie hollandaise sauce,1
peter s cheese sauce,1
yellow plantains very and cut in inch slice,1
brussels sprouts and quartered lengthwise,1
dry rainbow radiatore pasta,1
home style white bread cut into inch cube,1
gallon vegetable broth,1
slices challah bread,1
lemons and,1
chilled margarine cut into cube,1
skin on center cut salmon fillet,1
liter spiced rum,1
quart heavy cream lightly whipped,1
envelope gluten free taco seasoning mix,1
freezer pizza sauce,1
lucy lu s spicy turkey sausage,1
reduced fat sour cream such as daisy,1
cucumbers lengthwise and crosswise,1
inch cubes watermelon,1
the last red enchilada sauce you ll need,1
solid white albacore tuna,1
non dairy milk such as rice,1
extra silken tofu drained,1
cashews soaked in water to hours drained,1
vegan whipped topping,1
cheese enchiladas in yummy red sauce,1
pesto food processor,1
rolled oats not quick cooking,1
beets with greens attached,1
leeks white and light green parts only and washed,1
aeroplane vegetarian jelly crystal,1
hard eggs quartered lengthwise,1
unsalted crunchy peanut butter,1
vegan bread,1
garlic seasoned bread crumb,1
pancake syrup i e mrs butterworth s,1
for the white sauce,1
mexican style tomatoes undrained,1
lobster butter beurre de homard,1
heads red leaf lettuce rinsed and torn,1
mache lamb s lettuce rinsed and,1
traditional pie pastry,1
tammy s pie pastry,1
no guilt hot fudge sauce,1
yellow fleshed sweet potato,1
vegan cream of mushroom soup,1
celery salt to taste,1
head iceberg lettuce cut into wedge,1
mimi s biscuit,1
brut champagne,1
vegan vanilla wafer,1
twists lemon zest garnish,1
red boiling potato,1
sweet pickle not relish,1
dukkah,1
kittencal s sweet dough,1
jumbo shrimp in shells per lb,1
vegan raspberry yogurt,1
gallon dill pickle,1
bottle hot pepper sauce e g tabasco,1
bag of white sugar,1
lacinato kale dinosaur kale,1
spanish paprika preferably sweet,1
bottle root beer extract,1
mild pork sausage such as jimmy dean,1
watermelon flesh seeds removed,1
dry crab and shrimp seasoning mix,1
chelle s famous turkey meatball,1
pistachio crust,1
microgreen,1
garlic herb butter,1
vegan corn,1
adobo,1
canned chipotle chiles in adobo sauce seeded and,1
hot dogs cut in half,1
polenta cut into inch cube,1
mexican cheese blend such as sargento authentic mexican,1
merguez sausage,1
arugula leaves cilantro,1
hot pepper sauce such as tabasco chipotle pepper sauce,1
accompaniment,1
homemade chips tortilla or pita,1
dry pinto beans sorted and rinsed,1
loaf french bread baguette cut into inch cube,1
lemonade such as minute maid,1
slender carrot,1
slender parsnip,1
vegetarian pudding,1
five grain tempeh,1
for potato crust,1
for the spinach,1
for the rest,1
southern country cornbread,1
vegetarian gruyere cheese,1
kittencal s parmesan garlic bread or garlic toast,1
multigrain spaghetti,1
flank steak with warm moroccan spice,1
cold mashed sweet potato,1
sour cream cheddar cheese,1
bottle prosecco italian sparkling wine,1
campari,1
fluid ounce cognac,1
cut cod loin,1
fluid ounce jigger bitter orange aperitif such as aperol,1
sugar free crock pot apple butter,1
round summer squashe,1
the world s best bread machine pizza dough recipe,1
faux bonefish grill bang bang sauce,1
gruy re,1
radishes and into round,1
wheat berries hard winter,1
best ever homemade mayonnaise,1
no sugar added creamy peanut butter,1
mini dogbone treat,1
wide loaf french bread crust removed and bread cut into x inch cube,1
muscovado,1
chile lovers spicy three meat chili,1
garlic and herb spreadable cheese such as alouette,1
file powder powdered sassafras leaf,1
navel oranges and sectioned,1
splash carbonated water,1
for dough,1
for walnut filling,1
very parmigiano reggiano cheese,1
fillets haddock,1
bottle cabernet sauvignon,1
orange for garnish,1
biryani masala powder,1
dulce de leche sauce,1
envelope unsweetened grape drink mix,1
envelope unsweetened orange drink mix,1
head cauliflower cut into inch floret,1
tomatoes pushed through a sieve,1
greek olives pitted and coarsely,1
fluid ounces prosecco,1
for the onion,1
dana s homemade kahlua,1
quarts strawberries coarsely,1
links of andouille sausage,1
oranges and cut in between sections as segment,1
frozen sweetened strawberries thawed with syrup,1
english hothouse cucumber,1
italian seasoning old sub sailor,1
southern chili bean,1
the master mix homemade bisquick substitute,1
quick breadstick,1
ninety minute roll,1
candied lemon orange or grapefruit peel,1
vegetarian cream cheese,1
dry red kidney bean,1
sooz s semi homemade salsa,1
additional green onion,1
red anjou pear,1
head cabbage cut into shred,1
sauza blue tequila,1
asian style savory tofu,1
quart vodka,1
red carpet bruschetta,1
user friendly meatball,1
sun tomatoes soaked in cup boiling water,1
ravioli dough,1
ravioli filling,1
pesto alfredo cream sauce,1
cod cut into chunk,1
poppy seed pie,1
basic red pepper,1
and deveined rock shrimp thawed if frozen,1
bay scallops thawed if frozen,1
haddock fillets thawed if frozen,1
chicken souvlaki wrap,1
clean spinach,1
faux montreal steak rub seasoning mix substitute,1
beef taquitos oamc,1
chilled seedless watermelon cut into inch cube,1
cherries poached in vanilla cerises poch eacute es,1
pickled jalapeno ring,1
coarsely mint leaf,1
dry almonds unsalted,1
calamari cleaned,1
chianti wine,1
orange and pureed,1
leaf lettuce torn into bite size piece,1
reduced sodium taco seasoning mix,1
ras el hanout moroccan spice blend,1
genoa salami cut into bite size piece,1
sopressata,1
artichokes drained and cut into bite size piece,1
nutmeg for topping,1
cucumber salad,1
oil sun tomatoes coarsely,1
cucumbers seeded and cut into very slice,1
ginger crust,1
ponzu butter,1
rich tart shell,1
garlic herb infused skewer,1
salsa di pomodoro,1
headless shrimp,1
pearl sugar such as lars own,1
peachy crock pot pork chop,1
almond macaroon,1
box tagliatelle pasta,1
loaf french bread for dipping,1
wedges lime as garnish,1
frozen shelled edamame soybeans thawed,1
bag mixed green,1
lime pickled red onion,1
bottle fruit punch chilled,1
eggs as as possible,1
irish cream liqueur eg bailey s,1
vodka eg smirnoff,1
serving size package instant chocolate pudding mix,1
red and yellow cherry tomato,1
make your own chili sauce,1
sprig parsley for garnish,1
kittencal s hamburger burger bun,1
alternate filling,1
granny smith apples cored and cut into matchstick,1
pieces brioche,1
head iceberg lettuce torn into bite size piece,1
quarts seeded watermelon,1
pitted black olive half,1
shake and pour buttermilk pancake mix,1
hummus from chickpea,1
our family favourite crock pot chili oamc,1
coarsely pancetta,1
honey muffin,1
salt free lemon herb seasoning such as mrs dash,1
hatch red chili sauce,1
unsweetened instant tea,1
coffee buttercream frosting,1
cranberry juice chilled,1
loaf challah bread cut into inch slice,1
sprigs dill for garnish,1
sweetened lemonade powder,1
grapefruits juice of,1
fluid ounce can sweetened pineapple juice,1
tasso ham,1
preserved ginger,1
rich vegetable stock,1
mixed bell peppers green,1
fluid ounce bottle orange juice chilled,1
prepared inch pizza dough pastry,1
fillet frozen catfish,1
rock amp roll bbq salsa loco similar to baja,1
hot red pepper,1
mini meatball appetizer,1
loaf crusty italian,1
sage rubbed between finger,1
bottle apple cider,1
pork tamales with salsa verde filling,1
chinese cooking wine shaoxing wine,1
tender bell pepper,1
lobster split,1
sugar cookie icing,1
granny s sugar cooky,1
sun tomatoes marinated in olive oil,1
seasoning for pork italian style sausage,1
garlic and herb couscous mix or any flavor you prefer,1
dry corn bread stuffing mix,1
frozen peas and onion,1
loaf french bread inch,1
coarsely mozzarella cheese,1
bottles black bean sauce,1
homemade tahini,1
inch chunks honeydew,1
melted soy margarine,1
roma plum tomatoes cored,1
liters ginger ale chilled,1
rustic tomato salsa salsa de molcajete,1
russian layer cake,1
chayote squash cut into inch strip,1
loaves day old bread,1
spicy oregano,1
head cauliflower cut into florets and stems reserved,1
italian tuna in olive oil,1
bottle dark rum,1
fluid ounces bubblegum flavored vodka,1
lemons lemon zested,1
shot brewed espresso cooled to room temperature,1
dark chocolate such as green black s dark chocolate broken into piece,1
and seeded watermelon,1
quarts whipping cream,1
bottle bourbon,1
dutch apple,1
drained and rinsed canned pinto bean,1
straw sour candy powder,1
nido full cream milk powder,1
fluid ounces blackberry brandy,1
bottle spanish red wine,1
french vanilla yogurt,1
fluid ounce strawberry vodka,1
fluid ounces dry champagne,1
navel orange end,1
fluid ounces hot milk,1
hot dogs beef and pork frankfurter,1
swedish meatball,1
domestic mushroom,1
baskets cherry tomatoes quartered and seeded,1
parmesan flavor soy topping,1
family size black tea bag,1
fluid ounces lemon flavored rum such as bacardi limon,1
mango and vanilla ice cream,1
asparagus cut diagonally into inch piece,1
strawberry schnapp,1
cannonball cabbage,1
whipped topping such as cool whip thawed and,1
graham cracker crust such as nabisco honey maid,1
cornichons dill pickle,1
fluid ounce raspberry flavored liqueur such as st george spirit,1
blood orange juiced,1
condensed cream of chicken,1
balsamic vinegar to taste,1
kale leaves cut into inch square,1
lightly cheddar cheese,1
thai black sticky rice,1
turkey lunch meat,1
splash sweet white wine,1
frozen bean and cheese burrito,1
fluid ounces dill pickle juice,1
cucumber sauce,1
sharp cheddar cheese such as kerrygold dubliner,1
jalapeno chicken sausage,1
pitted and black cherry,1
fennel sausage link,1
trout cleaned head and tail removed,1
french deli roll split,1
bunches spinach washed stems removed,1
hulled pumpkin seeds pepita,1
unsalted sunflower kernel,1
herb seasoned stuffing mix such as pepperidge farm,1
olive oil garlic,1
orange custard,1
leaf leaf lettuce,1
spinach filling,1
seitan cut into strip,1
gluten free bread crumbs such as hodgson mill,1
eggplant into long strips inch,1
fat free balsamic vinaigrette,1
inch slices eggplant,1
slices asiago cheese,1
bottle vodka such as stolichnaya,1
caramel whipped cream,1
hemp powder,1
fluid ounces cherry vodka,1
cake flavored vodka such as uv,1
rice sherry wine,1
fruit flavored candies such as skittle,1
citrus flavored energy drink such as red bull,1
fluid ounces peach flavored fruit drink such as snapple,1
sparkling water such as perrier,1
fluid ounces blue colored sports drink such as gatorade,1
sprigs peppermint leaves plucked off,1
hard white whole wheat flour,1
cookies and cream instant pudding mix such as jell o oreo,1
dark chocolate bar with almonds broken into piece,1
pickled herring in sour cream,1
fluid ounce raspberry liqueur,1
corned beef spread,1
bottle grape soda,1
fluid ounce cream,1
reduced pork broth,1
fluid ounces freshly squeezed grapefruit juice,1
fluid ounces freshly squeezed pomegranate juice,1
fluid ounce sweet french vermouth,1
cream of balsamic balsamic glaze,1
fluid ounce cold pressed cranberry juice,1
freshly pink peppercorn,1
hickory smoked worcestershire,1
hearts of palm cut into inch slices juice reserved,1
tomatillo husk removed,1
fluid ounce jigger blueberry vodka,1
basic mayonnaise recipe,1
fluid ounce jigger limoncello,1
fluid ounces ginger liqueur such as domaine de canton,1
fluid ounces scotch whiskey such as chivas regal,1
fluid ounces golden rum,1
fluid ounce unsweetened pineapple juice,1
whiskey such as seagram s,1
caper tarragon compound butter,1
tarragon vinegar reduction,1
vanilla bean powder,1
el patio jalapeno chili sauce,1
fluid ounce amaro liqueur,1
quart ginger ale chilled,1
gallon vodka,1
pork trimming,1
urfa biber turkish chile pepper,1
fluid ounces frozen pink lemonade concentrate thawed,1
rubbing alcohol,1
chilled ginger ale,1
sprig mint for garnish,1
vodka such as smirnoff,1
pineapple rum such as malibu,1
instant coconut cream pie pudding mix,1
very shallot,1
bottle caffeinated citrus flavored soda such as mountain dew,1
bearnaise,1
bean thread sheet,1
fluid ounces premium gin,1
green olives stuffed with blue cheese,1
olive juice adjust to personal taste,1
frozen chili such as johnson,1
all purpose flour such as blue bird,1
fluid ounce vanilla liqueur,1
blended red chili sauce,1
whole leaf oregano,1
sweet yeast,1
carla s basic meatball,1
reduction,1
tarragon leaves coarsely,1
compound butter,1
drained and rinsed canned black bean,1
rutabaga and cut into chunk,1
gallon hot water,1
cut green beans with liquid,1
head cauliflower stemmed and cut into floret,1
chicken stock concentrate such as better than bouillon,1
canned chickpeas garbanzo beans drained with liquid reserved,1
tofu into strip,1
spicy vegetable juice cocktail,1
hot pepperoni stick,1
dry onion dip mix,1
loosely and cilantro,1
asparagus and snapped into piece,1
artichoke hearts drained and pulled apart,1
wheat pizza crust,1
eggplant lengthwise inch,1
yellow wax beans cut into bite sized piece,1
lima beans cut into bite sized piece,1
japanese low sodium soy sauce,1
asian chili sauce,1
veggie bowl,1
vegan cheese blend,1
stewed tomatoes cut,1
mild miso paste,1
shiitake mushrooms cut,1
cinnamon raisin english muffin,1
loaf flat bread horizontally and cut into equal piece,1
bags frozen broccoli thawed and drained,1
sugar pumpkin top removed seeded,1
precooked apple chicken sausage,1
crusty bread cube,1
plantains and,1
veggie burger,1
whole wheat english muffin split,1
sprigs oregano leaves stripped and,1
canned green chiles undrained,1
vegetarian refried black bean,1
chili with beef and bean,1
catfish fillets cut into chunk,1
garden herb tofu crumbled,1
veal cutlets pounded,1
inch slices eggplant round,1
mushroom ravioli,1
mild pineapple salsa,1
gluten free pasta such as barilla,1
tofu into inch slice,1
prepared soy ginger salad dressing,1
asparagus cut into inch pieces on the bia,1
hot sauce such as frank s,1
and watermelon rind,1
bannock,1
loosely beet greens stem,1
beet and quartered,1
mild whole green chiles drained,1
dry chickpea,1
swiss chard tough stems removed and leaves cut crosswise into inch slice,1
fluid ounce bottles buffalo wing sauce such as frank s redhot,1
coconut powder,1
tempeh broken into bite sized piece,1
garden vegetable pasta sauce,1
smoked goose,1
pita bread pockets lengthwise,1
turkey chili with bean,1
thickly pieces multigrain bread,1
leaf spinach drained,1
hero sandwich rolls split lengthwise,1
quinoa and cooled,1
yves veggie cuisine original veggie round,1
imagine low sodium vegetable broth,1
combined yves veggie cuisine sweet peas yves veggie cuisine whole kernel golden corn and carrot,1
canned dice tomatoes mostly drained,1
tube ready made polenta cut into inch slice,1
frozen puff pastry sheet thawed,1
drained and rinsed canned garbanzo beans chickpea,1
extra long asparagus spears drained,1
burgundy glaze,1
extra tofu cut into twelve inch slice,1
bottle teriyaki glaze such as kikkoman,1
zucchini horizontally and,1
vegan sausage such as gimme,1
sushi sticky,1
head cauliflower cut into inch cube,1
quinoa at room temperature,1
capsicum salsa,1
hot dogs lengthwise and cut into inch piece,1
ostrich steak,1
marinated artichoke hearts cut into piece,1
stayman apple,1
day old artisan style bread,1
collard green leaf rib removed,1
zucchini cut crosswise into inch slice,1
whole grain baguette cut into two halves and split lengthwise,1
hickory flavor tofu,1
pocketless greek pita bread,1
serving suggestion,1
mini bell pepper,1
corn flake crumbs such as kellogg s corn flakes crumb,1
marbled rye bread,1
softened salted butter,1
swiss cheese such as lorraine,1
flank steak fat,1
garlic vinegar,1
instant mashed potatoes such as idahoan signature russets mashed potato,1
frozen puff pastry thawed according to package instruction,1
portobello mushrooms coarsely,1
cheese blend,1
bottle barbeque sauce such as montgomery inn,1
beef and onion dry soup mix,1
europe s best gourmet red yellow peppers parilla,1
and collard green,1
asian hot chile sauce,1
silken tofu drained and mashed,1
tempeh diagonally,1
unshelled fava bean,1
reggiano parmesan cheese,1
head cauliflower lengthwise through the core into steak,1
cured lemon patted dry,1
chunky,1
kale leaves cut into piece,1
yams quartered,1
wheat tortillas warmed,1
spectrum naturals olive oil,1
europe s best gourmet fire sweet potato slice,1
calamata olives pitted if desired,1
canned pinto beans rinsed and drained,1
yves veggie cuisine spicy italian veggie sausage,1
lavash,1
pumpkin hummu,1
jackfruit in brine,1
dukka,1
prepared whole wheat pizza crust such as boboli,1
hormel mary kitchen roast beef hash,1
wheat lebanese style pita bread round,1
kaffir lime juice,1
veal chop,1
sharp american cheese such as cooper,1
lamb fries testicle,1
armenian chile pepper,1
spinach and coarsely,1
fluid ounce strawberry puree,1
bags hibiscus tea such as tazo passion,1
double strength brewed tea,1
peaches in heavy syrup drained in juice reserved,1
low sodium black beans drained and rinsed,1
seeded and roma plum tomato,1
shaved dark chocolate,1
stalk celery with leaf,1
gluten free chicken stock,1
peaches in light syrup drained and juice reserved,1
powdered non fat milk,1
fluid ounce spiced rum such as sailor jerry,1
strained bacon fat,1
garlic seasoning,1
quarts very plums pitted,1
fluid ounces cold milk,1
red raspberry syrup,1
lemon layer,1
bottle chilled lemon lime soda,1
frozen mixed berries thawed,1
bottle chilled white zinfandel wine,1
lemon juice from concentrate,1
chocolate mint layer candies such as andes unwrapped,1
glace pear,1
fluid ounce jiggers mango flavored vodka,1
mocha flavored instant coffee mix such as international coffee suisse mocha,1
unsalted side pork,1
fluid ounce jiggers gin such as aviation,1
fluid ounce jiggers orange flavored liqueur such as cointreau,1
fluid ounce jiggers elderflower liqueur such as st germain,1
fluid ounce jiggers lemon juice,1
pint irish stout beer e g guinness,1
fluid ounces sour apple schnapps such as dekuyper sour apple pucker,1
heads green cabbage,1
unsweetened plain almond milk,1
imitation butter flavoring,1
fluid ounce grand marnier,1
ginger ale chilled,1
low fat vanilla yogurt cheese,1
condensed nacho cheese soup such as campbell s fiesta nacho cheese,1
fluid ounces cold coffee,1
bottle fruit punch such as hawaiian punch,1
fluid ounce can pineapple juice such as dole,1
vodka chilled,1
sirloin steak pounded to inch thickness and cut into strips across the grain,1
fluid ounces whiskey rye,1
sparkling grape juice cold,1
strawberry danish dessert mix e g junket,1
pint sized canning jars with rings and lid,1
scoops softened vanilla bean ice cream,1
dark chocolate chips such as ghirardelli dark chocolate,1
splash simple syrup,1
fluid ounce jigger key lime juice,1
chunky style salsa such as pace,1
bottle guava nectar,1
bag frozen mango chunk,1
gallon orange sherbet softened,1
pint peach schnapp,1
fluid ounces strawberry flavored soda such as crush strawberry,1
buffalo style hot pepper sauce such as frank s,1
fluid ounce jiggers vanilla vodka,1
fluid ounce jiggers hazelnut liqueur such as frangelico,1
fluid ounce jiggers coffee liqueur such as kahlua,1
fluid ounce jiggers creme de cacao,1
wedge orange,1
roast coffee,1
fluid ounces hot water degrees f degrees c,1
turmeric paste,1
golden milk,1
fluid ounces light cream,1
fluid ounce green creme de menthe,1
fluid ounce cola flavored carbonated beverage such as coca cola,1
fluid ounce lemon lime carbonated beverage such as up,1
fluid ounces caffeinated citrus flavored soda,1
fluid ounces scotch whisky,1
la chinata bittersweet paprika,1
romulo olive oil,1
fluid ounces pulp free premium orange juice,1
fluid ounce jigger good quality vodka,1
coffee such as stumptown,1
kumquats rinsed and,1
spicy tomato vegetable juice cocktail e g v,1
lemon wheel for garnish,1
redondo iglesias jamsn serrano,1
blueberries plus more for garnish,1
orange sherbet,1
nasturtium flower petal,1
caramel syrup such as hershey s,1
unsweetened nut and grain granola,1
jamaican pimento,1
fluid ounce goats milk,1
tofu drained and cut into inch strip,1
old el paso tomatoes chily,1
butterscotch schnapps such as dekuyper buttershot,1
prepared low fat salsa,1
goose thawed if purchased frozen,1
tartaric acid,1
fluid ounces lemon vodka,1
frozen unsweetened peache,1
angel food cake mix prepared in a loaf pan,1
fluid ounce jigger hazelnut liqueur such as frangelico,1
marshmallow bit,1
splash ginger beer,1
gallon french vanilla ice cream,1
base cake layer,1
individual jelly filled roll cake,1
coarsely kalamata olive,1
pinenut,1
white seedless raisin,1
hot breakfast sausage patty,1
ice cream bucket,1
wheat whiskey such as dry fly,1
strip mandarin orange zest,1
fluid ounces currant,1
fluid ounce jiggers spiced rum,1
fluid ounce jiggers banana liqueur,1
kiwi puree,1
fluid ounce jiggers orange juice,1
fluid ounce jiggers pina colada mix,1
chili lime cashew,1
fluid ounce dry gin,1
fluid ounce jiggers tequila plata,1
cranberry sauce see below,1
semisweet chocolate mini morsel,1
plum tomatoes lengthwise and seeded,1
dry lemonade flavored drink mix,1
fluid ounces frozen lemonade concentrate,1
slices day old bread with crusts removed cut into cube,1
gallon jalapeno pepper,1
sweetened almond milk,1
squash puree,1
hubbard squash unpeeled and cut into chunk,1
candy cane chocolate candy kisses unwrapped,1
gallons orange flavored drink,1
mixed salted peanut,1
quarts pink lemonade,1
quarts pineapple and orange juice blend,1
fat free strawberry cream yogurt,1
bottles white rum,1
georgia pecan half,1
fluid ounces amber beer,1
blueberries frozen,1
fluid ounces cold half and half,1
mint chocolate baking pieces such as ande,1
square semi sweet chocolate,1
stale cider doughnuts broken into bite size piece,1
vienna sausage,1
mizuna roots removed cut into inch piece,1
fluid ounce cold club soda,1
freshly lime peel,1
prosecco italian sparkling wine,1
apple cider vinegar such as bragg,1
fluid ounces creme de menthe,1
lowfat chocolate milk,1
frozen banana partially thawed and mashed,1
flax milk,1
lime slice for garnish,1
lemons peel and juiced,1
hard green pear,1
very ginger root,1
round steak inch,1
vodka such as ciroc,1
breading mix,1
italian cracker crumb,1
chocolate chip mint ice cream,1
pecan pie pastry,1
gallon strawberry sherbet,1
fluid ounce bottles fruit punch,1
frozen single pie crust thawed,1
loaf white bread horizontally,1
fluid ounce can passion fruit frozen concentrate,1
purple asparagu,1
chilled root beer,1
peels and cores from red apple,1
fluid ounces knudsen s sic lemon lime spritzer,1
fluid ounces gin such as tanqueray,1
coconut buttercream frosting,1
vegan green chile cilantro sauce,1
lemon rind and pulp of,1
orange garnish,1
best end of neck welsh lamb,1
strip of lemon zest for garnish,1
fluid ounces chocolate vodka,1
fluid ounce chocolate liqueur,1
grenadine syrup such as rose s,1
lavender petal,1
ice to slush consistency,1
leaf of celery,1
white macon wine,1
fluid ounce raspberry flavored liqueur such as raspberry sour puss,1
fluid ounce campari,1
wedge lemon for garnish,1
chitarra pasta,1
mccormick coconut flavor,1
bars chocolate coated peanut and nougat candy,1
chicken broth soup,1
kosher dill pickle,1
fluid ounce bottle fruit punch chilled,1
fluid ounce bottle unsweetened pineapple juice,1
quart yellow dandelion blossoms well rinsed,1
firmly kale leaf,1
pinch red chile pepper,1
europe s best zen garden vegetable,1
width rice stick noodle,1
yves veggie cuisine chick n veggie tender,1
quarts goat s milk,1
bottle proof rum,1
bottle chianti wine,1
maraschino liqueur,1
tropical fruit flavored jell o mix,1
tomato sauce such as classico tomato and basil sauce,1
chocolate covered mint cookies such as girl scout mint,1
light colored rum,1
riches frozen milk,1
cultured milk,1
green giant shoe peg corn,1
cantaloupe cut into cube,1
aquafaba,1
stale bread cubes crusts removed,1
triple berry vodka,1
box strawberry banana flavored jell o mix,1
fluid ounce bottles orange juice,1
fluid ounce frozen strawberry daiquiri concentrate,1
parmesan cheese crouton,1
fluid ounces elderflower liqueur such as st germain,1
liter lemon lime soda such as sprite,1
fluid ounce vanilla flavored syrup such as torani,1
frozen strawberry lemonade concentrate,1
strawberry flavored vodka,1
honeydew wedge,1
fluid ounces black cherry juice,1
bars white chocolate almond bark broken into piece,1
fluid ounces spiced rum such as captain morgan s,1
potato bread stuffing mix,1
polished rice,1
fluid ounces non dairy vanilla flavored creamer,1
fluid ounce jigger lime cordial,1
gallon cashew milk such as silk,1
powdered egg white,1
fluid ounces sloe gin,1
fluid ounce jigger creme de menthe,1
nestle chocolate milk,1
gallon dill pickle slices drained,1
bottle lemon juice concentrate,1
irish steel cut oat,1
light brown sugar substitute,1
full cut round steak,1
mashed blackberry,1
fluid ounce jigger beer,1
fluid ounce frangelico hazelnut liqueur,1
fluid ounce chocolate vodka,1
chocolate shavings for garnish,1
zucchini and spiralized,1
milk chocolate candy kisses with almond,1
garlic bechamel,1
cran raspberry juice,1
tomatoes juice of,1
dutch processed cocoa powder,1
splash peppermint schnapp,1
fluid ounce fat free half and half,1
orange zest for garnish,1
caper sauce,1
chilled lemon juice,1
root beer concentrate,1
quarts brewed coffee room temperature,1
fluid ounce raspberry wine,1
panamanian cilantro,1
marshmallow topping such as smucker s,1
shot cold espresso,1
shots brewed espresso,1
fluid ounce can frozen white grape peach juice concentrate,1
fluid ounce can frozen white grape raspberry juice concentrate,1
meyer lemons juiced,1
fluid ounce espresso coffee,1
fluid ounce vodka such as grey goose,1
commercial sour cream,1
dark prepared mustard,1
brown miso,1
white extra sharp cheddar cheese,1
top cake layer,1
low sugar raspberry preserve,1
duck eggs separated,1
chicken egg,1
swiss chard thawed if frozen,1
gluten free baking and pancake mix such as pamela s,1
farro perlato,1
inch non stick skillet,1
loaf cut bread,1
fluid ounce can evaporated milk heated,1
scoops vanilla flavored whey protein powder,1
hot brewed dark roast coffee,1
three cheese blend such as kraft parmesan romano and asiago blend,1
enchilada sauce such as old el paso,1
spinach in inch piece,1
portobello mushrooms stem and ribs removed cut into inch piece,1
loaf texas toast bread cut into inch cube,1
very eggnog,1
red beet and,1
brioche about inch,1
blueberry yogurt,1
cheddar cheese such as sargento state cheddar cheese,1
maple syrup warmed,1
mexican seasoning,1
wheat free baking powder,1
mexican style chile powder,1
loaf hawaiian sweet bread thickly,1
gingerbread spice see recipe below,1
gingerbread spice,1
dry pack sun tomato,1
lemon zest just the yellow part of the skin,1
ham cube,1
grain bread cut into cube,1
pint buttermilk shaken vigorously,1
vanilla flavored soy milk such as silk,1
cacao butter,1
modified tapioca starch,1
mixed berries and fruit,1
inch slices french bread cut diagonally,1
maple syrup plus more for serving,1
precooked breakfast sausage patty,1
dry buttermilk pancake mix,1
whole wheat country bread,1
coconut juice blend,1
cherry tomatoes quartered and seeded,1
wild strawberry sugar free gelatin,1
by inch piece ginger,1
fluid ounces cherry vodka such as uv red,1
fluid ounces whiskey such as black velvet,1
pints coffee ice cream,1
quarts eggnog chilled,1
loaf dry french bread broken into piece,1
inch ham slice coarsely,1
pancake mix such as hungry jack buttermilk,1
galbani mozzarella fresca,1
bottle grapefruit flavored soda such as fresca chilled,1
cinnamon topping,1
cream cheese topping,1
low joule gelatin,1
graham flour,1
wyler s chicken bouillon cube,1
spaghetti squash lengthwise,1
thawed and drained frozen spinach,1
quart prepared lemonade,1
sausage roll,1
almond milk such as silk,1
granola such as back to nature,1
slices dry brioche bread,1
prepared pie pastry at room temperature,1
oatnut bread,1
sugar for dusting,1
extra tofu drained and into chunk,1
square semisweet chocolate chip,1
lamb piece,1
cocoa powder such as hershey s,1
lamb pluck,1
gluten free baking mix such as arrowhead mill,1
trenette pasta noodle,1
tofu drained and crumbled,1
red velvet food coloring such as lorann professional kitchen red velvet bakery emulsion,1
goose breast half,1
chicken seasoning such as mccormick grill mates montreal chicken,1
pork butt shank steak,1
red grapefruit widthwise,1
scotch bonnet chile pepper or to taste,1
fluid ounce orgeat almond syrup,1
melted shortening cooled,1
refrigerated biscuits separated and cut into quarter,1
active dry yeast such as fleischmann s rapidrise,1
cheddar cheese such as sargento chef blends state cheddar cheese,1
wheat all purpose flour,1
refrigerated biscuits such as pillsbury,1
lard softened,1
all purpose flour plus more for rolling,1
lukewarm apple juice,1
refrigerated cinnamon rolls with icing,1
mashed sweet potato yam,1
pecans plus more for topping,1
demerara sugar for topping,1
strudel,1
bag frozen dark cherry,1
canned plum,1
scalded whole milk,1
planter s fancy cashew,1
lapsang souchong tea leaf,1
red wine vinegar salad dressing,1
chayotes and cut in half,1
banana puree,1
red potatoes about ounces each,1
vanilla flavored whey protein powder,1
date pitted,1
salt substitute such as no salt,1
banana thickly frozen,1
mangoes cut into cube,1
leftover pizza cut into inch square,1
chai tea powder,1
raisin nut bran cereal,1
envelopes dry yeast,1
almond cake and pastry filling not almond paste,1
dyed hard easter egg,1
additional white sugar for sprinkling,1
apple cored and seeded,1
coarse salt such as himalayan,1
leaf kale leaf,1
frozen spinach thawed and squeezed thoroughly to remove liquid,1
scallions with some green top,1
blueberry syrup such as stonewall kitchen wild maine,1
frozen blueberries thawed drained,1
pear cored and cut into chunk,1
seasoned stuffing mix,1
bottles honey barbeque sauce,1
fl oz bottle balsamic vinaigrette,1
beef bouillon paste,1
scoops ice cream such as market pantry vanilla bean,1
shortcake shell,1
horseradish cheddar cheese,1
rosemary sprigs stripped and,1
inch ring bell pepper,1
crumbled feta cheese can use reduced fat,1
yellow sharp cheddar cheese,1
slivered shelled pistachio,1
white marzipan cornflour,1
apple cider syrup,1
vegetarian burger patties such as gardenburger thawed and crumbled,1
bread torn in piece,1
pickled picante peppers such as trader joe s peri peri peppadrop,1
silken tofu cut into cube,1
lime sorbet,1
frozen mini pastry shells thawed,1
almond coconut milk,1
nondairy amaretto flavored creamer,1
frozen acai berry pulp,1
room temperature eggs lightly beaten,1
slice sweet onion,1
ketchup such as hunt s,1
bite size frosted wheat cereal,1
broken pecan,1
prepared horseradish drained,1
pink sparkling wine,1
stone white cake flour,1
frozen banana broken into chunk,1
lemon ice cream,1
oats to flour,1
pumpkin pie spice such as trader joe s,1
coconut milk well shaken,1
whey protein,1
almond soy,1
assorted berry,1
assorted nut,1
cheesy smoked sausage ring,1
pear halves cut lengthwise into slice,1
gallon size tea bag,1
bologna such as bryan,1
baking powder such as rumford,1
multigrain hot cereal,1
sage pork sausage such as jimmy dean,1
tofutti sour supreme flavor,1
envelopes hot cocoa mix,1
sesame tahini,1
pomegranates juice of,1
canned fat free refried bean,1
banana broken into piece,1
unsweetened almond butter,1
head cauliflower broken into piece,1
cinnamon such as mccormick saigon cinnamon,1
seasoning blend such as vegeta,1
cookie ingredient,1
frozen unsweetened red raspberry,1
beet and cut into quarter,1
bananas cut diagonally into inch slice,1
seasoning sauce such as maggi,1
cantaloupe melon,1
lemon lime soda pop,1
sorghum flour such as bob s red mill sweet white sorghum flour,1
pear cored,1
spears asparagus and,1
stale cinnamon roll,1
cinnamon roll dough with cream cheese frosting,1
sprinkle sauce,1
jalapeno yogurt cheese,1
guacamole for topping,1
inch pieces broccoli floret,1
marinated olive,1
crumbled sheep s milk feta cheese,1
apple maple sauce,1
low fat plain unsweetened kefir,1
stick low fat string cheese,1
powdered lemonade mix such as country time,1
pink rajma bean,1
crumbs from graham cracker crust,1
zucchini to inch,1
egg substitute with yolk,1
quick quaker oat,1
spears asparagus cut in half,1
slices inch french bread,1
cinnamon bread such as pepperidge farm,1
mini inch pizza crusts such as boboli,1
slices egg bread,1
pumpkin mush,1
oak grove smoke house gumbo base mix,1
hot whole milk,1
peaches and cream flavor instant oatmeal,1
low fat greek yogurt,1
blackberries cut in half,1
food color,1
pumpkin beer,1
leftover pizza,1
parmesan flavor soy cheese,1
instant white chocolate flavored coffee mix powder,1
jamaica ginger,1
crumbled greek feta,1
stale beer room temperature,1
bananas inch,1
cinnamon swirl filling,1
red smoothie,1
jam any flavor,1
loaf challah bread inch,1
plain bagels split,1
prepared sausage gravy,1
bunches swiss chard stems and leaves separated,1
banana slightly mashed,1
frozen banana chunk,1
blueberry syrup,1
strata,1
green apple cut into cube,1
bulk spicy breakfast sausage,1
freshly flax seed meal,1
blue plum,1
hot pepper sauce e g texas pete s,1
pancake mix such as krusteaz,1
sweet cream butter,1
double strength imitation vanilla extract such as goodman s route,1
almond extract such as watkins almond extract,1
slices slightly stale texas toast,1
mango slices cut into cube,1
original unsweetened almond breeze almondmilk coconutmilk blend,1
salsa such as que pasa,1
drained whole kernel corn,1
peanut butter sauce,1
any flavor of flavored syrup,1
yellow squash end,1
blueberry bagel split,1
fluid ounces coconut water chilled,1
pastry for an inch pie crust,1
courgette zucchini,1
raisin granola,1
granulated erythritol sweetener such as swerve,1
green seedless grape cluster,1
coconut yogurt,1
frozen berries marionberries raspberries and blueberry,1
nido milk,1
blackberry sauce,1
soy sausages cut into cube,1
apricots and pitted,1
recipe hollandaise sauce,1
hot chocolate mix such as starbuck,1
high gluten flour,1
tapioca flour plus more for dusting,1
tube refrigerated biscuit dough separated and cut into quarter,1
rice flour for bread form banneton,1
mashed potato layer,1
canned garbanzo beans drained and cup liquid reserved,1
pumpkin gut,1
extra sugar and cinnamon to sprinkle,1
milk for brushing,1
inch banneton proofing basket,1
grams bread flour,1
non flavored soda water,1
grams kosher salt,1
grams water,1
grams sourdough starter,1
banana bread,1
flat lager style beer,1
grain cereal,1
cheddar style soy cheese,1
sirloin steak strip,1
red green yellow and or orange bell peppers any combination,1
wheat bread crumbled,1
cheddar style vegan cheese such as follow your heart,1
white oriental radishe,1
eggplants and crosswise inch,1
casbah quinoa,1
europe s best asparagu,1
baguette cut into sub size portions and then open lengthwise,1
hot dogs in half the long way,1
tofu plain,1
meatless turkey flavored deli slices such as tofurky,1
red swiss chard stems and leaves coarsely,1
giblet gravy,1
yam quartered and,1
garlic and onion seasoning,1
pureed banana,1
miniature milk chocolate chip,1
refrigerated biscuit dough separated and cut into six piece,1
strawberry or any flavor jam,1
sweetened pineapple,1
packaged tortilla bowl,1
refrigerated biscuit dough separated and cut into half circle,1
meatless breakfast patties and crumbled,1
brown bread crumbled,1
chocolate covered crispy peanut butter candy,1
naturally flavored strawberry yogurt,1
plain instant oatmeal,1
muesli cereal,1
dry active yeast such as fleischmann s rapidrise yeast,1
hot brewed coffee secret ingredient,1
wide mouth canning jars with lids and ring,1
non fat vanilla flavored greek style yogurt,1
instant whole grain hot cereal such as coach s oat,1
tapioca starch such as bob s red mill,1
frozen dinner roll dough thawed,1
very nectarine pitted and,1
hachiya persimmon pulp,1
vanilla soy yogurt,1
cold nonfat greek yogurt,1
cold seltzer,1
stevia sugar substitute,1
eggs dyed if desired,1
lemon drizzle,1
mcintosh apples and coarsely,1
focaccia dough,1
envelope rapid rise yeast,1
streusel nut topping,1
frozen kale thawed,1
multigrain flour,1
canned cream corn,1
black chickpeas garbanzo bean,1
german rye bread,1
empanada pastry disc,1
coarse sea salt and black pepper to taste,1
warm rice wine vinegar,1
crusty sandwich rolls split and,1
banana lengthwise and into half round,1
slices brioche,1
whole artichokes top inch and stems removed,1
zucchini and cut lengthwise into long strip,1
artisan style whole wheat bread,1
garlic and onion pasta sauce,1
recipe potato cheese filling,1
recipe sauerkraut filling or,1
reduced fat pepperoni,1
jones dairy farm canadian bacon,1
campari tomato,1
honey wheat tortilla,1
hot chili sauce such as sambal,1
yuba tofu skins cut into inch wide strip,1
box red beans rice mix such as zatarain,1
japanese eggplant cut into inch slice,1
frozen green bell peppers and onion,1
pizza dough at room temperature,1
loaf frozen white bread dough thawed,1
leaves green chard stems and leaf,1
focaccia bread cut in half horizontally,1
vegan no beef bouillon,1
miniature salad tomato,1
whole jeera,1
links sweet italian pork sausage,1
bulbs fennel and cut into inch piece,1
mango chutney such as patak s,1
veal scaloppini,1
methi vegetable,1
onion and garlic flavored crouton,1
spicy tomato sauce such as diavolo,1
drained artichoke heart,1
unpeeled purple eggplant and cut into inch slice,1
vegetarian chicken flavored gravy mix,1
cashews for garnish,1
goose breast half cut into inch slice,1
prepared polenta,1
loaf french bread lengthwise and into inch slice,1
isolated protein powder,1
agar agar powder,1
envelope dry tomato soup mix,1
unsliced bologna,1
rainbow quinoa,1
multi colored bell pepper,1
spicy ranch style seasoning mix,1
inch slices green tomato,1
loaves french baguette,1
prepared marinara sauce such as de cecco,1
seitan cut into pound hand size slice,1
bottles tomato based chili sauce such as heinz,1
bags frozen cocktail size meatball,1
balls mozzarella cheese,1
red bell pepper slice,1
whole wheat tortillas torn into inch piece,1
curry paste to taste,1
chili without beans such as wolf brand,1
boxed falafel mix,1
fat free half and half or milk,1
tart cherries drained,1
tofu into even piece,1
cooking broth,1
tofu frozen until,1
frozen pierogies thawed,1
spent grain,1
cream cheese dip,1
vegetable oil for cooking,1
white cornbread mix,1
multi grain hot cereal with flaxseed such as hodgson mill multi grain with flaxseed hot cereal,1
instant corn flour,1
unsifted confectioners sugar,1
wild cranberry juice,1
eggs at room temperature beaten,1
pomegranate spread,1
cream style white corn,1
sheet puff pastry thawed and rolled out into a x inch square,1
canned sweet cherries drained,1
powdered stevia baking blend,1
unpasteurized manuka honey,1
warm buttermilk to degrees f,1
tiny pinch pumpkin pie spice,1
orange oil,1
milk yogurt,1
coconut palm sugar plus more for sprinkling,1
cashew flour,1
fluid ounce liquid stevia,1
reduced fat vanilla yogurt,1
frozen bread rolls such as bridgford thawed and cut into piece,1
pepperoni and quartered,1
light plain cream cheese,1
almond breeze unsweetened original,1
plain yogurt room temperature,1
nigella seeds kalonji,1
bitter chocolate,1
marinated red bell pepper,1
white lily all purpose wheat flour,1
gluten free multi purpose flour such as mixoflour,1
bottles beer,1
buttermilk biscuit dough cut into quarter,1
tuna oil reserved from canned white tuna,1
sweetened plain soy milk,1
pitted and quartered sweet cherry,1
flaked kosher salt,1
aluminum free baking powder,1
pureed cantaloupe,1
apple cranberry relish,1
pumpkin waffle,1
fat free greek yogurt such as fage,1
king arthur coconut flour sifted after measuring,1
blueberries thoroughly dry,1
baking powder such as magic,1
cheddar cheese such as kraft double cheddar,1
gluten free all purpose flour such as better batter,1
bananas pureed,1
granulated sugar for sprinkling,1
low calorie soy sauce,1
light rye flour such as bob s red mill,1
vanilla ice cream melted,1
gluten free baking mix such as bob s red mill grain pancake mix,1
crunchy almond butter,1
bran cereal such as fiber one,1
malitol brown sugar substitute such as sugar twin,1
cook and serve butterscotch pudding mix such as jell o,1
frozen unsalted butter,1
bottled non chlorinated water,1
raisins or currant,1
light irish cream liqueur,1
sugar pumpkin seeded,1
eggs in the shell dyed if desired,1
banana slices for garnish,1
apple slices for garnish,1
vegan margarine softened,1
lemon flavor yogurt,1
golden beets greenery removed,1
palm shortening,1
peach cut into cube,1
shortening for greasing,1
milk warmed to degrees f degrees c,1
brushing,1
bran cereal with raisin,1
brown sugar for topping,1
skim milk luke warm,1
dry cornbread corn muffin mix,1
skinned orange cut into eighths and seeded,1
pan cornbread,1
melted butter or as needed,1
warm buttermilk no more than degrees f degrees c,1
warm tomato juice,1
no stick cooking spray,1
quick rising yeast such as fleischmann s rapidrise,1
white lily enriched bleached self rising flour,1
crosse,1
brown sugar substitute such as splenda,1
very mashed banana,1
hershey s hugs chocolates melted,1
hershey s cinnamon chips melted,1
pumpkin and,1
caramel macchiato flavored liquid coffee creamer such as international delight,1
unsifted cake flour,1
room temperature tomato juice,1
buttermilk plus more for glaze,1
demerara sugar for glaze,1
reduced fat bisquick,1
wheat baking mix,1
cinnamon coated raisin,1
peanut butter and milk chocolate chip,1
water degrees f degrees c,1
pitted and cherries including any juice from chopping,1
envelope dry yeast,1
grain spelt flour,1
milk to degrees f,1
very cold unsalted butter,1
cooking spray such as baker s joy,1
cold coconut oil,1
european style low moisture butter at room temperature,1
mashed plantain,1
cinnamon stick freshly,1
water to degrees f,1
lemon breakfast cream,1
very d anjou pear,1
refrigerated biscuit dough such as pillsbury country style,1
gluten free bread flour mix such as bob s red mill,1
room temperature water,1
zucchini excess moisture squeezed out,1
warm orange juice,1
prepared whole wheat pizza dough,1
orange drizzle,1
seven grain cereal,1
bran flakes cereal with raisin,1
raspberries cut into piece,1
quarter sheet baking pan,1
crescenza stracchino cheese,1
gluten free all purpose flour such as tom sawyer,1
infant rice cereal,1
yellow corn meal,1
raisins plumped and drained,1
biscuit mix such as pioneer,1
addition,1
flexible plastic lids for stencil,1
light rye flour,1
bourbon vanilla extract,1
spring water,1
dark chocolate cake mix such as betty crocker super moist,1
candy lava,1
fat free raspberry flavored yogurt,1
clementine and,1
unsweetened almond coconut milk blend,1
artichoke hearts into eighth,1
gallon strawberry ice cream softened,1
store bought pie crust unbaked,1
coconut milk such as silk,1
green apples quartered,1
water tofu drained and rinsed,1
blue curacao liqueur,1
button mushrooms stemmed,1
tart cherry juice such as knudsen,1
chinese hot sauce,1
processed cheese singles such as kraft,1
orange into wedge,1
leaf mint leaf,1
sprigs lavender lightly squeezed,1
red apple cut into inch cube,1
espresso coffee powder,1
fl oz can ginger ale such as canada dry,1
black tea bag such as lipton,1
monarch rum,1
clementine oranges quartered,1
bunches asparagu,1
frozen cherry juice concentrate thawed,1
fluid ounce pear brandy,1
whole berry blackberry preserve,1
fluid ounces chocolate flavored vodka such as cupcake devil s food,1
cinnamon sticks garnish,1
finlandia unsalted butter cold and,1
sour cream cold,1
to apple,1
finlandia unsalted butter,1
italian red wine,1
pints lemon gin,1
fluid ounce jiggers butterscotch schnapp,1
coconut flavoring,1
gallons orange juice,1
curcumae,1
non latex plastic glove,1
pitted tart red cherries drained with liquid reserved,1
splash raspberry flavored liqueur such as chambord,1
fluid ounces raspberry flavored vodka,1
envelope orange flavored fruit drink mix such as kool aid,1
espresso blend coffee,1
fluid ounce jigger chilled lemon lime soda,1
fluid ounce jigger frozen lemonade,1
fluid ounces premium tequila,1
gallon fruit punch,1
salsa casera,1
fluid ounce orange liqueur such as triple sec,1
bottles lemon lime soda,1
gallons orange sherbet,1
snow,1
angel food cakes in half horizontally,1
frozen strawberries such as dole thawed,1
apple and cut into very piece,1
fluid ounce white tequila,1
fluid ounce sugar syrup,1
vegan mayonnaise such as follow your heart vegenaise,1
fluid ounces heavy cream chilled,1
fluid ounce orange liqueur such as grand marnier,1
fluid ounces orange pekoe tea,1
peach halves undrained,1
watermelon coarsely,1
sweetened coffee creamer,1
pureed beet,1
fluid ounces bitter orange aperitif such as campari,1
coarsely gruyere cheese,1
parsnips and thickly,1
bottle rum dark,1
goya green pickled jalapeno nacho slice,1
frozen white bread dough thawed,1
fluid ounces lemon lime soda such as sprite,1
pint sloe gin,1
fluid ounces citrus flavored energy drink e g red bull,1
instant swiss style hot chocolate mix,1
goya chili powder,1
goya whole kernel corn drained,1
fluid ounce jigger berry flavored vodka such as new amsterdam red berry,1
goya black beans drained and rinsed,1
fluid ounces pimm s no gin based liqueur,1
low fat frozen whipped topping such as cool whip lite thawed,1
instant banana cream pudding mix,1
frozen pound cake thawed and cut into cube,1
ghost chile pepper,1
oil based creme de menthe candy flavoring,1
unsweetened instant tea powder,1
salsa ranchera such as herdez,1
fluid ounce butterscotch schnapps such as dekuyper buttershot,1
taco seasoning mix such as taco bell,1
fluid ounces mango nectar chilled,1
fluid ounces vodka such as burnett s,1
fluid ounce orange juice chilled,1
fluid ounces amaretto,1
fluid ounce cucumber flavored syrup,1
fluid ounce jigger vodka such as devotion,1
melon flavored schnapp,1
olive juice,1
pickled red pepper such as peppadew,1
spears pickled asparagu,1
strawberries cut into inch slice,1
bottles chilled rose wine such as white zinfandel,1
granulated sugar substitute such as splenda,1
instant decaffeinated coffee granule,1
canned peach slices drained and,1
bar white chocolate,1
fluid ounce chilled peach schnapp,1
chilled irish cream liqueur such as bailey s,1
splash chilled grenadine syrup,1
fluid ounces southern comfort,1
fluid ounce bottle chilled white cranberry peach juice such as ocean spray white cran peach,1
liter chilled lemon lime soda such as sprite,1
peach juice chilled,1
reduced calorie cranberry juice,1
drained and rinsed canned cannellini bean,1
bun length hot dogs such as gwaltney bun sized jumbo frank,1
sturdy bamboo skewer,1
quarts skim milk,1
and tomatoes with liquid,1
fluid ounce malibu rum,1
green tomato pulp,1
fluid ounce jigger lime flavored syrup,1
fruit flavored jell o mix any flavor,1
fluid ounce passion fruit flavored syrup,1
fluid ounce watermelon flavored syrup,1
mexican chocolate drink tablets cut into quarter,1
fluid ounce jiggers irish cream liqueur,1
fine himalayan pink salt,1
calcium magnesium powder,1
freshly squeezed orange juice strained,1
seeded and zucchini,1
fluid ounces anise flavored liqueur such as herbsaint,1
fluid ounce anisette liqueur such as sambuca,1
bottle amaretto liqueur,1
strawberries hulled and cored,1
fluid ounce jigger kiwifruit flavored syrup,1
fluid ounce jigger red cinnamon schnapp,1
fluid ounce jiggers irish cream liqueur such as bailey,1
garbanzo bean gravy,1
mint simple syrup,1
sweetened strawberry lemonade drink mix,1
citrus flavored soda such as squirt,1
sangrita mexican style bloody mary mix with orange and lime,1
fluid ounces silver tequila agave,1
fluid ounce jigger lychee liqueur,1
mango mojito,1
sour apple schnapp,1
bottle bourbon whiskey,1
bottle sangria wine,1
bottle sparkling red grape juice,1
shiraz red wine,1
quarts half and half,1
fluid ounce bottle pineapple juice,1
fluid ounces vanilla flavored soy milk such as silk,1
red velvet cake mix,1
hot chocolate powder,1
mashed pear,1
italian plum tomatoes preferably san marzano,1
tequila such as jose cuervo,1
korean style curry powder such as assi mild curry powder,1
fluid ounce pear vodka,1
unprocessed stevia powder,1
fluid ounces lime vodka,1
balsamic vinegar reduction,1
fluid ounce bottle cold tonic water,1
fluid ounces sweet and sour mix such as mr and mrs t s,1
loaf sourdough french bread,1
cucumbers and cut into piece,1
fluid ounce applejack,1
fluid ounce grenadine,1
lemon and cut into piece,1
fluid ounce jigger citrus flavored soda such as fresca,1
dry vermouth such as martini,1
twists lemon peel,1
bottle cranberry juice,1
heads cauliflower cut into piece,1
roasting,1
mints girl scout cooky,1
bunches basil,1
eggplants cut lengthwise into inch slice,1
clear butter flavoring such as wilton,1
bottle mexican beer such as corona,1
banana lengthwise,1
fluid ounces ginger ale such as vernor,1
pickling cucumbers cut into slice,1
fluid ounces bitter,1
fluid ounces puerto rican white rum,1
twists orange zest,1
white chocolate magic shell,1
mozzarella style vegan cheese such as daiya,1
elderberry flower head,1
fluid ounces pale ale,1
fluid ounces stout,1
fluid ounces freshly squeezed tangerine juice,1
bottle grenadine syrup,1
bag of ice,1
yellow squash cut in half lengthwise then into inch slice,1
fluid ounces coconut cream,1
mangos and cut into chunk,1
fluid ounce bottles mexican beer such as corona,1
bottle dry champagne,1
fluid ounce jigger deluxe canadian whiskey,1
jerusalem artichokes scrubbed and inch,1
vanilla flavored powdered creamer,1
pumpkin spice flavored powdered creamer,1
grain bread flour,1
lime and cut into piece,1
fluid ounces chilled lemon lime soda per serving,1
cotton candy,1
cut orange marmalade,1
margarita,1
fluid ounces tequila measure with empty limeade can,1
mission figs stemmed,1
greek yogurt such as chobani,1
miniature pear tomato,1
crumbled blue cheese such as maytag,1
naval oranges and cut into chunk,1
lavender bud,1
oval shaped dill pickle slice,1
low fat eggnog,1
liter ginger ale chilled,1
bottles dry white wine chilled,1
dark roast coffee such as folger,1
liter artificially sweetened citrus soda,1
lime slices cut in half,1
instant cheesecake pudding mix,1
bitters such as fee brother,1
fluid ounces clear whiskey such as kings county distillery moonshine,1
fluid ounce sour mix,1
fluid ounce soda water,1
frozen concentrated fruit punch,1
sea salt such as maldon,1
mushrooms washed and,1
bottle diet lemon lime carbonated beverage,1
splash sweetened lime juice such as rose s,1
coffee at room temperature,1
olive oil vinaigrette dressing,1
peppermint drizzle,1
chocolate drizzle,1
seedless watermelon chilled,1
pineapple instant pudding,1
fluid ounce limoncello,1
golden flax seed,1
fluid ounce sweet italian vermouth,1
fluid ounce proof grain alcohol,1
pickling cucumbers in half lengthwise,1
fluid ounce coconut liqueur,1
prepared strawberry shortcake cup,1
tomatoes in paste,1
fluid ounces peach nectar,1
fluid ounce lemon flavored carbonated beverage,1
twist lime peel,1
pinches saffron,1
fruit flavored hard candy such as jolly rancher,1
fluid ounces sweetened coffee creamer such as international delight,1
liters carbonated water,1
drained and rinsed canned navy bean,1
fluid ounces white zinfandel wine,1
seedless green grapes frozen,1
orange twist,1
fluid ounces rye whiskey such as michter s,1
potato peeling,1
butternut squash peelings and pulp,1
dry wasabi,1
canned chanterelle,1
fluid ounce jiggers dark spiced rum,1
head green cabbage leaves separated,1
calorie reduced mayonnaise,1
wheat sandwich bread,1
pumpkin cut into inch square,1
butter beans lima bean,1
fluid ounce wild cherry brandy,1
lemon washed and,1
fluid ounce jigger grapefruit vodka such as absolut ruby red,1
carbonated sparkling water,1
pineapple pie filling,1
fluid ounce jigger light rum,1
artichoke hearts drained and cut into fourth,1
quarts vinegar,1
quarts prepared lemonade,1
pilsner style beer,1
fluid ounces ruby red grapefruit juice,1
nottingham dry yeast,1
bottle proof grain alcohol such as everclear,1
fluid ounces watermelon vodka,1
cored and red tomato,1
chocolate kiss candy,1
cored and green tomato,1
spicy flavored tempeh coarsely,1
fluid ounces southern comfort liqueur,1
stemmed and cilantro leaf,1
twist lime,1
queso quesadilla white mexican cheese,1
citron vodka,1
pear vodka,1
cranberry raspberry juice blend,1
banana peppers inches long,1
bottle mexican beer,1
fluid ounce jigger full flavored gin such as tanqueray,1
irish breakfast tea bag,1
mixed pickling spice,1
refrigerated biscuit dough such as pillsbury grands jr,1
fluid ounce jiggers dry gin,1
fluid ounce jigger dry vermouth,1
anise flavored liqueur such as sambucca,1
fluid ounce jigger green chartreuse,1
sloe gin,1
fluid ounce cans unsweetened pineapple juice,1
splash lemon lime soda such as up,1
marshmallow ice cream topping such as smucker s,1
links sausage,1
fluid ounce jigger chocolate vodka,1
fluid ounce jigger cinnamon whiskey such as fireball,1
tofunaise,1
fluid ounces limon flavored rum,1
wedge orange for garnish,1
fluid ounce jigger sour mix,1
fluid ounce jigger melon liqueur such as midori,1
fluid ounce jigger good quality silver tequila,1
vodka such as absolut,1
frozen peach chunk,1
orange soda,1
orange seeds removed,1
twist orange zest,1
fluid ounce jigger chambord raspberry liqueur,1
fluid ounce lemon lime flavored carbonated beverage,1
fluid ounce jigger strawberry vodka,1
avocado and cut into inch slice,1
banana and frozen,1
chocolate shell,1
bottle gold barbados rum such as mount gay,1
fluid ounce vanilla flavored vodka such as stoli,1
zucchinis lengthwise and seeded,1
tomatoes and green chiles such as ro tel mexican lime cilantro,1
sour cream seasoning mix such as old el paso zesty sour cream seasoning mix,1
garnish corn chips and tomato,1
fluid ounces premium vodka,1
fluid ounce pickle juice,1
inch slices french bread cut into cube,1
fluid ounce jigger vanilla schnapp,1
coconut flavored sparkling water such as la croix,1
fluid ounces diet cranberry juice drink such as ocean spray,1
sage brown butter,1
quart orange sherbet softened,1
orange flavored drink such as sunnyd,1
ciabatta bread cut into cube,1
hot fudge ice cream topping,1
fluid ounce bottles raspberry cream soda chilled,1
gai lan chinese broccoli,1
stone horseradish mustard,1
box vanilla cake mix,1
refrigerated biscuit dough separated and cut into third,1
coarse salt for rim of mug,1
fluid ounces seltzer water,1
butterscotch ice cream topping,1
granulated lime zest,1
fluid ounce can frozen concentrated raspberry juice,1
ghost pepper hot sauce,1
sriracha sauce such as huy fong food,1
bananas thickly,1
fluid ounce raspberry schnapp,1
marshmallow ghosts such as peep,1
hot chocolate mix,1
fluid ounce jiggers premium tequila,1
fluid ounce jigger orange liqueur,1
fluid ounce jigger sweetened lime juice,1
fluid ounces beer such as miller high life,1
fluid ounces cola flavored carbonated beverage such as coca cola,1
fluid ounces liquid fruit pectin,1
almond breeze coconutmilk almondmilk original unsweetened,1
meyer lemon juiced and,1
fluid ounces spiced rum such as kraken,1
fluid ounce freshly squeezed orange juice,1
fluid ounce white rum such as captain morgan,1
fluid ounce dark rum such as myers s,1
fluid ounce hibiscus syrup,1
fluid ounce almond orgeat syrup such as torani,1
black beans drained and liquid reserved,1
fluid ounces reduced calorie cranberry juice cocktail,1
fluid ounces reduced calorie lemonade,1
tomatoes for chili,1
lime garnish,1
fluid ounces lemon flavored rum,1
fluid ounce can frozen limeade concentrate such as minute maid,1
fluid ounce russian vodka,1
lillet blanc,1
mock buttermilk,1
fluid ounces concord grape juice,1
fat from turkey dripping,1
liquid from turkey dripping,1
stemmed and coarsely fig,1
pouches liquid pectin such as certo,1
fluid ounce amaretto almond flavored liqueur,1
fluid ounce jiggers reposado tequila such as jose cuervo gold,1
food squash,1
envelopes unsweetened drink mix any flavor such as kool aid,1
cranberry juice such as ocean spray,1
vanilla flavored vodka such as svedka,1
fluid ounce bottle cranberry raspberry juice,1
fluid ounce cinnamon schnapps i e goldschlager,1
red cinnamon candy,1
fully luncheon meat teriyaki flavor such as spam teriyaki,1
garlic sea salt such as morton s,1
hard cider such as woodchuck amber,1
fluid ounces dry gin,1
fluid ounces tequila such as sauza,1
pepper jack,1
bottle sauvignon blanc such as barefoot,1
sprigs parsley leaf,1
navel orange zested,1
instant cocoa,1
green tomatoes cored and cut into chunk,1
salt scant,1
haeo,1
fluid ounce jigger fruit flavored rum liqueur,1
dragon fruit and,1
cherry flavored cranberry,1
unsweetened rice milk,1
scoops vanilla ice cream slightly softened,1
banana and lengthwise into quarter,1
dulce de leche milk caramel spread,1
red grapefruit drained,1
leftover creamed spinach,1
raspberry chia jam,1
chia pudding,1
pickling cucumbers seeded and,1
orange gel food coloring,1
prepared fluffy white frosting,1
fruit pectin such as sure jell,1
prickly pears cactus fruit,1
loose green tea,1
scoops sugar free vanilla ice cream,1
gevalia cold brew concentrate any flavor,1
olive for garnish,1
low salt worcestershire sauce,1
fluid ounce jigger amaretto almond flavored liqueur,1
top sirloin rib eye,1
head cauliflower cut into florets and,1
and russet potato,1
fluid ounce bottle of red food coloring,1
fluid ounce jigger southern comfort liqueur,1
blended scotch whiskey,1
inch pickling cucumber,1
quart canning jar with lid and ring,1
fluid ounces sparkling white wine,1
fluid ounce jigger strawberry liqueur,1
fluid ounce can frozen limeade concentrate such as minute maid thawed,1
fluid ounce cans cold water,1
fluid ounce can tequila such as cuervo especial,1
spear of cucumber,1
fluid ounces cucumber water see footnote for recipe,1
fluid ounces jalapeno infused simple syrup see footnote for recipe,1
citrus flavored soda such as fresca,1
tequila such as sauza blue agave,1
fluid ounce jiggers melon liqueur,1
apple flavored syrup,1
chocolate ice cream slightly softened,1
bottles strawberry flavored soda,1
frozen tropical fruit medley,1
fluid ounces london dry gin,1
fluid ounce red wine,1
fluid ounce jigger gold tequila,1
chili without beans such as wolf,1
orange flavored gelatin mix such as jell o,1
italian cheese blend parmesan,1
green peas with liquid,1
bottles cabernet sauvignon,1
maraschino cherry with juice,1
fluid ounces raspberry flavored liqueur,1
lemon quartered and,1
bottle sparkling white wine chilled,1
junior food carrot,1
fluid ounce absinthe based bitter,1
fluid ounces high proof bourbon such as baker s,1
fluid ounces cabernet sauvignon wine,1
splash cranberry juice,1
splash raspberry schnapp,1
dry sherry such as fino,1
raspberries and or blackberries for garnish,1
fluid ounce apricot brandy,1
butter such as land o lake,1
fluid ounce can evaporated milk such as pet,1
pie shells thawed,1
fluid ounce can brandy based orange liqueur such as grand marnier,1
amish friendship starter,1
salted whole cashew,1
dry ice chunk,1
fluid ounces agave nectar,1
fluid ounce jigger raspberry flavored liqueur such as chambord,1
fluid ounce jiggers milk,1
liters lemon lime soda,1
compote,1
quarts sweet corn kernel,1
frozen melon ball,1
fluid ounce root beer schnapp,1
fl oz cartons pineapple orange banana juice,1
bottle coconut flavored rum such as malibu,1
fluid ounce cans seltzer water,1
plastic eyeballs from party store,1
glass bowl fits inside cauldron,1
several ice cube tray,1
tequila such as patron,1
fluid ounce creme de cassis liqueur,1
bag microwave popcorn,1
savory cereal snack mix such as bits bite,1
fluid ounce jigger blackberry brandy,1
bartlett pears and cored,1
d anjou pears and cored,1
red pear and cored,1
rhubarb and,1
fl oz can almond fruit flavored soda such as dr pepper,1
gallon distilled water,1
fluid ounce can seltzer water,1
maple liqueur,1
zucchini frozen,1
flesh of avocado,1
powdered gelatin such as knox,1
canned mango pulp,1
eggs such as eggland s best,1
sourdough bread cut into inch cube,1
olive marinade from the jar,1
vanilla flavored cultured coconut milk,1
tomatoes stems removed,1
salmon salad,1
pearlized sprinkle,1
box yellow cake mix such as betty crocker,1
strawberry topping,1
pouch whipped cream stabilizer such as dr oetker whip it,1
coarse sugar,1
gallons vodka,1
chilled sparkling wine,1
chilled cream soda,1
pink champagne such as andre,1
fluid ounce pumpkin pie flavored syrup such as monin,1
envelope instant hot cocoa mix such as swiss miss,1
fluid ounce jiggers southern comfort,1
bottles dry white wine such as pinot grigio,1
marinated pitted kalamata olive,1
fluid ounce apricot liqueur,1
fluid ounce orange bitter,1
fluid ounce bottles cranberry raspberry juice,1
fluid ounce bottle pina colada mix,1
liters raspberry ginger ale soda,1
peaches and pitted with skins on,1
fluid ounce jigger vodka such as skyy,1
limes rind removed,1
fluid ounces sweetened cream of coconut such as coco lopez,1
fluid ounce jiggers white rum such as bacardi,1
fluid ounces vanilla schnapp,1
hot strongly brewed coffee,1
fluid ounces bing cherry infused cruzan light rum,1
heaping bar spoons powdered sugar,1
slice oz watermelon,1
chicken style seitan cut horizontally into inch strip,1
cinnamon flavoring,1
fluid ounces light coconut milk,1
brandewijn,1
fluid ounces cream of coconut such as coco lopez,1
jasmine green tea,1
bottle whiskey,1
bottles sparkling apple cider,1
fluid ounces rice milk,1
butter no substitute,1
fluid ounces espresso coffee,1
honey glazed almond,1
low sodium peanut butter,1
bottle ginger ale such as canada dry,1
twist lemon,1
fluid ounces syrup from a can of mandarin orange,1
fluid ounce mandarin vodka,1
hard eggs lengthwise with yolks and whites separated,1
hot yellow pepper sauce,1
egg replacer,1
cantonese roast pork,1
granny smith apples or other crisp apples quartered cored and inch,1
macintosh apples or other textured apples that fall apart when quartered cored and inch,1
finlandia unsalted butter melted,1
finlandia vanilla bean creamy gourmet cheese,1
filets of sea bass,1
fluid ounces pomegranate grape juice cocktail,1
fluid ounce root beer flavored schnapp,1
fluid ounces dry vermouth,1
bitters such as peychaud s bitter,1
fluid ounce bottle cranberry juice cocktail chilled,1
instant jello lemon pudding mix,1
chickpeas garbanzo beans rinsed,1
splenda or sugar,1
gingerbread flavored syrup,1
fluid ounces eggnog,1
whisky,1
banana into piece,1
fluid ounce ginger liqueur,1
fluid ounces pear juice,1
cutlets halibut,1
salt plus more as needed,1
mini muffin liner,1
pork gravy mix,1
ginger gently,1
giant italian ladyfinger,1
whole black cardamom seed,1
fluid ounce lemon rum,1
inch slice of lemon,1
bags microwave popcorn popped,1
pumpkin puree frozen into ball,1
vanilla flavored almond milk such as silk,1
fluid ounce can frozen concentrated grapefruit juice,1
cutlets monkfish,1
spice plum sauce,1
quart mason jar,1
persimmon flesh cut into chunk,1
persimmon skin,1
fruit flavored rum liqueur,1
regular coffee powder,1
flat bottomed wafer ice cream cones in assorted color,1
fluid ounce kirschwasser,1
gluten free all purpose baking flour such as pillsbury,1
cookies and cream ice cream,1
chocolate wafer cookie crumbled,1
proof rum such as bacardi,1
wet cat food,1
catnip,1
fluid ounce bottle lager beer such as sam adams winter,1
fluid ounce peach flavored bourbon liqueur such as southern comfort,1
fluid ounce lemon lime soda such as sprite,1
whiskey preferably crown royal,1
paper lollipop stick,1
vegetable broth such as knorr touch of taste,1
fluid ounces beef demi glace,1
beet wedge,1
chilled goat cheese,1
cultured coconut milk,1
x inch block of styrofoam,1
pouch liquid fruit pectin,1
fluid ounces sweetened lime juice,1
fluid ounce apple jack,1
fluid ounces vodka such as tito s,1
fluid ounces chilled rose wine,1
fluid ounce chilled lemon lime soda,1
coffee flavored low fat yogurt,1
fluid ounces pumpkin ale,1
pitted and black olive,1
grapefruit cut into quarter,1
juicy orange cut into quarter,1
lime cut into quarter,1
pint raspberry sorbet,1
fluid ounce cola flavored carbonated beverage,1
bottle lemon lime soda such as up,1
cold peach flavored tea,1
old fashioned rolled oats such as bob s red mill gluten free oat,1
paleo mayonnaise,1
fluid ounces canned coconut milk,1
dark chocolate into piece,1
gallon low sodium vegetable broth,1
apple slice for garnish,1
liters ginger ale soda,1
assorted herb leaf,1
vanilla bean lengthwise and seeds scraped out,1
limeade prepared from concentrate,1
green gingerroot,1
fluid ounces chocolate syrup,1
orange slice candy cut into pieces to resemble a carrot,1
aku,1
gourmet wine vinegar,1
fluid ounce jigger scotch whiskey,1
splashes club soda,1
earl grey tea leaf,1
fluid ounce jigger lemon juice,1
fluid ounce can grapefruit juice,1
regular size tea bag,1
peppermint tea bag,1
key lime flavored greek yogurt,1
fluid ounce jigger rum based coffee liqueur e g tia maria,1
inch x inch strips horseradish root,1
bag white almond bark cut into chunk,1
round candies for decoration,1
wheat bran cereal such as kellogg s all bran,1
low sodium canned chicken broth,1
scoops chocolate ice cream such as nestle real dairy,1
damson,1
quart filtered water,1
semi plantain cut into inch piece,1
warmed pita bread rounds cut in half,1
unsalted cashews such as stock barrel,1
leek cut lengthwise washed and,1
marshmallow fluff such as fluff,1
red and white jelly bean,1
fluid ounces whipped cream flavored vodka such as pinnacle,1
white jelly bean,1
frozen lemonade concentrate such as minute maid,1
french vanilla flavored powdered coffee creamer,1
seedless sultana raisin,1
fluid ounces melon liqueur such as midori,1
creole seasoning such as emeril s bayou blast,1
loaves multigrain bread,1
brioche torn into inch piece,1
instant orange drink mix,1
hazelnut flavored syrup for beverage,1
fluid ounce prickly pear syrup,1
milk or as needed,1
cranberry raspberry juice,1
granny smith apple cored and into wedge,1
custard base,1
fluid ounces chocolate liqueur such as godiva,1
tropical green tea bag,1
plain roll,1
fluid ounce white creme de menthe,1
brownberry herb stuffing mix,1
cocktail skewer,1
miniature marshmallows lightly,1
fluid ounces frozen limeade concentrate thawed,1
twists lime zest garnish,1
sterilized canning jar with lid and ring,1
multi colored shell macaroni,1
vegetarian pizza sauce,1
fluid ounces lime rum,1
beans in chili seasoned sauce,1
lemon sherbet softened,1
powdered gelatin,1
loose leaf jasmine green tea,1
pineapple orange juice,1
lemon drop candies such as brach s,1
white apple cider vinegar,1
fluid ounce amaro liqueur such as averno,1
spinach artichoke dip,1
splash red wine vinegar,1
fluid ounce jigger raspberry syrup,1
fluid ounces marshmallow flavored vodka such as smirnoff,1
bunches mint leaf,1
inch slices french bread cut into inch cube,1
lime flavored gelatin mix,1
raspberry rum,1
soy dairy tofu,1
strawberry drink mix such as kool aid,1
gummy candy,1
orange drink,1
fluid ounce can very cold pineapple juice,1
bottle good quality vodka,1
passion fruit flavored syrup,1
pineapple orange banana juice,1
nonfat greek yogurt such as chobani,1
warm pita bread round,1
fluid ounce can grapefruit flavored soda such as squirt,1
tall glass,1
marshmallow cream lava,1
raspberry schnapp,1
frozen strawberry juice concentrate,1
individually wrapped caramels such as hershey s unwrapped,1
low fat silken tofu crumbled,1
brine feta cheese,1
good bread,1
fluid ounce container liquid pectin such as certo,1
royal gala apple,1
unsweetened pineapple in pineapple juice,1
coconut juice,1
sprigs cilantro stems and leaves separated,1
ginger beer,1
fluid ounces tanqueray gin,1
heaping bar spoon powdered sugar,1
half and half coffee creamer,1
fluid ounces beer such as budweiser,1
fluid ounces cinnamon whiskey such as fireball,1
golden dry ginger ale,1
vegetarian hot dogs such as loma linda big frank,1
vegetarian chicken such as frichik,1
sweet and sour cocktail mix,1
fluid ounce jigger limoncello liqueur,1
watermelon schnapp,1
white sugar as needed,1
chocolate chunks such as nestle,1
persimmon pulp pureed,1
quarts gooseberry,1
pear pulp of,1
bottle lime flavored carbonated water such as perrier,1
sweetened condensed milk label removed,1
hill farm sour cream,1
bottles squeezed lemonade,1
fluid ounces hazelnut liqueur such as frangelico,1
sprig mint about leaf,1
sprig lemon verbena about leaf,1
corn cake,1
blackberries into chunk,1
for the strawberry filling,1
fluid ounces gin such as hendrick s,1
fluid ounce elderflower liqueur such as st germain,1
cucumber for garnish,1
fluid ounce jigger puerto rican rum,1
hot sauce such as tapatio,1
other variety quince,1
sheets frozen puff pastry such as pepperidge farm thawed,1
boned skinned salmon fillet,1
milk chocolate topped butter cookies such as le petit ecolier,1
quarts apple juice not from concentrate,1
pint whiskey such as jack daniel s,1
gala apple quartered and,1
navel orange quartered,1
bags microwave popcorn,1
tomatoes with seeds and juice,1
bottle wine,1
garnish seared sea scallop for each bowl of soup,1
fluid ounce creme de menthe liqueur,1
gluten free cornstarch,1
fluid ounces pineapple infused gold barbados rum,1
sargento chefstyle cheddar cheese,1
shallot smear,1
shots brewed espresso chilled,1
heads broccoli florets separated and stem,1
rendered duck,1
pureed carrot,1
spicy mustard such as french s,1
second spray of cooking spray,1
fluid ounce jigger grapefruit juice,1
fluid ounce jiggers sparkling water,1
fluid ounce bottle orange juice,1
eggplant and until,1
spear dill pickle,1
fluid ounces chilled club soda,1
sweet and sour mix such as bone daddy,1
tequila such as cuervo gold,1
vegetarian soy meat crumble,1
tube prepared polenta into piece,1
fluid ounce can frozen juice concentrate,1
orange herbal tea bag,1
melissa leaves lemon balm,1
and bartlett pear,1
scallions and into inch length,1
fluid ounce jigger cake flavored vodka,1
dry champagne,1
fluid ounce whiskey such as crown royal,1
splash lemon lime flavored soda,1
vanilla flavored coconut milk beverage such as silk,1
kiwis and mashed,1
apples unpeeled and,1
sweetened apple and cinnamon flavored cereal,1
watercress rinsed and,1
fluid ounce peach flavored vodka,1
fluid ounce quinquina wine such as bonal gentiane quina,1
fluid ounce carrot juice,1
fluid ounces rye whiskey such as bulleit,1
fluid ounce jiggers citron vodka,1
oriental mustard seed,1
fluid ounce bottle white cranberry juice,1
pitted cherries in syrup thoroughly drained,1
blue berry flavored unsweetened drink mix,1
quart bourbon,1
lemon iced tea mix,1
avocados flesh removed,1
dry unsweetened coconut,1
black date,1
fluid ounce grapefruit flavored vodka,1
short stalks of celery with leaf,1
quarts stemmed concord grape,1
pink himalayan salt,1
pumpkin spice coffee flavored liqueur such as kahlua,1
fluid ounces chocolate milk,1
fluid ounce hot water,1
tomatoes preferably san marzano,1
pinch baking soda,1
quarts cranberry,1
smithfield applewood smoked bacon,1
cooking apples such as granny smith rome,1
single pie crust pastry,1
black mission figs stemmed and,1
ounce jar with lid,1
fluid ounce jigger white rum,1
fluid ounces pomegranate syrup,1
tres leches mixture,1
fluid ounce coffee flavored liqueur such as trader vic s,1
envelope sugar free instant cocoa mix,1
unsweetened coconut flakes such as bob s red mill,1
good quality rye whiskey,1
her ingredient,1
white grape wine,1
his ingredient,1
canned chipotle chiles in adobo,1
fluid ounce bottle cranberry juice chilled,1
fluid ounce jiggers pumpkin flavored liqueur,1
fluid ounce jigger tequila such as jose cuervo,1
envelope low calorie hot cocoa mix,1
grains of paradise lightly cracked,1
bottle good quality vodka such as grey goose chopin,1
firmly torn basil leaf,1
quart whiskey,1
cilantro leaves stems removed,1
oven safe ramekins about inches in diameter,1
fluid ounce apple schnapp,1
fluid ounce apple juice,1
seeded and green tomato,1
ounce canning jars with lids and ring,1
coconut pineapple juice,1
bottle orange flavored vodka,1
mango slice,1
regular marshmallow,1
basil pesto such as classico traditional,1
grape soda,1
cinnamon schnapp,1
fluid ounces dark rum such as captain morgan spiced rum,1
parsnips and cut into inch chunk,1
frozen puff pastry thawed and cut into four inch square,1
yves veggie cuisine beef veggie tender,1
the greek gods traditional plain yogurt,1
boysenberry jam,1
semisweet dark chocolate,1
hibiscus flower,1
simmering broth,1
vegetable bouillon such as the gourmet,1
italian flat leaf parsley leaf,1
fluid ounce chilled ginger ale,1
root beer schnapp,1
strained chicken food,1
cacao seed,1
ice cold vegetable stock,1
fluid ounces orange flavored vodka,1
fluid ounces best quality vodka,1
fluid ounce premium tequila,1
other green loose leafed cabbage,1
sieved avocado pulp,1
grapefruit flavored soda,1
fluid ounce sweetened lime juice such as rose s,1
fluid ounces lukewarm water,1
blue raspberry flavored jell o mix,1
cream soda,1
sour melon liqueur,1
strawberry for garnish,1
sparkler firework,1
bottle chilled mild red wine such as lambrusco,1
fat free plain greek style yogurt such as fage,1
quart jars with lid,1
strawberries coarsely,1
clear plastic ounce cup,1
cherry flavored rum such as bacardi torched cherry,1
black raspberry liqueur,1
fuzzy navel mix,1
frozen pina colada mix,1
bottle mango flavored rum,1
slices crusty bread,1
fluid ounces silver tequila,1
quart rum,1
dark chocolate kisses foil removed,1
fluid ounces proof rum,1
valencia oranges juiced,1
splash lemon lime soda such as sprite,1
deluxe canadian whiskey,1
california chile pepper,1
fluid ounces whiskey such as tullamore dew,1
cardamom pods lightly,1
fluid ounce bottle apple cider,1
inch piece ginger cut into slice,1
inch strips orange peel,1
brewed green tea,1
nondairy whipped topping,1
black cherry flavored fruit drink mix such as kool aid,1
orange flavored fruit drink mix such as kool aid,1
pineapple flavored soda,1
fluid ounces cake flavored vodka,1
nonpareils or use chocolate star,1
bottle fruit flavored wine such as arbor mist,1
watermelon rind removed,1
galliano,1
fluid ounce jigger artificially sweetened citrus soda,1
fluid ounce jigger rum dark,1
cherry vanilla carbonated cola,1
fluid ounces vanilla flavored cola,1
fluid ounce orange flavored liqueur,1
hass avocado mashed,1
fluid ounces scotch whiskey,1
quarts ice,1
chicken dripping,1
low sugar orange marmalade,1
box nabisco famous chocolate wafer,1
shallots quartered,1
vanilla extract warmed,1
heavy cream warmed,1
hot brewed espresso,1
marshmallows frozen,1
individual packet mojito flavored dry beverage mix such as crystal light,1
fluid ounce bottles cranberry apple juice chilled,1
watermelon flavored gelatin mix,1
fluid ounces lager beer chilled,1
fluid ounce montenegro amaro liqueur,1
mashed fig,1
pistachio nuts coarsely,1
frosted s mores toaster pastries such as pop tart,1
s mores cookies such as pepperidge farm,1
miniature s mores muffins such as entenmann s little bite,1
scoops rocky road ice cream,1
chocolate milkshake,1
bottle carbonated water,1
fluid ounce jiggers southern comfort liqueur,1
gallons red wine,1
gallon cherry brandy,1
fluid ounce can frozen fruit punch drink concentrate thawed,1
fluid ounce can frozen grape juice concentrate thawed,1
rum such as bacardi,1
fluid ounces passion fruit juice,1
green jalapeno pepper,1
fluid ounce jiggers espresso coffee,1
fluid ounce jiggers irish whiskey,1
pastel multi colored candy sprinkle,1
green lentils drained,1
refrigerated pie crust softened as directed on package,1
stevia in the bakers bag,1
but pears cored inch,1
cornish game hens about pounds each cut down the backbone with heavy duty scissors and spread open,1
apricot pistachio dressing,1
fluid ounce jiggers proof rum,1
canned pineapple rings drain and reserve juice,1
salt for rimming glasse,1
bottle white wine chilled,1
all purpose wine yeast,1
slice orange,1
vodka such as svedka,1
bags gummy bears such as haribo,1
vegetable juice with berries such as v splash,1
lobster mushrooms cut into cube,1
peanut butter ball,1
chocolate coconut shell,1
fluid ounces pineapple orange banana juice,1
sprig mint garnish,1
fluid ounces fine champagne cognac,1
fluid ounces cherry liqueur such as heering,1
vanilla bitters such as bittercube cherry bark vanilla bitter,1
swedish fontina cheese,1
liter carbonated water chilled,1
bottle tomato and clam juice cocktail such as clamato,1
mint garnish,1
cream topping,1
fluid ounces stout beer such as guinness,1
fluid ounce irish whiskey such as jameson,1
chilled diet lemon lime soda,1
fluid ounces cranberry juice cocktail chilled,1
to taste salt,1
fluid ounces deluxe canadian whiskey,1
pureed liver food,1
refrigerated cornbread biscuit,1
dark chocolate such as moser roth dark chocolate,1
chinese eggplant very lengthwise,1
scoops raspberry sherbet,1
fluid ounces diet grapefruit soda,1
apricots cut into dice,1
white almond bark,1
bruce s yams cut sweet potatoes in syrup drained and mashed,1
zucchinis cut into inch piece,1
fluid ounces malibu rum,1
lime sherbet softened,1
fluid ounce bottle raspberry flavored carbonated water chilled,1
simple syrup chilled,1
peaches peaches cut into third,1
cherry tomatoes such as sweet,1
spicy smoked sausage,1
red and green sprinkle,1
fluid ounces amaretto liqueur plus additional,1
sugar free orange gelatin mix such as jell o,1
fluid ounces prosecco such as caposaldo doc,1
clear mint syrup,1
solid type fat free margarine,1
mandarin oranges drained thoroughly,1
fine rolled oat,1
chunks watermelon seeds removed,1
fluid ounces hot brewed espresso,1
fluid ounce vanilla extract,1
fluid ounce jiggers vodka chilled,1
fluid ounce absinthe,1
unsweetened orange flavored drink mix such as kool aid,1
gallon dry red wine,1
fluid ounces ice,1
bottle grapefruit flavored soda chilled,1
liters cranberry apple juice,1
instant chocolate pudding such as jell o,1
vegan chocolate chips plus more for topping,1
oil substitute,1
tray ice,1
loaves french bread cut into inch slice,1
rimming sugar,1
fruit cocktail drained thoroughly,1
monin raspberry syrup,1
fluid ounces stolichnaya stoli razberi,1
lime cordial,1
bottle sweet wine such as riesling,1
fat free half and half such as land o lake,1
orange flavored fish oil,1
fluid ounce jigger tequila such as patron reposado,1
fluid ounce margarita mix,1
bag frozen italian style meatball,1
fluid ounce southern comfort,1
graham cracker squares cookies each,1
fluid ounce jigger pear brandy,1
fluid ounce pear nectar,1
leanest pork,1
fluid ounce jiggers creme de cacao liqueur,1
lacinato dinosaur kale stems removed,1
habanero infused extra virgin olive oil,1
fluid ounce jiggers apple schnapp,1
coconut almond milk blend,1
skim buttermilk,1
tomatoes with green chiles such as rotel drained slightly,1
loosely celery leaf,1
lemon zest cut into sliver,1
light extra virgin olive oil,1
water to adjust texture,1
mayonnaise such as kraft,1
fluid ounces unsweetened coconut cream,1
pourable fat free margarine,1
wedge lime garnish,1
proof vodka such as tito s,1
plums pitted and into bite size piece,1
strong brewed black tea chilled,1
bottle carbonated water chilled,1
loaf french bread cut diagonally into inch slice,1
unsweetened coconut milk beverage such as so deliciou,1
reduced fat pina colada yogurt,1
slaw mix,1
barbequed pulled pork,1
wheat hot dog bun,1
garlic and herb seasoning such as mccormick,1
cornish game hens giblets removed,1
bottles caffeinated citrus flavored soda,1
squares semisweet baking chocolate broken into piece,1
pouch tuna in water,1
clone kraft s catalina salad dressing,1
apple cider glaze,1
mazola corn oil for deep frying,1
cranberry extract,1
sumac concentrate,1
cherry flavored sweetened drink mix,1
cucumbers lengthwise seeds scraped out,1
stewed tomatoes such as del monte stewed tomatoes with onions celery and green pepper,1
chipotle seasoning,1
cornish game hen thawed,1
syrup for blueberry pancake,1
ricotta cheese plu,1
spago s chocolate chiffon cake,1
marlin steak,1
zucchinis cut into strip,1
edible carnations for garnish,1
unsweetened lemon lime flavored drink mix,1
swiss provolone cheese mix,1
quarts reduced fat milk,1
almond filling,1
leek white portion only,1
cranberries rinsed and sorted,1
orange zest cut into sliver,1
rice pie crust,1
lucie s up pie crust idiot proof pastry recipe,1
fondant,1
salmon fillet with skin,1
nan s dumpling,1
fluid ounces white creme de menthe,1
fluid ounces vanilla flavored vodka such as stoli,1
smoked nutritional yeast,1
fluid ounce jigger bottled lime juice,1
fluid ounce jiggers triple sec liqueur,1
fluid ounces irish stout beer,1
lemon pulp including zest if desired,1
red plums pitted and,1
raspberry layer,1
creamed soup substitute,1
pints fruit flavored sherbet,1
fluid ounce bottle fruit punch,1
to make the ravioli,1
quart club soda,1
mint creme anglaise,1
to count artichoke hearts in water drained,1
imported romano cheese,1
pre whole wheat pizza crust,1
fluid ounce container liquid fruit pectin,1
fillets tuna steak,1
fluid ounce bottle lemon lime sports drink,1
fluid ounce bottle lemon lime flavored carbonated beverage,1
prepared soda bread,1
cranberries quartered,1
chocolate coated peanut,1
cranberries rinsed and drained,1
dark grade b maple syrup,1
loaf rectangular brioche bread,1
white bread and cut into triangle,1
spice cake mix such as duncan hines signature,1
tri color radiatore pasta,1
starter for friendship fruitcake,1
lone star dry rub,1
unsweetened white grape juice,1
white sultana raisin,1
chez panisse almond cake,1
grey poupon savory honey mustard,1
oscar mayer beef franks each cut into piece,1
tilapia fillet cut into bite size piece,1
hershey s cocoa,1
lenotre pastry cream,1
hormel pepperoni,1
lemon grass white part only,1
envelopes fleischmann s pizza crust yeast,1
fleischmann s easy pizza crust,1
contadina quick pizza sauce,1
rose s cocktail infusions pomegranate,1
sugar free tomato puree,1
wheat bran flakes cereal,1
golden delicious apple and cut into inch dice,1
jif extra crunchy peanut butter,1
smucker s hot fudge topping,1
semi sweet chocolate morsels melted,1
philadelphia spicy jalapeno cream cheese spread,1
oscar mayer carving board sweet spicy pulled pork,1
amaretto sweetened condensed milk,1
low fat vanilla pudding,1
caramel bit,1
sister schubert s dinner yeast roll,1
chilled water,1
squeezed lemon juice see note,1
green red and yellow bell pepper,1
white and yellow cheeses such as mozzarella and cheddar,1
idahoan hash brown,1
caramel filled chocolate candy,1
quarts strawberries frozen,1
dry white bread,1
size trout cleaned and rinsed,1
idahoan applewood smoked bacon flavored mashed potatoes dry,1
tart pastry,1
complete dry pancake mix,1
caribbean curry powder,1
mixed frozen berries slightly thawed,1
raisin cinnamon bread such as pepperidge farm,1
coarsely trail mix,1
foelie,1
bottle cold ginger ale,1
pint spiced rum,1
bread cubes such as walnut bread,1
gold rum such as bacardi gold,1
instant tea with lemon flavoring dry mix,1
sicilian pizza dough,1
sole patted dry,1
lemons juice only,1
ginger and pressed through a garlic press,1
cilantro leaves torn,1
bottle brut champagne chilled,1
carob soymilk,1
peaches cut into inch piece,1
squirts of pressurized canned cheese such as easy cheese,1
instant nonfat dry milk,1
bars chocolate candy bar broken into piece,1
fillets striped bass fillets skinned,1
salt and vinegar potato chip,1
praline topping,1
part skim mozzarella,1
whole wheat pocket pita,1
loaf italian bread inches in diameter into inch piece,1
strawberries hulled cut off the green part,1
coarsely and california walnut,1
mint stems removed,1
of ginger root and,1
dash black pepper,1
carrots with top,1
low fat condensed cream of broccoli soup undiluted,1
smoked hog jowl,1
crumbled mild blue cheese,1
stale bread crumbled,1
white bread torn,1
dandelion greens torn into inch piece,1
head green cabbage cut into wedge,1
blackening spice mix,1
frozen whole carrot,1
french green beans haricots vert,1
black sea salt,1
asparagus rinsed and,1
philadelphia dill cream cheese product,1
cabbage into strip,1
cheddar flavored french onion,1
frozen seasoned french fry,1
zucchini cut with a spiralizer,1
shaved parmigiano reggiano cheese,1
leeks and lengthwise,1
inch cubes seeded butternut squash,1
shiitake mushrooms stems discarded and cap,1
morton coarse sea salt plus more for finishing,1
swiss gruyere cheese,1
head about pound cauliflower and cut into floret,1
sazon seasoning with annatto,1
hot popcorn chicken,1
bacon ranch dressing,1
niblet style corn,1
lemon and juiced halves reserved,1
apple such as honey crisp and,1
bunches rainbow chard and rinsed,1
truroots sprouted quinoa,1
kale leaves torn ribs removed and discarded,1
dekuyper razzmatazz,1
plum filling,1
green coconut,1
mashed yam,1
freestone peaches and pitted,1
bags spinach rinsed and stemmed,1
bags frozen broccoli floret,1
heads bok choy and cut into bite size piece,1
ghost pepper jelly,1
pecans and,1
wheat bread and,1
square sandwich bread,1
patty pan squash to inch piece,1
sweet yellow onion such as vidalia,1
lemon pound cake,1
green giant cut green beans drained,1
bunches kale leaves separated stems discarded,1
pommelo,1
and mashed potato,1
freshly multi colored peppercorn,1
zucchinis inch lengthwise,1
collard greens and cut into inch strip,1
red apples and,1
cut up vegetables broccoli,1
no sugar added plum fruit spread,1
snow peas stemmed,1
frozen artichoke,1
green scallion tops snipping with scissors works well,1
tub philadelphia savory garlic cooking creme cream cheese product,1
hot jalapeno chili oil,1
jalapeno hot sauce,1
garlic and herb spreadable cheese such as boursin,1
orange with skin on,1
thai bird chile,1
scallions white and green parts separately,1
spice islands sea salt to taste,1
salted walnut,1
paua,1
and radishe,1
loaf white bread air at least hours cut into cube,1
salt pepper and nutmeg to taste,1
bag leaf spinach defrosted and squeezed,1
quick cooking polenta,1
sweet peas partially drained,1
canned chipotles in adobo sauce,1
goat cheese at room temperature,1
instant rice pudding mix,1
heads bok choy ends and leaves separated,1
strawberry orange juice sauce,1
lacinato dinosaur kale washed and,1
kiwis and coarsely,1
strips frozen french potato,1
fluid ounce bottle apple juice chilled,1
loaf cinnamon bread with raisins cut into inch cube,1
pickle meat aka pickled pork,1
easiest ever pizza dough,1
fluid ounces prepared iced tea,1
very strawberries hulled and cut into chunk,1
livestock corn oats and barley feed mix,1
copycat kraft garlic cheese roll,1
hibiscus petal,1
piloncillo mexican brown sugar cone,1
avocado relish,1
frozen creamed spinach thawed,1
white cheese,1
teriyaki marinade or sauce,1
chaat masala,1
lukewarm water degrees f to degrees f,1
dry noodle soup mix,1
leek cut into piece,1
chevre goat cheese crumbled,1
mini carrot,1
kohlrabi bulb,1
pearled farro rinsed drained well,1
golden potato,1
yellow onion slice,1
better than bouillon seasoned vegetable base,1
wavy potato chip,1
yams quartered length wise,1
crocodile,1
yellow squash cut into noodle shape,1
broccoli stems cut into inch noodle shape,1
tomatoes cut into inch piece,1
kale stems removed,1
head of bok choy,1
dry lentils rinsed and sorted,1
parsnips and quartered lengthwise,1
galette dough,1
roma plum tomatoes cut in half and seeds removed,1
bok choy and in half lengthwise,1
seeded butternut squash,1
processed cheese spread with jalapeno,1
kernel corn such as del monte,1
cream style corn such as del monte,1
broccoli cut into inch piece,1
pint heavy cream at room temperature,1
cinnamon pastry crust,1
quartered tomato,1
acorn squash cut in half lengthwise and seeded,1
yams drained and mashed,1
sheet x inches reynolds wrap non stick aluminum foil,1
chestnuts shelled,1
raspberries frozen,1
lime juiced and,1
flour tortillas heated according to package direction,1
classic french vanilla flavor ready to drink carnation breakfast essentials complete nutritional drink,1
strips hormel black label bacon,1
pillsbury grands homestyle refrigerated buttermilk biscuit,1
coca cola or guinness for an adult cake,1
sheet refrigerated pie crust,1
peanut butter glaze,1
tart apple such as granny smith and,1
low sodium bouillon cube,1
ready made graham cracker crumb crust,1
fluid ounces hawaiian punch fruit juicy red,1
crisco no stick cooking spray,1
powdered sugar sifted,1
powdered sugar frosting,1
envelope fleischmann s active dry,1
fluid ounces chilled espresso,1
mozzarella inch,1
deli margherita pepperoni,1
refried pinto bean,1
avocados from mexico pitted and crosswise,1
asparagus and cut into inch length,1
coconut flake coating,1
hot water plus additional if needed,1
firmly spinach,1
pumpkin parmesan sauce prepared recipe follow,1
pumpkin parmesan pasta sauce,1
caramel banana sauce,1
bananas and into inch piece,1
toppings walnuts cranberries chocolate chips sour cream,1
apricot sweet chili sauce,1
hard eggs dice,1
chinese red rice wine,1
ball realfruit classic pectin,1
classic crisco double pie crust,1
coarsely fudge mint cooky,1
dole all southwest salad kit,1
jen s zen chocolate sauce for drizzling,1
hershey s chipits skor toffee bit,1
freshly spice islands black pepper adjustable grinder,1
seasoning for tacos such as hot chipotle pork pastor,1
hillshire farm smoked polska beef sausage,1
peanuts for sprinkling,1
peanut butter for drizzling,1
so delicious dairy free cocowhip plus more for topping,1
del monte pineapple chunks in juice well drained,1
so delicious dairy free unsweetened coconut milk,1
so delicious dairy free chocolate peanut butter swirl coconut milk frozen dessert,1
broth or bouillon,1
fat drippings from any type of meat,1
to inch cucumbers cut into inch slice,1
shrimp count,1
hershey s chipits butterscotch flavoured baking chip,1
cocoa dark chocolate,1
powdered cocoa,1
maille honey mustard center,1
for the broccoli,1
broccoli crowns into individual floret,1
hoisin sauce see shopping tip,1
up cherry,1
vegan dry red wine,1
for icing,1
green and or red pepper,1
hillshire farm smoked sausage any variety,1
for the kabob,1
yellow squash lengthwise and cut into inch slice,1
peach flavor gelatin mix,1
strips turkey bacon,1
contadina pizza sauce,1
tepid water about degrees f,1
mission burrito size flour tortilla,1
smucker s strawberry jam,1
fleischmann s original margarine stick softened,1
lightly piedmont hazelnut,1
bag dark chocolate chip,1
san pellegrino sparking mineral water,1
sea salt caramel sauce,1
about cup chilled sea salt caramel sauce,1
caramel budino,1
granny smith apples coarsely,1
goya pico de gallo salsa,1
lemon chilled and,1
orange chilled and cut into wedge,1
seltzer,1
bottle burgundy,1
juice of orange,1
tablets mexican chocolate such as chocolate ibarra coarsely,1
flaky sea salt,1
sweet chili garlic sauce,1
maple syrup sweetened with splenda brand sweetener,1
blueberry ice cream,1
granny smith apple cored cut into inch slice,1
box duncan hines red velvet premium cake mix,1
duncan hines creamy home style vanilla frosting,1
frozen pink lemonade from concentrate thawed,1
few drops red food coloring,1
coconut tinted pink,1
heinz sauce lightly flavoured,1
salt to draw moisture from eggplant,1
red and or green apples cored and,1
hershey s strawberry flavored syrup,1
dark chocolate brownie cake,1
nestle toll house dark chocolate morsel,1
round metal cookie cutter,1
pouch and cooled uncle ben s ready rice basmati,1
canadian whiskey,1
loaf italian,1
cranberries or raisin,1
goya flour tortillas burrito,1
goya salsita,1
bag jet puffed miniature marshmallow,1
jell o gelatin any flavor,1
havarti cheese with herb,1
coarsely zucchini loosely,1
hershey s sea salt caramel baking chip,1
additional flour for rolling,1
additional oil for grilling,1
other toppings as desired,1
box idahoan steakhouse cheesy hashbrown,1
prepared italian salad dressing,1
thickly deli margherita sandwich,1
pecans or almond,1
cremini,1
hillshire farm cheddarwurst,1
hillshire farm turkey smoked sausage,1
cruzan mango rum,1
lemon sour equal parts lemon juice water and sugar,1
prepared sister schubert s dinner yeast rolls split,1
cheddar monterey jack,1
prepared garlic,1
turkey chorizo,1
fire frozen corn,1
canned mild green chily,1
queso chihuahua,1
recipe perfect parmesan pizza dough,1
grams philadelphia brick cream cheese,1
fluid ounce raspberry flavored vodka,1
powdered sheep sorrel,1
frozen green petite peas thawed,1
uncle ben s ready rice,1
berries strawberries blueberries and or raspberry,1
dry white wine such as pinot blanc,1
dash cinnamon,1
favorite spaghetti sauce,1
frozen meatballs defrosted,1
sister schubert s whole wheat dinner yeast roll,1
mushrooms cut into quarter,1
kraft milk italian three cheese blend,1
cannellini beans drained rinsed,1
land o lakes unsalted butter melted,1
lightly kale ribs removed,1
tilapia fillets thawed if frozen,1
reddi wip chocolate dairy whipped topping,1
bananas cut into piece,1
fluid ounces your favorite ale,1
rose s cocktail infusions sour apple,1
slices bakery style bread,1
green beans tail,1
arugula green,1
for the dressing,1
blueberry tzatziki,1
ocean spray blueberry juice cocktail chilled,1
red food coloring see note,1
stella asiago cheese,1
marinara sauce warmed,1
rose s lime juice,1
peppermint flavored dark chocolate piece,1
cheddar mozzarella,1
unsalted hazelnut,1
garbanzo beans drained thoroughly,1
esb beer,1
assorted decorating gel,1
prosecco,1
sugar free instant coconut pudding mix,1
lime mahi mahi,1
old el paso refried black bean,1
serve with item,1
pecan coating,1
pineapple mango salsa,1
cooking apples like mcintosh,1
muffin batter,1
maille old style,1
mashed canned sweet potato,1
odom s tennessee pride mild country sausage thawed if frozen,1
plain cream cheese,1
low fat unsweetened soy cream,1
flour for rolling dough,1
margherita pepperoni slice,1
kraft mexican style four cheese with a touch off philadelphia,1
carnation breakfast essentials light start rich milk chocolate flavor,1
miniature semisweet chocolate piece,1
red string licorice cut inch each,1
frozen pepper stir fry with green,1
cruzan guava,1
butter brickle ice cream,1
blue eye cod fillet,1
hershey s semi sweet chocolate chip,1
heath milk chocolate toffee bit,1
country pork strip,1
kraft mayo with olive oil cracked pepper reduced fat mayonnaise,1
canned peas and carrot,1
kikkoman thai red curry sauce,1
flour for baking sheet,1
frozen black eyed peas thawed,1
mini jelly bean,1
red gold petite tomatoes drained,1
old el paso green enchilada sauce,1
fava bean pod,1
filling topping,1
lowfat vanilla yogurt,1
kosher salt chili powder,1
eggs beaten with,1
eggplants and cut into inch slice,1
diabetic white chocolate bar,1
your favorite pizza topping,1
reese s creamy peanut butter,1
wedge lime for garnish,1
rose s sweetened lime juice as needed,1
land o lakes butter at room temperature,1
rimming spice blend,1
bbq red bean,1
tilsit cheese,1
drink,1
french bread cut into inch cube,1
marjoram tarragon,1
day old italian bread cubes inch cm,1
low fat,1
frozen broccoli flowerets thawed,1
ortega taco seasoning mix,1
pizza,1
pillsbury refrigerated classic pizza dough,1
canned old el paso refried bean,1
garnishes as desired,1
jumbo refrigerated biscuit,1
ragu cheesy classic alfredo sauce,1
sister schubert parker house style yeast roll,1
less fat,1
canned mixed berry,1
berries garnish,1
mashed avocado from mexico,1
garlic mayo ali oli,1
martha white banana nut flavored muffin mix,1
to inch whole wheat tortilla,1
chipotle chile in adobo sauce see note,1
cremini mushrooms cleaned and,1
orange decorating icing,1
milkshake,1
scoop chocolate ice cream,1
pista powder,1
topping bar,1
chocolate icing,1
crumbled cooky,1
candied bacon,1
citrus herbed butter,1
coarsely italian parsley leaf,1
links johnsonville original breakfast sausage,1
cheese mexican blend cheese,1
fajita size whole wheat tortilla,1
brick cream cheese,1
black decorating gel,1
frozen oriental vegetable medley,1
mixed wild mushrooms like shiitake oyster chanterelle hen of the woods cleaned and,1
inch ready made shortcrust pastry base,1
brussels sprouts quartered,1
bran cereal such as kellogg s all bran original,1
nuts and or raisin,1
ball realfruit instant pectin,1
cold land o lakes butter,1
red and green pepper,1
stick crisco baking sticks all vegetable shortening,1
mccormick gluten free turkey gravy mix,1
quartered lengthwise zucchini,1
very warm water to degrees f,1
crumbled sausage,1
sister schubert whole wheat dinner yeast rolls and cut into piece,1
johnsonville original brown sugar honey,1
progresso plain bread crumb,1
progresso vegetable classics creamy mushroom soup,1
loomi aswad black lime seasoning,1
very archer farms sugar snap pea,1
garlic herb portabella mushroom,1
mixed fingerling potato,1
pitted whole black olives drained,1
chilled long grain white rice,1
japanese pickled radish,1
market pantry cashews halves and piece,1
prepared greek vinaigrette salad dressing such as kraft,1
garbanzo beans drained and rinsed twice,1
scallions green onions green part only,1
filets arctic char,1
peanut butter cream cheese frosting,1
sprigs watercress,1
crisp apple,1
fat free italian style dressing such as wishbone,1
hearts of romaine lettuce lengthwise,1
bottle bottled oil and vinegar salad dressing such as newman s own,1
ramen noodles without flavor packets lightly,1
kale stemmed and leaves torn into strip,1
head kale stemmed leaves cut into bite size piece,1
coarse sea salt for finishing,1
bag italian blend salad green,1
star fruit juice,1
crunch topping,1
garlic pepper to taste,1
ingredient fiber crust,1
johnsonville italian mild sausage links casings removed,1
unseasoned bread stuffing,1
eggplants into round,1
frozen french onion ring,1
sun tomato halves in olive oil with herb,1
head cauliflower leaf,1
red kidney beans drained and rinsed twice,1
lime juice about lime,1
thai red chile sauce nam prik dang,1
mango orange chutney,1
yellow shoepeg corn,1
low sodium corn,1
french green lentils rinsed and drain,1
korean instant beef stock such as dashida,1
seedless cucumbers and,1
campari tomatoes seeded and,1
scallion cut into inch cube,1
chocolate mocha cream cheese icing,1
radishes cut into inch cube,1
vine ripened tomatoes cut into inch cube,1
dole very veggie,1
ginger sesame vinaigrette recipe below,1
vietnamese sweet chili sauce,1
vegetarian bacon strip,1
passion fruit seed,1
italian style salad dressing such as wish bone,1
long beans and mashed,1
thai chily,1
head iceberg lettuce torn,1
head coarsely red cabbage,1
sambal oelek thai chile paste,1
shrimp for salad,1
head red cabbage cored and as as possible,1
bunches beets stems removed,1
bottle bottled bloody mary mix such as zing zang,1
coarsely olive,1
matchstick style carrot,1
bunches arugula,1
jalapeno lime dressing,1
jalapeno pepper seeds and membranes removed,1
bunch kale ribs removed and leaf,1
julienne cut carrot,1
garlic olive oil,1
young peas such as lesueur very young early peas drained,1
sour cream pie crust dough,1
low sodium seasoned salt,1
tutti frutti ice cream,1
coarsely cracker crumb,1
heads escarole bottoms and leaves coarsely,1
head cabbage into six inch piece,1
kale without rib,1
vacuum corn,1
pitted kalamata olives drained reserve teaspoon brine and,1
loaves hawaiian sweet bread,1
sodium reduced soy sauce,1
frozen asian stir fry vegetable,1
no yolks fine noodle,1
head cabbage cored and cut into inch slice,1
gold potato,1
shiitake mushrooms drained,1
to inch long potato,1
duck fat melted,1
and yellow squash,1
coarsely salted almond,1
angel food cake mix such as betty crocker,1
ginger and spice vinegar,1
lukewarm water as needed,1
washed spinach,1
and acorn squash,1
frozen french cut green beans such as kroger private selection thawed,1
zucchinis quartered lengthwise,1
carrots juice of,1
processed cheese i e velveeta,1
spinach stems snipped,1
onion sauce,1
broccoli rabe into inch piece,1
chive flavored cottage cheese,1
vegetable seasoning such as la grille,1
mustard greens cut into inch piece,1
turban squash,1
lemon pepper seasoning such as mrs dash,1
smoked turkey tail,1
anjou pears and cut into chunk,1
dietz watson yellow ny c sharp cheddar cheese,1
salted lard,1
frozen fordhook lima beans thawed,1
honey flavored butter,1
bread crusts removed and broken into crumb,1
inch slices ginger root and,1
bags frozen white pearl onion,1
celeriac celery root and cut into inch piece,1
fennel bulb and inch,1
ritz cracker pie crust inch,1
aged colby,1
jasmine,1
turnip greens cut into inch piece,1
coconut for garnish,1
frozen green beans french cut or green bean,1
chevre goat cheese with garlic and herb,1
head cauliflower and cut into floret,1
head romaine lettuce cut in half lengthwise,1
kernel yellow corn,1
onion dip,1
chilled mashed potato,1
eggs slightly beaten separate bowl,1
bunches italian parsley,1
herb seasoned dry stuffing mix,1
coarsely medjool date,1
new yellow potato,1
yams and cut into wedge,1
head leafy dark green lettuce,1
head romaine lettuce coarsely,1
light bodied beer,1
bunches curly leaf parsley,1
bottled french salad dressing,1
heart of romaine lettuce,1
bunches parsley leaf,1
coarse bulgur rinsed and drained,1
bottle raspberry vinaigrette salad dressing,1
black olives quartered,1
shelled hemp seed,1
seedless green grapes rinsed and patted dry,1
white and red cabbage,1
peppers red,1
shrimp brine,1
miniature cherry tomatoes such as katinka cherry,1
heads endive crosswise,1
pita rounds torn into piece,1
kombu kelp,1
cucumbers and into strip,1
pineapple tidbits with juice such as dole,1
light creamy salad dressing such as miracle whip light,1
bocconcini cheese,1
very green cabbage,1
honey wonderful almond accent,1
bag iceberg salad,1
bunches red radishes and,1
bartlett pear cored and,1
salad seasoning mix to taste,1
chardonnay white wine,1
pickles cut into cube,1
mel s chili sauce,1
perciatelli pasta,1
black olives drained and rinsed,1
mixed salad greens such as dole european blend,1
bella mushrooms into third,1
heads of butter lettuce,1
slices french bread cut into cube,1
chocolate icing for fudge ribbon cake,1
sprigs purslane leaves and stem,1
romaine lettuce leaves into bite sized piece,1
kale into bite size piece,1
fennel bulbs cored and,1
lightly salted cashew,1
black forbidden rice,1
watercress preferably the kind that s already rinsed bagged,1
cream soup mix replacement for cream of soups substitute,1
havarti cheese cube,1
creamy dijon dressing,1
dole white,1
dole asparagus cut into inch piece,1
dole extra veggie with garden vegetable,1
imitation crab stick,1
pitted spanish black olive,1
low salt feta cheese,1
cherry tomatoes coarsely,1
shallot very shaved,1
chile paste such as sambal oelek,1
bulgur rinsed,1
head green leaf lettuce torn into bite size piece,1
italian eggplants cut into inch spear,1
bologna slice,1
herring pickled in wine sauce such as vitar liquid drained and reserved,1
clementine mandarin orange,1
apples into inch cube,1
ranch dressing such as kraft rancher s choice,1
creamy pumpkin seed dressing,1
champagne vinegar or other high quality white wine vinegar,1
ice water if needed,1
sea salt preferably gray salt,1
tilapia cut into bite size cube,1
shelled pumpkin seeds pepita,1
reduced sodium black beans drained and rinsed,1
rotisserie roast chicken,1
ounce beet,1
double blue dressing,1
or frozen thawed pea,1
gay lea spreadables butter original melted,1
green peas drained,1
sancerre,1
burrata cheese ball,1
heads broccoli and cut into strip,1
kosher salt and pepper,1
shelled pistachios coarsely,1
grapefruit sectioned,1
cucumbers scored and,1
spinach leaves cut into inch piece,1
peanut butter graham cracker,1
fennel bulbs cored and very,1
torn butterhead boston,1
fennel bulb and shaved,1
basil vinaigrette,1
pepitas for garnish,1
pint cherry tomatoes rinsed stemmed and,1
avocado pitted and cut into inch chunk,1
coarsely cucumber,1
pomegranate cranberry dressing,1
spinach salad,1
crisp red apple cored and,1
balsamic vinaigrette dressing such as wish bone,1
garlic salt with parsley such as lawry s,1
extra tofu inch,1
stalks asparagu,1
italian style salad greens with radicchio,1
heads boston lettuce cored and,1
bunches spinach rinsed and torn into bite size piece,1
cantaloupe fruit removed with a melon baller,1
fruit cocktail in light syrup drained and liquid reserved,1
asian style mustard,1
apple cider dressing,1
yellow squash shaved into strip,1
wild berry sugar free gelatin mix,1
freshly coconut,1
italian flat leaf parsley whole leaf,1
hard eggs in dice,1
bulbs fennel and quartered,1
greek salad dressing such as yazzo,1
greek olives drained,1
frozen pre langostinos such as trader joe s thawed,1
ranch style dip such as t marzetti,1
cleaned calamari into ring,1
whipped cream topping such as cool whip,1
mayonnaise such as duke s,1
pesto seasoning,1
bottle poppy seed dressing,1
vegetables i like a combination of carrot,1
peanut powder,1
freshly mixed peppercorn,1
mild yellow pepper ring,1
juice from yellow pepper ring,1
english cucumbers very,1
grapefruit chunk,1
miracle whip light dressing,1
apples preferably red and green,1
avocado cut into slice,1
mustard dill sauce ii,1
real french dijon mustard,1
hearts of romaine cut,1
extra sharp aged cheddar cheese,1
cashew pieces in a degree oven until golden,1
heeng asafoetida powder,1
curd plain yogurt,1
zucchinis cut into round,1
irish soda bread,1
bunches red swiss chard stems and center ribs cut out and together leaves coarsely separately,1
kidney beans garbanzo bean,1
turnips cut into cube,1
raisin bread cut into cubes and toaste,1
mashed winter squash,1
sweet white whole kernel corn,1
tomato flavored bouillon powder such as knorr,1
wasabi sauce such as s b wasabi,1
instant grits such as quaker,1
pistachios pecan,1
sauce ingredient,1
cranberries such as ocean spray,1
frozen potatoes au gratin,1
southwestern style mixed frozen vegetable,1
true southeastern north carolina bbq sauce,1
heads cabbage quartered with hearts removed,1
pumpkin cut into inch cube,1
bag frozen vegetable combination broccoli cauliflower carrots thawed,1
cauliflower cut into inch piece,1
grams waxy potato,1
suet mix,1
cracker barrel double cheddar cheese,1
kraft parmesan aged cheese,1
zucchini quartered lengthwise and then cut crosswise into inch piece,1
salt free spicy seasoning blend,1
envelope unflavored gelatin powder,1
beets thoroughly washed,1
zucchini quartered lengthwise and cut into inch piece,1
unseasoned bread cube,1
dry herb stuffing mix,1
hash brown,1
swiss chard stems and leaves separated,1
asparagus spears tough ends snapped,1
idahoan buttery homestyle flavored mashed potatoes prepared,1
fat free italian salad dressing,1
gluten free muesli,1
fire tomatoes with garlic such as hunt s,1
cranberry vinegar,1
bruce s yams cut sweet potatoes in syrup drained syrup reserved,1
arborio short grain rice,1
inch acorn squash cube,1
jasmine rice such as mahatma,1
sweet potato slice,1
sharp new york cheddar cheese,1
berry cranberry sauce drained,1
eggplants and into fry,1
bottled red pepper,1
basil leaves spritzed with olive oil,1
stone white corn grit,1
dry mayocoba bean,1
slices fully ham cut into cube,1
sargento reduced fat cheese italian cheese,1
pints whole cherry tomato,1
sottocenere italian semi truffle cheese,1
fl oz jar pasteurized process cheese spread such as cheez whiz,1
vegan margarine or butter,1
collard greens stems removed and leaves torn into bite size piece,1
parsnips cut into inch x inch piece,1
tomatoes tops and pulp removed,1
bella crimini,1
head cauliflower leaves removed and base,1
zucchini cut into french fry shaped piece,1
amaretto cooky,1
cardoon outer membranes and string,1
head cauliflower cut into slice,1
pan prepared cornbread,1
mexican style processed cheese food such as mexican velveeta,1
spreadable cheese wedges such as the laughing cow creamy swiss garlic herb,1
moroccan style preserved lemon,1
bitter gourd,1
vermont white cheddar cheese,1
honey vanilla almond milk,1
lemon juice as needed,1
beets scrubbed leaf,1
green beans such as del monte cut drained,1
red kidney beans rinsed,1
turnip and inch,1
beets scrubbed and,1
lite luncheon meat such as spam cut into inch chunk,1
hard taco shell,1
italian cheese blend such as wegman,1
mixed wild mushrooms portobella crimini shiitake,1
crumbled cornbread from above,1
kidney beans juice drained and reserved,1
three color green and red cabbage and carrots coleslaw blend,1
prepared coleslaw dressing,1
fire tomatoes such as hunt,1
artichokes about pound each,1
vegetable oil spread,1
whole grain seasoned crouton,1
chayote squash cut in half,1
yuca and cut into inch section,1
chipotle chile pepper powder,1
ore ida hash brown potatoes thawed,1
vanilla genoise cake,1
fl oz jar pasteurized process cheese sauce like cheez whiz,1
artichokes to inches wide,1
freshly romano asiago and or parmesan cheese blend,1
high turkey,1
plum roma tomatoes seeded,1
martha white self rising enriched white corn meal mix,1
heads broccolini split into floret,1
leaves kale stems removed and discarded leaves torn into bite sized piece,1
head cauliflower cut into florets with stems cut into bite size piece,1
rutabaga and inch,1
parsnip and inch,1
roma plum tomatoes cut into bite size piece,1
fl oz bottle balsamic vinaigrette salad dressing such as kraft,1
white boiling onion,1
barbados sugar,1
crumbled prepared cornbread,1
seasoned dry bread cube stuffing mix,1
philadelphia tomato basil cooking creme,1
box vanilla wafer cookies such as nilla very fine,1
chestnut cream,1
prepared french onion dip,1
no salt added sweet corn,1
no salt added sweet peas drained,1
pears lengthwise and cored,1
whole wheat bread crumb,1
bread crusts removed and,1
avocado aioli,1
beets with,1
coarsely morel mushroom,1
celeriac celery root and cut into inch cube,1
head broccoli washed and cut into bite sized piece,1
dietz watson shaved parmesan cheese,1
naval oranges washed thoroughly unpeeled,1
bottle garlic flavored olive oil,1
button mushrooms into third,1
pints cherry,1
portobello mushroom cup,1
zucchini lengthwise and inch wide,1
freshly garlic,1
sea salt such as fleur de sel for sprinkling,1
nonfat milk heated,1
broccoli crown,1
seasoned green beans drained,1
balsamic vinaigrette dressing such as newman s own,1
grill seasoning such as weber veggie grill seasoning,1
chunks of potato,1
radishes ends and radishes cut in half,1
regular mango chutney,1
hot mango chutney,1
bahia mar resort s mangolade duck sauce,1
instant brown rice such as minute,1
bags frozen broccoli florets thawed,1
zesty italian salad dressing,1
cheddar flavored french onions such as french s,1
bacon cheese spread,1
cornstarch mixed with,1
loaf sourdough bread torn into piece,1
head green cabbage cut into chunk,1
string beans blanched,1
squash layer,1
apple layer,1
and red delicious apple,1
leeks lengthwise,1
brown sugar substitute e g splenda,1
x inch sheets of reynolds wrap heavy duty aluminum foil,1
garlic and onion tofu,1
asparagus ends cut into inch piece,1
summer squash inch,1
butternut squash and cut into bite size cube,1
orange flavored cranberry,1
herb seasoning stuffing mix such as kraft stove top,1
soy milk such as silk,1
vegan mayonnaise such as vegenaise,1
vegan parmesan style topping such as go veggie,1
sourdough bread crumb,1
sheets heavy duty aluminum foil,1
liptauer cheese,1
parsnips cut into round,1
green beans whole frozen,1
feta sauce,1
bag cranberries rinsed and sorted,1
green tomatoes cut into inch cube,1
crumbled tomato and basil feta cheese such as atheno,1
coarsely caper,1
eggplant and very,1
zucchini and very,1
yellow squash and very,1
diagonally green bean,1
boxes boxes frozen spinach thawed and squeezed dry reserve cup liquid,1
caulifloweret,1
pasteurized processed cheese sauce,1
frozen artichoke hearts such as trader joe s thawed and drained,1
very red potato,1
dehydrated onion flake,1
sheets reynolds wrap heavy duty aluminum foil,1
roma tomatoes cut into wedge,1
butternut squash and cut into bite size piece,1
kale torn into piece,1
garnet yam,1
whole russet potato,1
high heat resistant vegetable oil,1
sprigs thyme plus more for garnish,1
tomatoes cut into wedges each,1
heads cauliflower cored and cut into floret,1
zucchinis cut into inch french fry strip,1
mccormick perfect pinch italian seasoning,1
frozen cauliflower florets thawed,1
herb and garlic flavored cream cheese spread,1
tube prepared polenta cut into inch slice,1
dry bread stuffing mix with seasoning packet reserved,1
thyme leaves only,1
dino kale,1
lemon flavored olive oil,1
caesar dressing with flax seed,1
philadelphia chive onion cream cheese product,1
sleeves buttery round cracker,1
corn flour such as bob s red mill,1
garbanzo fava bean flour such as bob s red mill,1
log herbed goat cheese chevre,1
extra tofu drained pressed and,1
herb seasoned stuffing cube,1
johnsonville italian all sausage,1
apples undrained,1
yams undrained,1
cherry sauce,1
dietz watson garlic cheddar cheese,1
herb seasoning blend such as spice island citrus herb,1
heads escarole cut into inch piece,1
loaves processed cheese i e velveeta,1
head cauliflower cut into big chunk,1
tomatoes deseeded and,1
zucchini very,1
parsnips and or carrot,1
cucumber dip,1
radishes cut into inch slice,1
zucchinis quartered and cut into spear,1
honey mustard dipping sauce,1
bunches broccoli rabe ends and cut into inch piece,1
swiss chard stems removed leaves cut into inch piece,1
soy free buttery spread such as earth balance melted,1
frozen broccoli well drained,1
peppermint patty browny,1
carton swanson tuscan chicken flavor infused broth heated,1
dietz watson gourmet smoked bacon,1
crystal farms sharp cheddar cheese,1
mango pitted and cut into inch cube,1
prepared spaghetti sauce heated,1
bags clean spinach,1
bag frozen cauliflower florets thawed,1
garlic and herb feta cheese,1
white chocolate baking disc,1
spinach see note,1
new,1
scallions cut in half lengthwise and,1
loaves gluten free bread cut into inch cube,1
head cauliflower quartered,1
prepared spinach artichoke dip,1
raspberry topping,1
stemmed torn and rinsed kale,1
ginger ale concentrate,1
smoked tofu frozen and thawed,1
frank s redhot original cayenne pepper sauce to taste,1
dry unseasoned bread cube,1
freshly shucked corn kernel,1
lemon zest plus more for garnish,1
regular white grit,1
leek into inch strip,1
uncle ben s flavor infusions parmesan butter rice,1
prepared unbaked pizza dough,1
frozen yellow corn,1
kosher salt cut in half if using fine salt,1
unsalted butter for greasing casserole,1
cold vegetable stock,1
corn flake topping,1
yams drained and cut into chunk,1
neufchatel cheese such as valley,1
mccormick poultry seasoning,1
leeks cut into inch round,1
lightly basil,1
alcohol free vanilla extract,1
sprigs chervil,1
spot prawn,1
fluid ounces mirin japanese sweet rice wine,1
fluid ounces canola oil,1
fluid ounce canadian rye whiskey,1
ginger orange marmalade,1
chili garlic sauce such as lee kum kee,1
fillets swedish anchovy,1
heads bok choy cut into inch square,1
gari cassava flour,1
thawed frozen pea,1
wakame,1
green papaya,1
korean red pepper thread,1
halibut cheek,1
dry pink bean,1
sella basmati rice,1
loaf portuguese sweet bread,1
fillets red snapper skin removed,1
grape leaves rinsed and patted dry,1
masa harina corn flour,1
italian leaf parsley,1
kimchi into bite sized piece,1
herring tidbit,1
marshmallow base,1
n y c irish soda bread,1
salted plum liquid,1
fluid ounce orange vodka,1
miniature nacho cheese tortilla chip,1
orange wedge for garnish,1
white bread crumbled into fine breadcrumb,1
hearty country bread,1
semolina sooji rava,1
pisco white rum brandy,1
japanese eggplants cut in half lengthwise and stems removed,1
limes cut into wedges and seeded,1
zucchini cut into piece,1
squid cleaned and,1
fluid ounce bottle beer room temperature,1
freshly cracked peppercorn,1
vegetable flake,1
pods whole cardamom,1
oxo lamb cube,1
gallon cold milk,1
turnip and cut into inch piece,1
newfoundland style salt beef,1
garlic and red chile paste,1
plain yogurt preferably greek style with live culture,1
head cauliflower cut into florets with inch stalk,1
frozen crab meat thawed,1
black beans picked over and rinsed,1
pimento stuffed spanish green olive,1
shirataki noodles drained and rinsed,1
oil from the jar of sun tomato,1
apricot fruit filling such as solo,1
panko japanese bread crumbs available in the asian food aisle,1
quarts warm water,1
fluid ounce lychee liqueur,1
tub vanilla flavored yogurt such as yoplait,1
knorr lamb cube,1
lentils drained with liquid reserved,1
beer such as heineken,1
head cabbage and rinsed,1
hard italian rolls split,1
scrapple,1
scallions white and light green parts only,1
fluid ounce can ale,1
chermoula marinade,1
fish tagine,1
cod fillets cut into bite sized piece,1
shallot crosswise,1
halibut fillet cut into piece,1
whole garlic pickle,1
mccormick beer batter seafood batter mix,1
best quality white tequila,1
canned cheddar flavored french onion,1
italian season bread crumb,1
lemon sauce,1
tomatoes seeded and cut into strip,1
beurre blanc,1
fillets butterfish black cod,1
miso marinade,1
multigrain flake cereal,1
seasoned italian style breadcrumb,1
seasoned salt such as mccormick season all,1
fillets yellowtail flounder,1
tilapia fillet patted dry,1
swordfish steak about inche,1
clamshell mushroom,1
garlic flavored processed cheese,1
delmonte ketchup,1
bottle butter bean,1
abalone without shell,1
sriracha chile paste,1
to inch tuna steak,1
fillets barramundi asian sea bass,1
lemon butter basil sauce,1
salmon fillets about inch,1
fillets monkfish,1
pint light whipping cream,1
fillet black cod bones removed,1
masa flour,1
mustard seed such as mccormick,1
sprigs parsley for garnish,1
porcini mushrooms cleaned and,1
crab preferably claw picked over,1
cucumbers lengthwise seeded and,1
cod cut into piece,1
solid white albacore tuna in water such as bumble bee,1
marinated red pepper,1
dill stem,1
canned green peas drained liquid reserved,1
sashimi grade yellowfin tuna,1
rustic whole grain bread,1
coarsely potato chips such as utz,1
fillets ahi yellowfin tuna steak,1
salad vegetable,1
haricots verts french green bean,1
nicoise gaeta,1
chervil sprig,1
basil or parsley,1
lobster tails with shell,1
salt and white and red pepper to taste,1
bay scallops tough muscle removed,1
leek white and tender green parts only lengthwise and,1
nonfat refried bean,1
lobster tails meat removed and shells reserved,1
swordfish steaks cut inche,1
fillets king,1
frozen cod fillets thawed,1
frozen tail off shrimp,1
crispy red tostada shell,1
extra shrimp per lb,1
halibut fillets skin removed,1
rainbow trout gutted and cleaned heads and tails still on,1
cleaned smelt,1
inch square wonton wrappers cut into strip,1
fluid ounces tomato and clam juice cocktail such as clamato,1
plump lemongrass stalk tender white inner bulb only,1
sterilized half pint canning jars with lids and ring,1
white anchovies washed,1
raspberries blackberries blueberry,1
pitted and prune plum,1
sheets frozen phyllo pastry thawed,1
low fat vanilla greek style yogurt,1
low fat soy milk,1
shallots into sliver,1
methi dana,1
extra tofu cut into bite sized cube,1
italian plum tomatoes coarsely,1
unsalted light butter,1
mixed beans rinsed and drained,1
loosely spinach coarsely,1
slices egg bread challah,1
pocket bread round,1
leeks white and pale green parts only into inch round,1
anchovy fillets drained and brine reserved,1
inch sun tomato tortilla,1
bunches spinach washed and,1
hot green pepper,1
milk chocolate such as dairy milk,1
okra pods diagonally,1
belacan malaysian chili shrimp paste,1
tomato sauce such as prego heart smart,1
inch squares cheesecloth,1
san georgio jumbo pasta shell,1
fluid ounce jigger coconut flavored syrup such as davinci,1
swede rutabaga and,1
frozen mixed berries such as europe s best field berry mix,1
zucchini courgettes cut into inch cube,1
rings onion,1
soy chunks textured vegetable protein,1
inch metal cookie cutters with open top,1
cracked rye berry,1
indian curry powder,1
ham bouillon crumbled,1
sugar and spice nut,1
eggplants cut in half lengthwise and hollowed out to inch flesh rim,1
cold basmati rice,1
chinese egg roll wrap,1
brown apple vinegar,1
dry yellow split pea,1
barbados molasse,1
kasturi lime,1
refried bean,1
white sandwich bread cut into inch piece,1
canned water chestnuts drained,1
dungeness crabs cleaned and cracked,1
chile garlic sauce such as sambal oelek,1
rolled wheat,1
serrano chiles with seed,1
lemongrass bruised,1
adobo seasoning with pepper such as goya,1
extra tofu cut into long strips about inch wide,1
bread improver,1
snow peas and crosswise,1
english cucumber with peel,1
lebanese laban mutboukh yogurt,1
jamaican jerk marinade,1
pressed and extra tofu,1
prepared rice,1
half pint canning jars with lids and rings sterilized,1
unsalted macadamia nut piece,1
u scallops tendon removed,1
low fat salsa,1
quick rise instant yeast,1
pimenta moida,1
lemons and juiced,1
white balsamic vinegar not distilled vinegar,1
vegetarian banana pudding mix,1
fluid ounces chilled lemon lime soda,1
icing drizzle,1
cinnamon drizzle,1
wheat and flax flour such as robin hood nutri flour blend omega fibre,1
mint jelly,1
cucumber wedge for garnish,1
lemon juice and pulp of,1
green tomato puree,1
canned adzuki beans drained,1
hard egg yolk,1
non fat low sodium ricotta cheese,1
crookneck yellow squash cut into inch piece,1
turnips and cut into inch slice,1
cheap red wine,1
fillets sea bass about inch,1
mixed nuts cashews pistachios almond,1
queso fresco cut into chunk,1
prepared shelled bean,1
size potato,1
sheet nori dry seaweed cut into inch strip,1
pound live lobster,1
creme fraiche sour cream,1
high quality canadian blended whiskey,1
coffee with chicory,1
bottle pinot grigio,1
okra ends and lengthwise,1
yellow cheddar cheese,1
red sorrel bud,1
white clove,1
tea bags black tea,1
parmesan pecorino romano cheese,1
boxes dry stuffing mix,1
white rice vinegar or other white vinegar,1
dry black garbanzo beans kala channa,1
mature cheddar cheese,1
quart freshly squeezed orange juice,1
bird s eye chiles seeded and stems removed,1
yuzu japanese orange lemon,1
yellow chile pepper,1
queso blanco white cheese,1
red pepper paste,1
powdered dairy creamer,1
for the pilaf,1
leek light parts only rinsed and,1
green onions to garnish,1
for the poolish,1
beef marrow,1
pigeon peas with liquid,1
tilapia cleaned and scaled,1
green mung beans green gram,1
cloves to taste,1
salted shrimp saeujeot,1
korean radish cut into matchstick size piece,1
new mexico,1
round tomatoes seeded and,1
crowns broccoli cut into floret,1
almost kai banana,1
loaf stale italian bread crumbled,1
pancake mix sifted,1
prepared soda bread farl,1
pumpkin cut into inch piece,1
plum tomatoes into wedge,1
water tofu drained and,1
heads napa cabbage cored and cut into quarters lengthwise,1
spinach with stem,1
sweetened corn based cereal such as cap n crunch,1
morningstar farms better n burger,1
deli style dijon mustard,1
carton egg substitute,1
squeezes lemon juice,1
sea scallops tough muscles removed,1
skin on cod,1
risotto,1
langostino,1
apricot dipping sauce,1
flounder fillets rinsed and patted dry,1
seasoned rye cracker,1
sprigs rosemary plus extra for garnish,1
slender asparagus spear,1
very salmon fillets sushi grade preferred,1
heads bok choy lengthwise,1
salmon bake,1
textured bread,1
red snappers cleaned and scaled,1
asparagus cuts and tips drained,1
japanese mayonnaise such as kewpie brand,1
low fat creamy salad dressing e g miracle whip,1
semi dry white wine such as chabli,1
lobster tails split in half,1
tomatoes each cut into quarter,1
hake prime steak,1
yellow and red grape tomato,1
mango garlic seafood seasoning,1
low sodium seafood seasoning such as old bay less sodium seasoning,1
striped bass fillets cut into cube,1
ouzo anise flavored liqueur,1
jumbo prawn,1
thai chilli paste nam prik pao,1
bite size summer squash piece,1
herb mustard such as tarragon mustard,1
french green bean,1
inch halibut fillet,1
day old sourdough bread crusts removed,1
sea scallops per pound,1
twists lime zest,1
alpine lace reduced fat ham,1
red snapper cleaned not scaled,1
bay scallops rinsed and drained,1
fillets monkfish fillet,1
cream of shrimp soup such as campbell s,1
frozen lobster tails rinsed,1
and deveined bay shrimp,1
alaskan king crab legs with shell,1
pacific halibut fillet,1
swiss white chocolate,1
frozen spinach souffle,1
black cod,1
pinot gri,1
tilapia fillets cut in half lengthwise,1
hot spanish rice,1
haddock fillets each cut into third,1
spicy bloody mary mix,1
sea salt plus more for garnish,1
shucked oysters with liquor,1
white bread crumbled into fine crumb,1
smoked trout fillets checked for bones and crumbled,1
hot prepared horseradish,1
iranian rice,1
fillets red snapper bones removed,1
buttery spread such as smart balance softened,1
reduced fat olive oil mayonnaise,1
fish stick,1
halibut fillets cut into x inch strip,1
lemon basil dressing,1
shallot coarsely,1
mushrooms cut into inch piece,1
prepared country style gravy,1
tomato juice such as sacramento,1
butter flavored spread such as i can t believe it s not butter spread,1
refrigerated unbaked pie crust,1
peaches and cut into inch slice,1
scoops vanilla whey protein powder,1
nonfat powdered milk,1
nonfat vanilla yogurt such as dannon light and fit,1
oats such as quaker oat,1
hard eggs and cut into eighth,1
salt and several grinds of pepper,1
instant banana flavored oatmeal,1
bergy dim sum shrimp dumpling,1
vanilla flavored syrup such as torani,1
canned artichoke hearts rinsed and drained,1
old fashioned oats such as quaker oat,1
arepas corn flour cake,1
jones dairy farm all golden brown sausage links according to package directions cooled and cut into piece,1
cheddar and jack cheese,1
dry mix ingredient,1
to make batter combine cups dry mix with the following,1
fluid ounces almond milk,1
vanilla coconut milk beverage,1
plain bread cut into piece,1
sugar free white chocolate syrup such as torani,1
sugar free caramel coffee creamer such as international delight,1
gluten free baking flour such as bob s red mill,1
italian bread cut into bite size cube,1
loaf unsliced white bread with crust,1
low calorie granulated sugar substitute such as sweet n low,1
loaf banana bread,1
slices very stale french bread crosswise,1
coconut vanilla yogurt,1
coconut sugar and more for topping,1
complete pancake mix such as aunt jemima s buttermilk complete,1
rooibos tea bag,1
carton liquid egg substitute,1
bread cut into third,1
fluffy white bread,1
gluten free baking mix such as bisquick gluten free,1
sprigs rosemary leaves removed and,1
peppered turkey bacon,1
chocolate flavored almond milk,1
old fashioned rolled oats such a quaker,1
white asparagus and cut into inch piece,1
heavy whipping cream at room temperature,1
ceylon cinnamon,1
drained zucchini,1
hot freshly brewed dark roast espresso coffee,1
tomatoes into wedge,1
bottle malbec red wine,1
brown gravy heated,1
brewed coffee chilled,1
chocolate instant breakfast mix,1
ham cut into cube,1
dark caraway rye bread,1
mixed frozen fruit,1
green ice cube see footnote,1
manuka honey,1
frozen spinach thawed squeezed dry,1
cracker barrel crumbled feta cheese with oregano sun tomatoes and black pepper,1
pyure bakeable blend stevia sweetener,1
brownie swirl,1
oval sandwich roll,1
strawberries stemmed and hulled,1
flaxseed milk,1
lemon peel such as penzey s,1
sweet wild rice,1
tomato topping,1
frozen white fish fillet,1
fluid ounces bottled clam juice,1
fillets tilapia bream,1
wild salmon,1
honey flavored greek style yogurt,1
blood orange into round,1
squares of parchment paper,1
ranch style black eyed pea,1
salmon side,1
tuna chunks in olive oil,1
halibut cut into inch square,1
canned sardines in water drained,1
evaporated milk plus more as needed,1
tandoori masala paste,1
pint sour cream room temperature,1
fennel fronds and thread,1
bulb fennel and very,1
spicy hungarian paprika,1
squid tubes and tentacles cleaned,1
loosely saffron thread,1
oysters in shells well scrubbed,1
irish style butter such as kerrygold,1
low carbohydrate tortilla,1
halibut cut into inch slice,1
rice cooking wine,1
pompano fish,1
plain melba toast round,1
cheddar cheese crumble,1
light oil tuna,1
hoagie rolls and split lengthwise,1
lobster tails thawed,1
radish sprout,1
buffalo wing seasoning mix such as mccormick original buffalo wings seasoning mix,1
blood oranges and into round,1
thyme sprigs for garnish,1
bourbon whiskey such as jack daniel s,1
red chili sauce to be used with traditional tamale,1
and flaked blue crabmeat,1
white bread cut in half,1
sea scallops well,1
cod cut into bite size piece,1
halibut steak inch thickness,1
bag yukon gold potato chip,1
stuffing mix such as bell s,1
vindaloo flavored tuna,1
trout butterflied and deboned,1
loaf unsliced french bread,1
surimi imitation crabmeat,1
unbaked deep dish pie crust such as marie callender s,1
green curry sauce,1
branzino sea bass fish,1
prepared basil pesto such as classico,1
oysters drained and rinsed,1
dover sole,1
orange roughy cut into x inch piece,1
pouches white albacore tuna,1
primal kitchen avocado oil mayonnaise plus more for spreading,1
slices gruyere white cheddar,1
cut ahi tuna steak,1
cajun style blackened seasoning old bay recommended,1
barilla sweet peppers garlic sauce,1
condensed cream of shrimp soup such as campbell s,1
special sauce,1
inch halibut steak,1
soy based steak marinade,1
blackened seasoning such as old bay,1
freshly sea salt,1
milk light cream,1
herring roe,1
lemons ends and thickly,1
yellow perch fillet,1
garlic and herb flour tortilla,1
fine bread,1
crabmeat drained picked clean,1
ginger cut into strip,1
poaching sauce,1
cod cut into inch chunk,1
pepper smoked salmon,1
tilapia fillets cut into inch piece,1
lemon slices cut into quarter,1
freshly shucked oysters on the half shell,1
rolls warmed,1
fillet halibut fillet,1
barramundi asian sea bass fillet,1
red guajillo chile sauce such as herdez,1
asparagus cut into third,1
trimmings to include lettuce tomato and onion,1
mushrooms cleaned and,1
chicken flavored stuffing mix such as stove top,1
smoked oysters drained rinsed and,1
dry pack sea scallop,1
mahi mahi steak,1
blackening seasoning,1
rosemary plus more for sprinkling,1
dill weed plus more for sprinkling,1
catfish fillets cut into x inch stick,1
pureed chipotle pepper,1
perch fillet,1
fillets spanish mackerel fillet,1
stir fry vegetable,1
onion ring,1
frozen salmon fillet,1
shelled deveined shrimp,1
italian parsley sprig,1
melted trans fat free margarine,1
dry crab boil such as zatarain s crab shrimp boil,1
inch untreated cedar plank,1
day old white bread,1
powdered rice,1
surimi imitation crabmeat cut into bite sized piece,1
slices italian bread cut in half,1
apricot jam or orange marmalade,1
spinach with garlic,1
spinach preferably well washed and drained,1
fillet arctic char rinsed and patted dry,1
buttery spread such as smart balance melted,1
achute water,1
unsalted dry curd cottage cheese,1
yellow squash cut into cube,1
snapper fillet,1
black cod cut into eight ounce pieces skin scored inch deep,1
lamb sweetbread,1
mayonnaise plu,1
bottle beer i e newcastle brown ale,1
vegan margarine such as smart balance melted,1
raspberry marmalade,1
strawberry pineapple salsa,1
lemon into rounds with the ends reserved,1
filet steelhead trout,1
salmon patty,1
dill sauce,1
monkfish fillet,1
spring salmon fillet,1
dry cornbread stuffing mix,1
oysters drained and liquid reserved,1
kingfish gutted and washed,1
salmon fillet with skin removed,1
tomatoes cored and coarsely,1
avocado cut into chunk,1
nonfat vanilla yogurt not greek,1
cranberry herb tea bag,1
instant oatmeal unsweetened,1
crisco corn oil,1
martha white plain enriched yellow corn meal,1
goya coconut milk,1
goya sweetened condensed milk,1
goya cream of coconut,1
granulated sugar sugar substitute,1
fluid ounce peppermint liqueur,1
ball realfruit low,1
unsweetened fruit juice thawed fruit juice concentrate,1
grapefruit section,1
grapefruit salsa,1
sweet and spicy rub,1
as needed mazola no stick canola,1
orange glaze,1
spiced drink rimmer,1
beverage,1
hard caramel,1
philadelphia brick cream cheese,1
hillshire farm smoked sausage cut into inch piece,1
baileys almande,1
creamy orange frosting,1
kaffir lime leaves torn into quarter,1
lemongrass bottom inches only outer leaf,1
gallon whole milk buttermilk,1
fluid ounce rum cream liqueur,1
fluid ounce milk,1
fluid ounce strawberry flavored syrup,1
inch salmon fillet,1
miso soybean paste,1
sake butter sauce,1
jelly tot,1
plain fat free greek style yogurt,1
saffron essence,1
extra long grain rice minute,1
prepared pizza dough preferably whole wheat,1
pillsbury grands homestyle refrigerated original biscuit,1
vegetables such as asparagu,1
maille dijon originale,1
loaf frozen pound cake thawed,1
low sodium kidney beans rinsed and drained,1
morton fine sea salt,1
very avocado from mexico,1
snipped dill weed,1
california black fig,1
plum tomatoes crosswise,1
refrigerated rolled ready to use pie crust,1
goya red pepper,1
flaky sea salt for topping,1
arugula tough stems removed,1
caramel pecan sauce,1
snipped apricot,1
dry pistachio nuts and,1
sister schubert parker house rolls defrosted and crumbled into piece,1
for bean,1
regular,1
green beans blanched cooled and cut into piece,1
mazola extra virgin olive oil,1
freshly spice islands sea salt adjustable grinder,1
and deveined frozen,1
bottle crosse blackwell zesty shrimp sauce,1
salmon tail,1
cod or other white fleshed fish fillet,1
vanilla strawberry,1
johnsonville french toast flavor breakfast sausage,1
brown sugar and cinnamon spreadable cream cheese,1
lowfat curd cottage cheese,1
lychee juice from a can of lychee,1
lychee for garnish,1
onion powder with green onion and parsley,1
toor dal pigeon pea,1
deli marinated italian vegetable salad drained and coarsely,1
rich tea biscuit,1
chile verde con cerdo green chili with pork,1
lingonberry,1
sichuan bean sauce,1
chayote cut into piece,1
dry mustard powder such as coleman s,1
slice of french baguette,1
spinach leaves torn in half,1
additional extra virgin olive oil for brushing,1
biga,1
new mexico chile pods seeds and veins removed,1
white eggplant,1
split fava bean,1
non dairy creamer such as coffee mate,1
hot cocoa mix such as godiva,1
gomasio such as eden food,1
hot prepared instant mashed potato,1
el ranch o dressing,1
jasmine herbal tea bag,1
zucchini with a vegetable peeler,1
freshly parmesan or mozzarella cheese,1
zucchini blossoms rinsed and,1
bittersweet chocolate melted,1
squid cleaned and tentacles removed,1
quail dressed,1
pancetta italian unsmoked cured bacon,1
frozen artichokes thawed and,1
rye flake,1
mellow white miso paste,1
salt free seasoning blend such as club house no salt added vegetable seasoning,1
recipe whole wheat pastry for a double crust,1
young pandan leaf,1
head on shrimp,1
pineapple with skin,1
cold lard,1
atlantic sea bass,1
caraway seed lightly and then,1
black eyed peas cowpea,1
oatmeal streusel,1
graham crust,1
for the kofta,1
for the gravy,1
bottle mexican style hot sauce such as valentina,1
bottle coffee flavored liqueur such as kahlua,1
bottle irish cream liqueur such as panama jack,1
orange pudding,1
frozen dinner rolls dough thawed,1
hot fish stock,1
eggnog plu,1
lobster tail cut into inch slice,1
salmon steaks inch,1
mexican manchego cheese,1
sticks bean curd,1
black fungu,1
purple yam root unpeeled,1
chunky tomatoes with red pepper,1
citric acid,1
red rooibos tea bag,1
eggplant quartered and,1
kaffir lime leaf for garnish,1
frozen carrot slice,1
granulated white sugar,1
sticks unsalted european style butter,1
sugar slightly less see direction,1
panko japanese style breading,1
shark fillet,1
mango jam,1
land o lakes eggs at room temperature lightly beaten,1
land o lakes butter with olive oil and sea salt melted,1
philadelphia herb garlic cooking creme,1
quick cooking yellow grit,1
country white bread,1
butter with canola oil,1
melted cooled butter,1
mint leaves and lime for garnish,1
idahoan original mashed potato,1
cake cube,1
pkg serving size jell o brand peach flavor gelatin unprepared,1
borden southwestern cheddar monterey jack cheese,1
refried beans heated,1
fat free flour tortillas to inch,1
land o lakes butter with canola oil,1
acai juice,1
seasonal berries strawberries blueberries whatever you like,1
instant espresso coffee powder granule,1
gluten free pound cake piece,1
unsalted pepitas see tip,1
so delicious dairy free hazelnut coconut milk creamer,1
mahi mahi fillets or other white fish,1
crosse blackwell capers rinsed and drained,1
cilantro dipping sauce,1
egg roll,1
avocados pitted,1
corn kernels frozen,1
lemon flavored vodka chilled,1
curl lemon zest for garnish,1
strawberry custard,1
mint sprig for garnish,1
old el paso fat free refried bean,1
copycat cinnabon rolls with icing,1
idahoan butter herb,1
unsweetened dutch processed cocoa powder,1
frozen cut green beans prepared according to package direction,1
cilantro fine,1
cooking starch used for preserving such as clearjel,1
cored apples treated to prevent browning and drained,1
tomato sauce mix,1
australian sweet apple chutney,1
tex mex,1
sheets x inch lavash bread,1
whole wheat,1
philadelphia less fat than cream cheese,1
pouch basmati rice,1
frozen popcorn shrimp,1
hing water,1
nuoc cham vietnamese spicy fish sauce,1
jimmy dean hot roll sausage crumbled drained,1
bread inch slice,1
shortening plu,1
self rising gluten free flour,1
glaze mix these ingredients together minutes before rolls are done in oven,1
kikkoman naturally brewed soy sauce,1
rolled oats not instant,1
bottles up,1
bean mixture,1
progresso cannellini beans drained rinsed,1
coating mixture,1
california chili powder,1
coarse sea salt gray salt,1
shrimp mixture,1
extra virgin olive oil or as needed,1
additional extra virgin olive oil,1
dole ultimate caesar kit,1
and margherita prosciutto,1
arugula for garnish,1
hungry jack buttermilk pancake waffle mix,1
rose s grenadine syrup,1
pepper yogurt aioli,1
voskos nonfat vanilla greek yogurt,1
pepper and kosher salt to taste,1
sourdough pullman bread crusts carefully cut off,1
dill coarsely,1
nonfat,1
portabella mushrooms cut in half stems removed,1
hungry jack original syrup plus more for serving if desired,1
sea salt and lime for garnish,1
hershey s chipits white chocolate baking chip,1
plain greek yogurt or sour cream,1
vegetables such as radishes celery,1
for serving,1
creme de menthe and chocolate mints unwrapped and,1
dry red lentils sorted and rinsed,1
idahoan original mashed potatoes dry,1
warm water degrees to degrees f,1
warm milk scalded and cooled to luke warm,1
johnsonville fully original recipe,1
bag birds eye recipe ready pizza supreme blend,1
pre whole wheat,1
corn chips black olives and onion,1
mccormick turkey gravy mix,1
scoops lactaid berry chocolate crumble ice cream,1
splash of lemon juice,1
tub light thawed whipped topping,1
cajun,1
pineapple flavored gelatin mix such as jell o,1
granulated sugar for coating,1
sheets x inches each reynolds wrap non stick aluminum foil,1
asian sauce,1
lemon and lime wedge,1
vodka suggested flavors citron raspberry mandarin,1
frozen hash brown potato cube,1
ball preserving pickling salt,1
mixed berries cleaned and hulled,1
mashed fully banana,1
hershey s spreads chocolate,1
pinch of orange zest,1
vanilla cooky,1
lump crabmeat well drained,1
avocado and stone fruit salsa,1
stone fruit such as peaches plum,1
avocados pitted and cut into inch dice,1
kikkoman teriyaki takumi garlic and green onion,1
cod steaks or other white fish,1
pickle powder,1
coffee ice cube,1
ball mixed pickling spice,1
pickling cucumbers inch slice,1
fruit jam such as raspberry,1
rehydrated idahoan hash brown,1
dekuyper blue curacao,1
frozen mixed vegetables for stir fry any combination,1
whole well drained bottled red pepper,1
kosher salt as desired,1
vanilla protein powder such as vega one french vanilla,1
high quality bittersweet chocolate baking bar broken into piece,1
espresso whipped cream,1
land o lakes heavy whipping cream chilled,1
extra fine edible glitter,1
asafoetida powder hing,1
fenugreek seeds methi powder,1
citrus corn salad,1
semisweet,1
nonfat plain yogurt such as mountain high,1
pita breads quartered,1
blazin bbq sauce,1
smoked salmon pate,1
allspice berry cracked,1
inch low fat chocolate graham cracker crust,1
sheet nori cut into inch strip,1
warm whole milk degrees f degrees c,1
freshly comte cheese,1
strips pickled ginger,1
raspberry flavored white wine vinegar,1
head cabbage quartered and leaves separated,1
lentil loaf,1
chocolate frozen yogurt,1
fillets imitation crabmeat cut into inch piece,1
prepared wasabi,1
togarashi japanese seven spice,1
squid cut into rings and tentacle,1
unpeeled prawn,1
tabasco to taste,1
galangal and,1
gilroy garlic,1
fluid ounces raspberry flavored soda water,1
sprig cilantro leaves for garnish,1
canned lychees drained and quartered,1
gala apple and quartered,1
dark miso paste,1
soy sauce japanese,1
hulled split pigeon peas toor dal,1
turkish style coffee,1
splashes ginger ale,1
conch shells removed,1
red serrano pepper,1
red bird s eye chile pepper,1
wheat rye and flax hot cereal mix such as red river,1
smoked haddock fillets undyed cut into inch cube,1
bottle irish stout beer such as guinness,1
fuego spice mix,1
cinnamon sticks broken in half,1
perogies with various traditional filling,1
sweet corn relish such as h e b relish that corn,1
barbeque sauce such as sweet ray s sweet n spicy,1
coriander cilantro,1
white carp cut into chunk,1
bottle cachaca,1
fluid ounces silver tequila such as patron,1
yellow potatoes such as dutch yellow pee wee potato,1
for bread,1
for sponge biga,1
lemon grass powder,1
sambal oelek indonesian red chile paste,1
dry farina cereal,1
hard eggs lengthwise,1
eggplant seeded and cut lengthwise into inch slice,1
gooseberry preserve,1
shell on prawns deveined and patted dry,1
starter,1
water to spray tops of loaf,1
beans in tomato sauce such as heinz,1
monkfish fillets cut into cube,1
multi grain hamburger bun,1
amchoor,1
tofu drained and cut into strip,1
unpeeled ginger root cut into inch chunk,1
white rice such as uncle ben s,1
black rum,1
red irish ale,1
wild pacific salmon fillet,1
fluid ounce canadian whiskey such as crown royal,1
fluid ounce kahlua,1
tomatoes with onion,1
mango pulp,1
daikon white radish into stick,1
creamy potato with garlic soup,1
bottle spring water,1
extra tofu cut into bite size cube,1
zucchini cut into bite size cube,1
yellow squash cut into bite size cube,1
yellow lentils moong dal,1
bottle proof rum such as bacardi,1
turnip leaf,1
sprigs cilantro with stem,1
turnips quartered and,1
quart hot vegetable stock,1
mushroom stock,1
kimchi brine,1
day old white rice,1
seedless watermelon and,1
broccoli rabe end,1
rice vinegar such as marukan,1
peel of mandarin orange,1
carp cleaned and scaled,1
chile garlic sauce such as sambal,1
french baguettes cut into half,1
frozen prawns thawed and tails removed,1
garam masala indian spice blend,1
roma plum tomatoes cut into quarter,1
long chinese eggplant,1
sardines in soybean oil,1
pav bhaji masala,1
inch square dinner roll,1
green tea leaf,1
snow peas and cut diagonally into inch piece,1
loaf white bread and cut into cube,1
gochujang korean red hot chile paste,1
rainbow nonpareil sprinkle,1
struffoli,1
wild striped bass fillet,1
sea salt and coarsely black pepper to taste,1
sprigs thai basil,1
canned coconut in syrup,1
colaciones candy,1
white prawns and deveined,1
fluid ounce jiggers lemon flavored rum,1
fluid ounces red wine vinegar,1
capacola ham,1
spanish octopu,1
prepared potato bread farl,1
pickled eggs cut into piece,1
garlic dill pickle,1
pickled egg juice,1
red lettuce leaf,1
bar clams drained with juice reserved,1
haddock fillet cut into inch piece,1
skin on whole green lentils sabut moong dal,1
canned lobster meat with juice,1
frozen pea pod,1
fillets white fish,1
pickled chinese vegetable,1
chinese roast pork,1
instant coffee such as folger,1
corn on the cob,1
frozen saskatoon berry,1
macaron,1
evaporated milk such as pet,1
frozen sweet pea,1
calcium chloride,1
feta mt cheese culture,1
pickled sweet pimento,1
queso fresco mexican cheese crumbled,1
fluid ounce bottle lager beer such as harp,1
spinach and stems removed,1
poblano chiles deveined and cut into strip,1
green plantains and into inch round,1
enoki mushrooms coarsely,1
seasoned chicken style vegetarian strips such as lightlife smart strip,1
red pepper rotini pasta,1
sheets wafer paper,1
pearl sago,1
fluid ounce can cola flavored carbonated beverage such as coca cola,1
pupusa dough,1
extra tofu slice inch,1
instant rice such as uncle ben s,1
unpeeled butternut squash seeded,1
hot water more if needed,1
imitation crabmeat flaked and,1
cold potato,1
shiitake mushrooms stems removed,1
oyster flavored sauce,1
halibut cut into chunk,1
goat meat,1
green plantains unpeeled,1
queso fresco cut into inch cube,1
firmly parsley leaf,1
fluid ounce jiggers mango nectar,1
egg rotini pasta,1
almond and ginger matzo ball,1
fluid ounces sake,1
paper panettone form,1
warm milk no more than degrees f degrees c,1
gram flour garbanzo bean flour,1
plum butter,1
fluid ounces lemon lime flavored carbonated beverage such as up,1
popcorn kernels popped in an air popper,1
imitation sour cream,1
gluten free chocolate chip cooky,1
grain hot cereal mix,1
white bread cubes without crust,1
cooking sake,1
yogurt whisked until,1
pork rinds chicharrone,1
hot house cucumber,1
stew bean,1
pine nuts pignoli,1
drained and quartered canned artichoke heart,1
pitted honey date,1
strawberries rinsed,1
queso asadero,1
szechwan peppercorn,1
sushi,1
zucchini cut into matchstick size piece,1
yellow squash cut into matchstick size piece,1
ginger puree,1
bunch cilantro stems removed and leaf,1
indian style yogurt such as gopi,1
refried beans warmed,1
crumbled queso fresco white cheese,1
smoked paprika plus more for topping,1
cut chilean sea bass fillet,1
slices genoa salami,1
sweet chile peppers ajicitos dulce,1
plum tomatoes seeded,1
bunches cilantro end,1
bunches culantro,1
leaves caribbean wild oregano oregano brujo,1
whole coconut drained and,1
fluid ounces kirschwasser,1
crabs cleaned and quartered,1
coconut cream concentrate,1
pupusa filling,1
chilled peach schnapp,1
frozen alaskan king crab legs thawed,1
dark brown lentil,1
all purpose flour plus additional,1
bag green,1
frozen green beans and carrot,1
pouch liquid pectin,1
sweet italian pepper,1
eggplants and lengthwise into inch slice,1
loaf bread torn in piece,1
loaf italian olive bread,1
british beer,1
pink grapefruit cocktail,1
paneer cut into cube,1
acorn squash and cut into inch cube,1
canned beets drained,1
spears asparagus and cut into bite size piece,1
zucchini matchstick,1
and cooled rice,1
vegetable broth such as penzy s,1
kim chee,1
scallions white and pale green parts only,1
peanut butter filling,1
cream at room temperature,1
jumbo shrimp in shell,1
fluid ounce jigger rum such as bacardi,1
diet lemon lime soda such as diet sprite,1
spicy red chile pepper,1
thai chili garlic sauce,1
young coconut drained with meat removed and,1
sambal chili sauce,1
thai chili peppers bird s eye pepper,1
bottle chilled riesling or preferred white wine,1
slices sweet onion,1
light fruit vinegar,1
homemade paneer panir indian curd cheese,1
chile garlic flavored butter,1
greek kefalotiri cheese,1
phyllo dough thawed,1
plain butter cooky,1
aji amarillo,1
avocados cut into strip,1
silky chocolate butter frosting,1
eggplants crosswise inch,1
molasses treacle,1
pre white corn meal such as p a n,1
arepas flour such as p a n,1
white soy sauce,1
chili garlic sauce such as sambal,1
fluid ounce jiggers premium tequila blanco,1
quart reduced sodium chicken broth,1
monkfish cut into cube,1
cucumbers and cut into x inch stick,1
and zucchini courgette,1
frozen puff pastry sheets sheets thawed,1
smoked haddock fillets undyed,1
kangaroo fillet,1
basting mix,1
adzuki bean filling,1
wheat starch,1
sea bass fillets cut into chunk,1
peach flavored vodka,1
and mashed pumpkin,1
plantain and cut into inch round,1
asian style whole sardine,1
dry pinto beans soaked overnight,1
ajmoh seed,1
pull apart red string licorice such as twizzler,1
cherry extract,1
herb and garlic broth aigo bouido,1
goya guajillo chile,1
chili cheese flavored corn chip,1
gravenstein apples cored and,1
garlic powder such as lawry s,1
beef base such as better than bouillon,1
beef preferably grass fed,1
seeded and poblano chile,1
store bought roast chickens meat picked from bones and,1
goya pineapple chunk,1
liquid shellfish boil,1
blue crabs cleaned,1
chipotle pepper from a can of goya chipotle chile in adobo sauce,1
goya pasilla chile,1
tart shell partially,1
green chile ranchero sauce,1
ancho chiles poblanos stemmed and torn into piece,1
sun tomato dressing,1
bag tortilla chips coarsely crumbled,1
fluid ounce bottle thousand island dressing,1
light olive oil for frying,1
cheese spread,1
parmigiano reggiano cheese for topping,1
california walnuts lightly,1
japanese panko breadcrumb,1
brussels sprouts split in half lengthwise,1
leeks white parts only into ring,1
chicken breasts with skin,1
pomegranate seeds only,1
slices smoked deli chicken,1
asparagus spears and cut into third,1
hominy undrained,1
potsticker wrapper,1
white jasmine rice,1
chicken and pasta,1
seasoned chicken chunk,1
dill pickles coarsely,1
deli roast pork cut into bite size piece,1
malbec red wine,1
flank steak of fat,1
orange juice with pulp,1
fluid ounce container chicken stock such as kitchen secret,1
fluid ounce can spicy vegetable juice such as v,1
cheese such as cheddar,1
golden raisins coarsely,1
leeks bulb only cut in half lengthwise,1
pesto basil sauce,1
box frozen spinach,1
dole butter bliss,1
head cabbage cored and cut into strip,1
parmesan curls shaved with a vegetable peeler,1
polly o original ricotta cheese,1
sweet dill pickle relish,1
very cold water,1
coarsely mint,1
smoked pork shank,1
recipe homemade gremolata see footnote,1
creamy parmesan salad dressing,1
thai chile pepper flake,1
long green chily,1
cucumber and,1
lettuce preferably romaine,1
frozen hash brown patties thawed,1
bottled thai peanut satay sauce,1
freshly pecorino cheese,1
ham into inch thickness and cut into inch cube,1
bacon bits such as oscar mayer,1
lemon butter sauce,1
fluid ounce bottle octoberfest beer,1
chicken halves leg and breast each,1
lemongrass bottom thirds only,1
tomatoes drained and rinsed,1
chicken rice soup mix,1
prepared beef stew,1
reduced fat blue cheese crumble,1
slices beef top round,1
pimenton de la vera smoked spanish paprika,1
de arbol chile pepper,1
japones chile pepper,1
cut rye bread,1
montreal style steak seasoning such as mccormick,1
refrigerated buttermilk biscuit dough such as pillsbury grands cut into square,1
squares garlic herb saute express saute starter,1
pre green bean,1
bacon cut into inch piece,1
tempura batter mix,1
chili cheese biscuit,1
cilantro for topping,1
chunky spaghetti sauce such as del monte,1
smithfield peppercorn garlic seasoned pork tenderloin cut into strip,1
top round steak cut into strip,1
slivered almonds for garnish,1
tomato and basil pasta sauce,1
refrigerated biscuit dough according to package instruction,1
prepared taco sauce,1
fluid ounces extra virgin olive oil,1
chicken tenderloin strip,1
fluid ounces orange flavored carbonated beverage,1
torn lettuce,1
cloves bruised,1
bottles tomato based chili sauce,1
cilantro coarsely leaf,1
frozen o brien hashbrown potato,1
lemon juice and pulp,1
daikon radish and cut into x inch matchstick strip,1
leaf lettuce leaves such as bibb,1
loosely cilantro sprig,1
condensed low fat cream of chicken and herbs soup,1
vietnamese style rice noodle,1
fluid ounce bottle ranch dressing,1
turkey kielbasa sausage,1
multi grain cracker,1
onions keep the skin on,1
new mexico chiles seeded and cut into inch piece,1
rice garlic vinegar,1
pandan leaves knotted,1
tomatoes with habanero peppers such as ro tel hot,1
pheasant breast halves cut into chunk,1
grams beef,1
venison round steak,1
pepper salt to taste,1
of your favourite tomato sauce,1
chourico cut into piece,1
beef top round roast,1
hot green chily,1
barbeque glaze such as jack daniel s,1
pineapple flavored cream cheese such as philadelphia,1
bbq rub,1
glazed donut,1
squares rye bread,1
red gold petite tomatoes with garlic olive oil,1
smoke ham,1
ricotta stuffed frozen shell pasta,1
inch venison steak,1
seasoned black beans undrained,1
leek and cut into inch piece,1
mandarin orange and segmented,1
dole tropical gold pineapple chunks drained reserve tablespoon,1
tuscan olive oil,1
moist grey sea salt and freshly cracked pepper to taste,1
uncured bacon,1
chicken stock more as needed,1
of lemon,1
instant tomato soup mix,1
hawaiian style marinade,1
pasta sauce such as muir glen,1
frozen peas not thawed,1
dry bean mix for soup,1
bottle hickory flavored barbeque sauce such as open pit,1
lightly arugula very coarsely,1
parmesan flavored couscou,1
low sodium teriyaki sauce plus reserve for brushing,1
pork lung,1
chicken breast quarters with wing,1
pork heart,1
jerk marinade,1
fillets beef tenderloin filet,1
sauerkraut such as silver floss undrained,1
mcintosh apples cored and cut into wedge,1
italian chicken sausage,1
standing rib roast fat,1
rock salt such as morton rock salt for making ice cream,1
dry au jus gravy mix,1
fruity white wine such as gewurztraminer,1
lamb breast separated in two piece,1
white wine vinegar more as needed,1
flat cut corned beef brisket,1
green thai chile,1
choice,1
with lid,1
french bread cubes inch piece,1
wheat farfalle bow tie pasta,1
brown clamshell mushrooms separated,1
celery ribs with leaf,1
calabrian hot chili sauce,1
fully ham cube,1
mulato chile,1
pasilla chily,1
cranberry beans drained,1
tablet of mexican chocolate such as abuelita,1
tofu cut into inch piece,1
converted rice such as uncle ben s,1
zucchini and or yellow squash cut into third,1
pickled carrot and daikon radish,1
dry whole pea,1
napa cabbage kimchee,1
mccormick hot chili seasoning mix,1
brussels sprouts lengthwise,1
giblets and neck from turkey,1
dry turkey gravy mix,1
korean chile bean paste,1
sprig spearmint,1
fluid ounce can beer such as shiner bock,1
grams spaghetti,1
lime zested and fruit cut into quarter,1
for salad,1
inch slices of beef round,1
chana dal,1
crusty sandwich rolls unsplit,1
borden mild cheddar shred,1
venison rib,1
idahoan four cheese mashed potato,1
light alfredo sauce,1
stewed tomatoes with garlic and olive oil,1
drained and bottled red sweet pepper,1
fluid ounces burgundy cooking wine,1
deli ham into strip,1
loaves cocktail rye bread,1
cream of coconut such as trader joe s extra and rich,1
bottle red thai curry sauce such as trader joe s,1
rice stick vermicelli noodle,1
coarsely green onion,1
vinegar based carolina style bbq sauce,1
mini sweet roll,1
yellow corn kernel,1
rotisserie chicken breast half,1
rye bread crumb,1
apples e g granny smith cut into inch dice,1
burrito seasoning,1
soy sauce such as silver swan,1
dry pancit canton noodle,1
tyson ready chicken breast fillet,1
paste,1
preserved lemon pulp discarded and,1
tarragon sprigs leaves only,1
harissa sauce see footnote for recipe link,1
harissa sauce for garnish,1
sprigs tarragon for garnish,1
bunches green onions scallion,1
land o lakes eggs slightly beaten,1
dry ranch flavored dressing mix,1
stewed tomatoes juices reserved,1
american cheese such as kraft melt,1
fluid ounce bottle lager beer such as foster s,1
double cheddar pasta sauce such as ragu,1
blue cheese dressing such as ken s,1
frozen broccoli spear,1
polly o part skim ricotta cheese,1
spicy ranch style salad dressing,1
slices white bread cut into inch cube,1
slices beef bologna,1
roast beef with gravy,1
partridge breast half,1
red potatoes cut into inch cube,1
velveeta cut into slice,1
coarse bulgur,1
dinner rolls inch,1
cut peppered bacon,1
smoked blue cheese,1
cored pineapple,1
zucchini ribbon,1
fat free less sodium chicken broth,1
brine cured pitted olives such as kalamata lengthwise and brine reserved,1
italian flavored tomato paste,1
of giblets and neck from turkey,1
ramen noodle cake,1
top sirloin inche,1
flat iron steak across the grain,1
under peaches pitted and cut into wedges each,1
inch center cut pork chop,1
pastrami into strip,1
inch hearty country bread,1
orange habanero chili pepper,1
red thai chili pepper,1
mediterranean style with basil,1
meaty frog leg,1
spicy horseradish mustard,1
quart light cream,1
campbell s tomato juice tomato juice,1
cured pork,1
kansas city bbq sauce,1
kansas city bbq sauce see below for recipe,1
slices ham torn into bite size piece,1
contadina tomato puree,1
precooked smoked chicken sausage,1
buitoni refrigerated spinach cheese tortellini prepared according to package direction,1
buitoni refrigerated alfredo sauce,1
buitoni freshly parmesan cheese,1
rabbit meat,1
skirt steak into strip,1
smithfield mesquite seasoned loin filet,1
loaf cuban bread,1
slices smoked fully ham,1
dill pickle lengthwise,1
stewed tomatoes the liquid reserved,1
quart reduced sodium butternut squash soup,1
frozen peas rinsed and drained,1
dark french mustard,1
bottle creole butter and jalapeno injectable marinade such as tony chachere s,1
half leg of lamb bone in,1
dijon mustard such as clovi,1
lite coconut milk,1
warm naan bread,1
butterball turkey thawed if frozen,1
jalapeno peppers with stem,1
fully pork sausage,1
fatback into rectangle,1
split chicken breasts with skin,1
quail cleaned and split lengthwise,1
canned no salt added black beans rinsed,1
hot long grain brown rice,1
venison or other big game,1
broccoli floweret,1
marinade injector,1
artichoke aioli,1
good quality honey,1
chiffonade basil leaf,1
yards of sausage casing,1
pork fat,1
least beef,1
coarsely seeded red,1
french bread torn into bite size piece,1
whole beet green leaves stems removed,1
bison top sirloin steak,1
frozen cut broccoli thawed and drained,1
carton swanson chicken stock regular,1
apple into toothpick sized sliver,1
smoky bacon,1
beef hamburger patty,1
mission flour tortilla,1
red pepper inch x inch,1
frozen peas partially thawed,1
link sweet italian sausage,1
horizon reduced fat milk,1
pace taco seasoning mix,1
herb seasoned panko,1
skirt steak of excess fat,1
plain dry breadcrumb,1
ivanhoe parmesan cheese,1
passata,1
pinch hot pepper flake,1
canned no salt added black beans drained and rinsed,1
habanero flavored cheddar cheese,1
mushrooms cut in half,1
hot mustard powder such as coleman s,1
pork loin chops inch,1
frozen yellow corn kernel,1
campbell s condensed cream of broccoli soup,1
swanson premium chunk chicken breast in water drained,1
beef smoky cocktail sausage,1
bottle processed cheese spread with jalapeno,1
coarse salt and cracked black pepper,1
fluid ounce bottle steak sauce e g heinz,1
chinese dark soy sauce,1
pureed kiwi,1
frozen corn and bean blend,1
sweet cherry tomato,1
zatarain s jambalaya mix original,1
lemon grass stalks white parts only cut into inch piece,1
young coconuts liquid only,1
french bread crumb,1
roast pork,1
celery inch piece,1
carrot inch piece,1
parsley stem,1
washed and collard green,1
hawaiian bun,1
and tomatoes juice reserved,1
southwest seasoning,1
borden four cheese mexican shred,1
racks back rib,1
butcher s steak hanger steak,1
envelope hollandaise sauce mix such as knorr,1
drained canned stewed tomato,1
hot basmati,1
fillet beef tenderloin filet mignon,1
stewed tomatoes lightly drained,1
tom yum paste,1
slab back ribs cut into individual rib,1
slices jarlsberg cheese,1
mixed salad greens and herb,1
black angus ribeye steak,1
lemon cut into piece,1
farmer s market arugula,1
monterey jack cheese such as beecher s just jack,1
chipotle hot sauce such as cholula,1
buttery mashed potato,1
elk steak,1
peppercorn sauce,1
plain bagel split,1
kraft thousand island dressing,1
well drained claussen sauerkraut,1
kraft big slice swiss cheese slice,1
triscuit deli style rye cracker,1
crab stuffing,1
frozen puff pastry thawed and cut into quarter,1
fluid ounce bottle dark lager style beer such as shiner bock,1
light italian style salad dressing,1
dry spice mix,1
herbs such as basil,1
pizza dough see footnote for recipe link,1
ham and,1
mushrooms cut in quarter,1
extra spanish onion,1
spicy italian turkey sausage,1
refrigerator pie crust,1
cut round steak,1
dijon honey mustard,1
asian chili black bean sauce,1
washington state red wine such as a merlot,1
grass fed beef patty,1
seattle aioli,1
shot brewed espresso such as starbuck,1
grain,1
pattypan squash and seeded,1
bottles habanero hot sauce,1
traditional flavor pasta sauce,1
fryer chickens quartered,1
sauerkraut drained and pureed,1
milk cracker crumb,1
kosher salt and cracked black pepper,1
lamb shoulder steak,1
bunches spinach cleaned,1
sauerkraut drained well squeezed very dry,1
emmenthaler cheese,1
crackers and bread for serving,1
frozen black cherries thawed,1
premium white chicken breast,1
prepared olive tapenade,1
chicken flavored ramen noodles broken into piece,1
sirloin steak into x inch piece,1
shoyu japanese soy sauce,1
brown gravy mix such as mccormick,1
spinach tough stems removed,1
turkey fat from roasting pan,1
bag charcoal briquette,1
bottle barbeque sauce such as dinosaur,1
carton turkey broth,1
tomatoes quality varies dramatically i prefer redpack progresso and muir glen brand,1
chicken breasts to ounces each,1
spicy chili seasoning mix,1
fluid ounce bottle thousand island salad dressing,1
hardwood smoked bacon,1
taleggio cheese,1
envelope dry chicken gravy mix,1
italian style frozen meatball,1
creamy garlic salad dressing,1
head romaine lettuce leaves torn into inch wide strip,1
long grain and wild rice mix such as mahatma,1
potatoes or to taste,1
bottles hot pepper sauce such as tabasco,1
nacho cheese sauce,1
yogurt dip,1
brown onion,1
tomatoes or to taste,1
bosc pears cored and cut into quarter,1
spicy sweet mayo,1
cotechino,1
paper muffin liner,1
secret sauce ingredient,1
steak cut into one inch cube,1
breaded and chicken breast half,1
mild yellow banana pepper ring,1
lemon grass bruised and cut into inch piece,1
vermont cheddar cheese,1
quick cook farro such as trader joe s,1
tiny whole onion,1
fromage blanc french style cheese,1
light brown sugar plu,1
ketchup based barbecue sauce,1
golden pepperoncini undrained,1
butter flavored granule,1
brandy such as armagnac,1
bunches sage leaf,1
chicken broth base,1
orange zest cut into strip,1
dry crab and shrimp boil seasoning,1
macintosh apple cored and,1
inch slices ginger,1
potpourri,1
legs duck,1
balls prepared pizza dough,1
frozen breaded chicken patties such as tyson,1
frozen garlic bread,1
kosher turkey sausage,1
coarsely crumbled blue cheese,1
head lettuce leaves rinsed and,1
mccormick clove,1
canned sloppy joe sauce,1
refrigerated reduced fat crescent roll,1
green leafy lettuce,1
bone in spiral cut ham,1
cornstarch if needed,1
matchstick cut apple strip,1
chicken wings with skin,1
buttermilk ranch dressing such as hidden valley,1
pepperoncini juice,1
french bread rolls split in half lengthwise,1
basket grape,1
mojo sauce,1
egg substitute such as egg beaters southwestern style,1
frozen duckling thawed,1
feet inch diameter hog casings rinsed,1
calf s liver,1
red beans rice mix,1
head cabbage cut into inch square,1
mushrooms all except for,1
box frozen peas and carrot,1
zucchini squash and cut into inch round,1
yellow summer squash and into inch piece,1
loaf unsliced round pumpernickel rye bread,1
chipotle chiles stemmed and seeded,1
slices maple cured bacon,1
tomatoes not drained,1
instant mashed potatoes such as idahoan red,1
recipes pastry for a inch single crust pie,1
tuna such as chicken of the sea,1
fully smoked sausage,1
granulated onion powder,1
fluid ounces ipa beer such as lagunitas wilco tango foxtrot,1
maple tea bag,1
cardamom pods seeds removed and,1
center cut pork loin,1
portions turkey breast,1
frozen squash ravioli,1
freshly dairy free parmesan cheese,1
del monte original recipe stewed tomatoes not drained,1
pot roast seasoning mix for slow cooker,1
heat and serve white rice,1
silk original coconutmilk,1
fluid ounce container beef broth such as progresso,1
kielbasa and,1
chicken filling,1
sour cream sauce,1
chicken flavored ramen noodle seasoning packet,1
light garlic flavored cream cheese,1
steak rub,1
turkey bratwurst,1
olive oil or butter,1
spaghetti sauce heated,1
kikkoman teriyaki marinade and sauce,1
spiral cut bone in cured ham,1
bitter melon seeded and,1
chard leaves stems removed and leaf,1
chili seasoned tomato,1
london broil cut into third,1
peruvian chicken,1
peruvian rice,1
mexican style hot sauce such as valentina,1
fully flat iron steak,1
swanson flavor boost concentrated chicken broth,1
slices smoked honey ham,1
serving cooking spray with olive oil,1
slow pork,1
cotto salami,1
rice stick noodles such as maifun,1
beer such as sam adam,1
fluid ounce jigger whiskey such as jack daniel s,1
smithfield garlic herb seasoned pork loin filet cut into inch slice,1
cooking apple like rome,1
sweet cherries pitted and cut into quarter,1
favorite barbeque sauce,1
fluid ounces dad s favorite beer,1
southwest style corn with pepper,1
salted mixed nut,1
condensed cream of chicken soup such as campbell s,1
bag corn chip,1
box oat cereal rings such as cheerio,1
shoulder venison roast,1
onion kaiser roll,1
college inn fat free lower sodium beef broth,1
caul fat,1
and granny smith apple,1
beef jerky,1
shiitake mushrooms stemmed and inch,1
marjoram to taste,1
spice islands chili powder,1
spice islands chipotle chile powder,1
torn kale leaves bite size piece,1
head savoy cabbage cut into wedge,1
horseradish drained,1
red kidney beans with liquid,1
lima beans partially drained,1
white party roll,1
mini pretzel twist,1
bottle riesling wine,1
fluid ounce can brown ale such as newcastle brown ale,1
asian chile paste with garlic,1
fully polish sausage,1
anaheim chilies stemmed seeded and,1
tomatoes with habaneros such as ro tel hot,1
chunk white chicken in water,1
italian style plum tomatoes drained and coarsely,1
and szechwan peppercorn,1
leaves leaf lettuce,1
beefy mushroom soup,1
hot dogs into circle,1
irish stew,1
colcannon,1
single refrigerated pie crust,1
boned pork shoulder with skin intact,1
avgolemono sauce,1
warm liquid bacon dripping,1
fluid ounce liquid smoke flavoring,1
pork sirloin roast,1
rye bread and cut into triangle,1
elk steak cut into strip,1
lobster tail meat,1
bourbon whiskey such as jim beam,1
candied pecans such as emerald pecan pie glazed pecan,1
frozen whole turkey,1
red apple cored and quartered,1
butterball maple honey turkey,1
ounce package cornhusk,1
quart turkey broth,1
turkey filling,1
vegetable oil butter spread,1
leftover gravy,1
spears white asparagu,1
eggplant and into inch strip,1
italian parsley leaf,1
bratwurst sausages casings removed,1
turkey liver,1
shoestring potatoes such as pik nik,1
plums pitted and coarsely,1
gallons ice,1
sweet port wine,1
chicken preferably white meat,1
gallon lard for frying manteca,1
coarsely bok choy cabbage,1
hollandaise sauce mix such as knorr,1
crispy tortilla strip,1
asparagus cut inch long on a bia,1
sweet italian sausage without fennel,1
loaf day old hard italian bread torn into chunk,1
portuguese chourico broken into chunk,1
flat leaf spinach,1
pimenta moida portuguese hot pepper,1
flank steak cut into third,1
marinated artichokes coarsely marinade reserved,1
reduced fat low sodium chicken broth,1
prepared jar picante sauce,1
coconut meat unsweetened,1
inch frozen italian meatball,1
fire tomatoes such as muir glen,1
steak rib eye round,1
fl oz jar cheese spread,1
fluid ounce bottle fish sauce,1
fl oz jar garlic,1
bunches cilantro leaves picked discard stems and,1
precooked chicken breast meat,1
bottle hickory flavored barbecue sauce,1
beer such as miller headquartered in milwaukee,1
no salt herb seasoning,1
sweet green pickle relish,1
slab bacon,1
hog casing rinsed well,1
broccoli cut into spear,1
campbell s condensed broccoli cheese soup,1
envelope beef and onion dry soup mix,1
curing salt prague powder,1
house of tsang ginger flavored soy sauce,1
mango and cut into strip,1
jennie o taco seasoned turkey,1
red chili paste,1
hard eggs coarsely,1
zatarain s black beans and rice mix,1
assorted toppings such as cheese,1
slices jalapeno pepper,1
french baguette and,1
spears english cucumber,1
reduced sodium,1
of cut up chicken,1
tomatoes with lime juice and cilantro,1
frozen hash brown potatoes such as ore ida,1
crusty french sandwich roll,1
carton swanson beef stock,1
inch matchsticks carrot,1
parsnips inch,1
inch matchsticks daikon radish,1
of nylon netting,1
refried beans with green chily,1
fajita size flour tortillas warmed,1
poppyseed hot dog bun,1
tubes polenta cut into inch slice,1
bananas in half lengthwise,1
pan cornbread cut into inch cube,1
slices prosciutto each cut into quarter,1
tomatoes and juices strained,1
cajon seasoning,1
pinto beans rinsed and drained or substitute kidney bean,1
chicken seasoning mix see note,1
frozen p f chang s white rice,1
green onion and cilantro,1
prosciutto cut into strips per piece,1
red pearl onion,1
quart cold water to cover,1
bowl shaped taco salad shell,1
lamb chops rinsed and patted dry,1
and turmeric,1
barbeque sauce such as stubb s,1
long cocktail toothpick,1
bite size marinated mozzarella ball,1
sargento artisan blends parmesan cheese,1
philadelphia herb garlic cream cheese spread,1
grams fettuccine drained,1
inch pastry shell,1
rancherito cheese,1
stuffing mix such as stovetop,1
frozen california blend vegetables broccoli,1
light cream of mushroom soup,1
homemade bechamel sauce,1
and turkey breast,1
bone broth,1
cassava flour such as otto s,1
and crumbled turkey bacon,1
sprigs thyme tied together with kitchen twine,1
asian garlic chili sauce,1
melted light margarine,1
sargento deli style reduced fat swiss cheese cut into half,1
ham chunk,1
bag lettuce chilled,1
honey teriyaki sauce,1
loosely torn spinach leaf,1
refrigerated buttermilk biscuit dough each cut into piece,1
bamboo,1
dill pickle spears drained,1
chicken breasts skin and bones removed,1
parmigiano reggiano cheese shaving,1
sausage patty,1
kikkoman rice vinegar,1
green onions including top,1
red curry paste such as mae ploy,1
bag chicken wing drumette,1
frozen razor clams thawed with liquid reserved,1
green beans cut into bite size piece,1
cut bacon strip,1
burger mix,1
grain couscou,1
lasagna layer,1
petite cut tomatoes with garlic and olive oil,1
low fat mexican blend cheese,1
whole grain bun,1
lamb shoulder arm chops round bones reserved,1
lamb meat cut into bite sized piece,1
burger bun,1
ricotta salata cheese,1
condiments and topping,1
elk breakfast sausage,1
italian seasoning such as club house italiano,1
high fiber whole wheat tortillas into inch strip,1
dry chorizo,1
julienne carrot,1
peanuts for garnish,1
racked beef rib,1
mardi gras king cake see footnote in half horizontally icing reserved,1
chicken broth from boiling the chicken,1
stale corn bread muffin,1
green chile peppers such as ortega,1
bison chuck roast cut into inch cube,1
montreal steak seasoning such as mccormick,1
cheese spread with bacon,1
sprigs rosemary leaves stripped and bruised,1
allwhites egg white,1
heavy aluminum foil,1
plum roma tomatoes quartered,1
crisp drained prosciutto,1
horizon mexican cheese,1
daikon japanese radish,1
lightly chanterelle mushroom,1
purple decorating sugar,1
soy based liquid seasoning,1
yellow decorating sugar,1
green decorating sugar,1
potato bun,1
seasoning salt and pepper to taste,1
chicken meatball,1
reduced fat condensed cream of chicken soup such as campbell s healthy request,1
guacamole seasoning mix,1
ginger root and lightly,1
watermelon rind white part only cut into inch cube,1
reduced fat condensed cream of celery soup such as campbell s,1
chilled seedless watermelon and cut into inch cube,1
jalapeno seasoning salt,1
mop sauce,1
fluid ounce cans budweiser beer,1
prepared chicken gravy,1
pastina,1
black cherries pitted and,1
slices deli smoked turkey,1
mango lime seasoning blend,1
del monte tomatoes with zesty mild green chilies undrained,1
polskie ogorki polish dill pickle,1
heat and serve brown rice,1
german bologna block,1
ginger and garlic paste,1
washington apple,1
inches center cut pork loin chop,1
bag frozen shelled edamame,1
bag frozen carrot,1
brewed french roast coffee,1
jarred tomato sauce such as rao s,1
canned roma tomatoes with liquid,1
venison loin steak,1
inch squares of frozen puff pastry thawed but still cold,1
hot turkey sausage,1
chicken in bbq sauce,1
racks of lamb fully,1
duck neck and giblets reserved,1
lemon juice see cook s note,1
duck stock,1
steak cut into inch piece,1
avocado seeded,1
fl oz can chicken breast,1
pureed chipotle chlies in adobo sauce,1
pork stomach,1
head cabbage separated into leaves and rinsed,1
frozen puff pastry sheet thawed cut in half,1
slices of honey cured deli ham,1
shelled tiny shrimp,1
fluid ounce whiskey such as jack daniel s,1
pork chops inch,1
bison sirloin steak cut into inch piece,1
seasonal vegetable,1
reduced balsamic vinegar,1
slices deli turkey breast,1
envelope dry onion soup mix such as lipton,1
onion into inch piece,1
reduced sodium chili seasoning such as mccormick chili seasoning mix less sodium,1
jalapeno peppers with seed,1
yuengling lager beer,1
frozen puff pastry shell,1
maple syrup preferably dark amber grade b,1
pork fillet,1
guanjino chile pepper,1
fl oz bottle fat free catalina salad dressing,1
zucchini lengthwise and inch,1
whole,1
bag birds eye steamfresh long grain white rice with mixed vegetables according to package direction,1
mediterranean couscous salad,1
daikon radish and cut into inch stick,1
frozen delmonico rib eye steak,1
taco seasoning reduced sodium,1
canned chipotle chiles in adobo sauce,1
bread your choice,1
new york strip steaks into strip,1
chicken and vegetable delight,1
unpeeled butternut squash and seeded,1
no salt added tomatoes with liquid,1
no salt added whole tomatoes with liquid,1
leg of lamb deboned and tied,1
condensed reduced fat reduced sodium cream of chicken soup,1
condensed reduced fat reduced sodium cream of celery soup,1
sazon seasoning blend,1
bag birds eye recipe ready sofrito,1
honey mustard barbecue sauce,1
and turkey,1
green beans tips into inch piece,1
coarsely beef,1
pitted black olive cut in half,1
coarsely venison,1
crowns broccoli,1
x inch sheets aluminum foil,1
coarsely flat leaf parsley,1
salt and coarsely pepper to taste,1
inch steaks beef tenderloin,1
red aji pepper,1
heads escarole cleaned and,1
link hot italian sausage,1
prepared polenta cut into x inch piece,1
frozen beef sandwich steak,1
head bok choy leaves and stalks separated,1
prepared salsa con queso sauce,1
link pork sausage,1
portobello mushrooms cleaned and,1
skirt steak pounded flat,1
fluid ounce bottle mexican beer such as corona,1
tortillas cut into strip,1
pea pods blanched,1
pepper if desired,1
leftover pot roast,1
frozen deep dish pie crust,1
red chile peppers such as cayenne,1
long green chile peppers such as indian jwala,1
eggs chilled,1
elk roast,1
filet mignon,1
cut bone in pork chop,1
coffee chile spice rub,1
head iceberg lettuce chilled and torn into bite size piece,1
chinese vinegar or sherry vinegar,1
coarsely unsalted dry peanut,1
quarts cider vinegar,1
vegetable soup mix such as knorr s,1
tomatoes with lime juice and cilantro such as ro tel,1
and yellow potato,1
dry cumin,1
crosse blackwell premium ham glaze,1
frozen ready to eat chicken breast strip,1
corn tortillas such as ortega,1
black olives with liquid,1
long beans cut into bite sized piece,1
bamboo drained,1
cremini mushrooms stemmed and,1
prosciutto cut into third,1
mixed mushroom,1
apple cut into matchstick size piece,1
brown seaweed,1
honey flavored bacon,1
pork any cut,1
lamb loin chops inch,1
sheets nori crumbled,1
chili bean paste kochujang,1
breadsticks such as alessi,1
links italian style chicken sausage,1
sprigs rosemary stemmed and,1
toppings mediterranean option see other options below,1
tomatoes with oregano basil,1
fluid ounce wine glass white wine,1
zesty pickle,1
prepared au jus sauce,1
goya pinto beans undrained,1
beef top sirloin inch,1
cheesy yum,1
buckwheat soba noodle,1
seedless green grapes quartered,1
spiced applesauce,1
canned tomatoes and green chile,1
box round wooden toothpick,1
canned navy beans drained,1
lamb tenderloin cut into inch piece,1
brown and serve dinner roll,1
fully cook ham,1
kernel corn no salt added,1
bok choy ribs with leaf,1
leg of lamb tied in netting,1
frog leg,1
mild italian turkey sausage,1
cellophane noodle,1
sheet frozen puff pastry partially thawed,1
inch rosemary sprig,1
flank steak see cook s note,1
mild picante salsa,1
lamb skewer,1
apricot halves drained and juice reserved,1
canned chicken meat,1
fennel bulb thickly,1
parsnips and cut into inch wedge,1
chilled solid vegetable shortening,1
poultry seasoning such as mccormick,1
tube chorizo such as cacique,1
taro eddo,1
boston butt pork roast,1
cartons fat free low sodium chicken broth,1
dry mixed beans soaked overnight,1
spinach leaves and rinsed,1
chorizo sausage or favorite flavor sausage,1
whip cream un whipped or half and half for a lighter quiche,1
head savoy cabbage quartered and cored,1
pierogy,1
individual chipotle peppers in adobo sauce or more to taste,1
whipping cream heated until steaming,1
poached chicken breast half,1
plum tomatoes cored and,1
light rye bread,1
corn beef,1
heinz cider vinegar,1
box rigatoni pasta such as barilla,1
head green cabbage cored and cut into wedge,1
round cut corned beef roast with spice packet,1
red pepper pod,1
idahoan steakhouse cheesy hashbrowns rehydrated,1
artichokes hearts coarse chop,1
of pepperoni,1
leeks and sauteed to soften,1
ham dice,1
cayenne red pepper,1
crunchy onion packet for garnish,1
italian sausage roll such as jimmy dean,1
to inch new york strip,1
chipotle cooking sauce such as herdez,1
bottle pasilla chile cooking sauce such as herdez,1
kraft signature red pepper with parmesan dressing,1
philadelphia light brick cream cheese,1
carton gluten free chicken broth,1
bison back ribs cut into to rib portion,1
beets with green,1
kraft n spicy original barbecue sauce,1
beef bouillon such as oxo,1
turkey hot italian sausage,1
ham or andouille sausage,1
freshly brewed strong coffee,1
juice of one lemon,1
salt butterfish rinsed several times to remove excess salt,1
leaves ti leaf,1
taro leaf,1
turkey bone,1
barbeque sauce such as big moe s,1
gochugaru korean chile powder,1
roast pork loin,1
shelled salted pumpkin seed,1
fat free italian style dressing to taste,1
loaf day old pumpernickel bread,1
loaf day old dark rye bread,1
quarts chicken stock more as needed,1
good quality bourbon whiskey,1
white hominy undrained,1
turkey sweet italian sausage,1
yellow hominy undrained,1
broccoli rabe cut into inch length,1
light mayonnaise such as light miracle whip,1
frozen mixed vegetables such as peas and carrot,1
potato cooking water,1
salsa at room temperature,1
salsa con queso,1
avocado slice,1
low sodium chicken base,1
chipotle peppers in adobo sauce such as embasa,1
cilantro leaves only,1
toppings for taco,1
warm corn,1
spice islands garlic,1
oscar mayer fully bacon,1
and baking apples preferably cortland,1
poached chicken breast meat,1
cucumber matchstick,1
links dietz watson buffalo chicken sausage cut into chunk,1
oil cured black olives pitted,1
salsa drained slightly,1
frozen deep dish pie crust thawed,1
box fettuccine and drained,1
prepared pulled pork in barbeque sauce,1
major grey mango chutney,1
frog legs rinsed and patted dry,1
low sodium stuffing mix such as stove top lower sodium chicken flavor,1
green plantains and crosswise into fourth,1
veal cutlets pounded to inch thickness,1
canned whole kernel corn such as green giant niblet,1
buttery crackers such as town house,1
sheets lavash bread,1
cut butterflied pork chop,1
pod star anise whole,1
round rice wrapper sheet,1
spinach leaves washed and,1
domestic mushrooms quartered,1
bunches spinach rinsed and,1
italian style tomatoes with juice,1
duck breast halves skin on,1
fluid ounce can cola carbonated beverage,1
hot white,1
sour cherry preserve,1
bottle buffalo wing sauce such as frank s redhot,1
poultry seasoning salt,1
cut pork chops inch,1
frozen collard greens thawed,1
rag classic alfredo sauce,1
bag birds eye recipe ready zucchini,1
roma plum tomatoes cut into eighth,1
red thai bird chile pepper,1
corn taco shell,1
peanut satay sauce such as a taste of thai peanut satay sauce,1
apple rosemary sauce,1
canned nopales cactus drained,1
asturian fabada bean,1
serrano ham cut into inch cube,1
morcilla sausage,1
bananas each cut into chunk,1
spaghetti sauce with garlic,1
fluid ounce bottle dark german beer,1
jalapeno pepper seasoning,1
flank steak cut in inch x inch piece,1
goya black pepper,1
goya caper,1
chayote cut into chunk,1
lemon juiced and rind,1
mushrooms the variety of your choice,1
portobello,1
mild goat cheese,1
split skin on chicken breasts to ounces each,1
sausage flavored spaghetti sauce,1
bay leaves broken,1
leek quartered,1
cocktail wieners lengthwise,1
mint leaves only very,1
slices of green bell pepper,1
greek seasoning such as mccormick s,1
turkey leg meat,1
turnip quartered,1
new york strip steaks cut into strip,1
new white potato,1
chorizo casings removed crumbled,1
ice cold sushi grade yellowfin tuna steak,1
fluid ounce bottles vegetable juice,1
frozen whole green beans partially thawed,1
fluid ounce can light colored beer,1
ham smithfield anytime favorites ham,1
smithfield hometown original bacon,1
eggs poached,1
beef round tip roast,1
cornstarch dissolved in a amount of water,1
candlenut,1
poppy seed salad dressing such as kraft,1
smoked turkey drumstick,1
quarts turkey stock,1
frozen super sweet white corn,1
plum tomatoes cut into inch dice,1
tamarind soup base such as knorr,1
borden colby jack cheese,1
kraft triple cheddar cheese,1
regular white rice,1
old el paso seasoned black bean,1
old el paso flour tortillas for burrito,1
mexican sour cream,1
smoked ham bone with some meat on it,1
hot and spicy cheese flavored cracker,1
frozen ready to cook chicken wing,1
rotisserie chicken breast,1
no salt added whole kernel corn,1
reduced fat processed cheese food such as velveeta,1
bok choy leaf,1
pumpernickel party bread,1
unsweetened pineapple tidbit,1
stuffed olive,1
crab broken into piece,1
mild chili seasoning mix,1
scallions light and dark green parts separated,1
coarsely smoked cheddar cheese,1
maple smoked bacon,1
sausages into coin size piece,1
chickens wingtips removed,1
lemons and seeded,1
jerk seasoning mix,1
premium canned chicken,1
pizza crust mix,1
slices of applewood smoked bacon,1
stew meat and,1
inch center cut bone in pork chop,1
links sweet italian chicken sausage,1
artichokes drained,1
collard greens tough stems removed and leaves torn into bite size piece,1
chicken thigh meat,1
to pound domestic whole ducklings dressed,1
petite tomatoes with green chile,1
gumbo base as in zatarian s,1
frozen shrimp and deveined,1
prepared dijon mustard,1
white meat turkey,1
frozen mixed red yellow and green bell pepper strip,1
shirataki noodle,1
mushrooms button shiitake,1
dark meat chicken,1
ham cut into inch dice,1
loaf white sandwich bread,1
long chive,1
corned beef hash such as hormel mary kitchen,1
seasoned salt see note,1
dry chicken noodle soup mix,1
fluid ounces tomato vegetable juice cocktail,1
borden parmesan shred,1
no salt added kidney beans rinsed,1
prepared strong coffee,1
mild chili beans such as brook,1
hot chili beans such as brook,1
creole,1
leftover roast beef,1
homemade beef gravy,1
fl oz can dr pepper,1
spam with bacon inch,1
frozen breaded pre chicken strip,1
bone in turkey thighs without skin,1
spinach undrained,1
refrigerated biscuits such as pillsbury grand,1
prepared mole sauce,1
chunky tomato sauce such as ragu,1
kraft original barbecue sauce,1
tart apple such as granny smith,1
canned peach syrup,1
sweet apple such as gala,1
side,1
whole plum tomato,1
pasilla chili powder,1
smoked deli turkey breast,1
turnip cut into cube,1
wheat spaghetti broken into inch piece,1
asian stir fry sauce,1
head romaine lettuce separated into individual leaf,1
smithfield cut bacon cut into inch wide slice,1
smithfield applewood smoked bacon seasoned pork loin filet cut into inch cube,1
cannellini beans white kidney,1
canned low sodium chicken broth,1
hard sourdough pretzel,1
mccormick oregano leaf,1
top sirloin cut into inch cube,1
italian seasoning with garlic,1
mexi ranch dressing,1
smoked pork sausage,1
x inch pan cornbread crumbled,1
chicken at room temperature,1
giblets from a turkey,1
thickly green cabbage,1
herb bouquet bouquet garni,1
light colored beer,1
cream of pumpkin soup,1
red chile peppers locoto,1
whole berry cranberry sauce from a ounce can,1
brie cut into chunk,1
extra bacon slice,1
pork sausagemeat,1
napa cabbage kim chee brine reserved,1
hoagie,1
pig feet split,1
frozen johnsonville mild italian sausage slice,1
pastries for double crust py,1
chicken cracklings grebene,1
canned chipotle chilies with some of the adobo sauce,1
and pineapple,1
seeded banana pepper,1
firmly cheddar cheese,1
greek olive oil,1
pastries for inch double crust py,1
slices applewood smoked bacon,1
chorizo crumbled,1
kraft pepper jack cheese with a touch of philadelphia,1
lemongrass stalks bottom two thirds of tender inner bulbs only,1
navel orange sectioned,1
bottle creamy italian style salad dressing,1
italian style dressing,1
racks st louis style rib,1
white pita bread,1
dole red onion into crescent,1
water in a bowl,1
corned beef from deli,1
frozen tilapia fillet,1
links sweet italian sausage link,1
middleneck clams scrubbed,1
new york strip steaks inch,1
ginger and cut into matchstick,1
dry sherry see tip,1
asian red chile sauce such as sriracha,1
ragu,1
bone in center pork chop,1
ham slices from a spiral cut ham or substitute black forest ham cut to fit rye bread,1
honey chicken breast half,1
bone in prime rib and retied to the bone,1
olive oil to brush,1
lemon aioli sauce,1
asparagus bottom inch,1
pancetta wrapped haddock,1
ounce haddock fillet,1
slices pancetta bacon,1
reduced sodium condensed cream of mushroom soup,1
kraft tuscan house italian dressing,1
whole milk mozzarella cheese,1
chilled beef stock,1
mexican style stewed tomatoes with chiles undrained,1
vegetable oil such as crisco,1
wooden pick,1
yellow mini potato,1
leftover honey spiral cut ham,1
dole all spinach cherry almond bleu salad kit,1
golden delicious apples cored and quartered with peel,1
beef smoked sausage such as hillshire farm,1
strong beer,1
bag birds eye recipe ready stew blend,1
black cherry soda,1
pheasants cleaned and rinsed,1
vinegar sauce,1
taco bell taco seasoning mix,1
tortilla chips coarsely,1
mccormick slow cookers bbq pulled pork seasoning mix,1
processed cheese product,1
chicken wing drumette,1
soy sauce for dipping,1
loaf round rye bread,1
seasoned dry stuffing mix,1
fat free turkey,1
olive oil spray,1
prepared pulled pork,1
artichoke aioli see footnote for recipe link,1
inch eggplant chunk,1
canned figs cup juice reserved,1
inch sweet potato chunk,1
dry rub for chicken such as mccormick grill mate,1
mesquite wood chips soaked in water,1
extra spicy seasoning blend,1
no salt added black beans rinsed and drained,1
tortilla strips preferably chili lime flavor,1
foie gras pate,1
condensed beef consomme with gelatin added,1
butcher s twine,1
leftover chicken,1
red leaf lettuce leaf,1
bechamel,1
fettuccine broken in half,1
dickinson s elberta peach preserve,1
pinch cayenne pepper,1
yellow squash cut into bite sized piece,1
chinese chive,1
links chicken and apple sausage,1
dijon mustard for garnish,1
green onions and or sesame seed,1
slices sourdough bread lightly,1
bottled ketchup style chili sauce,1
anchovy fillets such as king oscar,1
spinach such as dole,1
summer savory chubritsa,1
reserved cooking liquid from chicken,1
cranberry jam,1
jalapeno pepper jam,1
mushrooms or more to taste,1
marinated artichoke hearts undrained and,1
leftover roast lamb,1
frozen bite size fully meatballs thawed,1
pork loin fillet,1
starchy potato,1
sheets aluminum foil rolled into ball,1
seasoned salt such as pappy s choice,1
loaves frozen bread dough,1
fluid ounce bottle classic style stir fry sauce,1
spicy seasoned salt such as lawry s,1
new mexico dry chile,1
ginger root coarsely,1
zesty buttermilk ranch dressing,1
cajun seasoning for rib,1
sleeves ritz cracker,1
tub philadelphia original cooking creme,1
hot farfalle bow tie pasta,1
multi grain bread crusts removed,1
deli angus roast beef,1
pinto beans drained and rinsed well,1
inch square dinner rolls split,1
bottle heinz chili sauce chunky with sweet pepper,1
about inch diameter red bliss potato,1
bottle dry white wine such as sauvignon blanc,1
chorizo sausage preferably spanish,1
littleneck clams scrubbed,1
frozen and deveined jumbo shrimp,1
sister schubert s dinner yeast rolls split,1
swiss monterey jack,1
sundried tomato mayonnaise,1
sundried tomato,1
sprigs epazote,1
sake rice wine,1
fish soup stock such as hondashi,1
red bell peppers from a jar,1
yogurt cucumber sauce,1
dole asian island crunch salad kit,1
panang style red curry paste,1
kaffir lime leaves cut into inch piece,1
to to inch skewer,1
pepperoni coarsely,1
grams vermicelli,1
granny smith apples cut into chunk,1
to pound bone in picnic ham rinsed,1
chai tea latte concentrate such as tazo,1
seasoned beef loin tri tip roast,1
coarsely portobello mushroom,1
ham fat removed,1
saffron broth,1
paella,1
chicken drippings from chicken,1
hot italian turkey sausage link,1
blue tortilla chip,1
frozen mochi square,1
assorted cut up vegetables for dipping,1
dry dill dip mix,1
loaf round pumpernickel loaf,1
pear cut into dice,1
smithfield cut hickory smoked bacon,1
square sheets of frozen puff pastry thawed,1
marinated sweet red pepper,1
pasteurized lump crabmeat,1
frozen calamari rings thawed and drained,1
ranch style beans such as ranch style,1
pinto beans with jalapeno peppers and bacon such as trappey s,1
bag scoop shaped corn chips such as fritos scoop,1
deep dish pie shell,1
borden cheddar and monterey jack shreds for topping,1
elk loin backstrap cut into ounce piece,1
red cooking apple rome jonathan,1
baguette inch,1
oaxaca cheese,1
fluid ounces white wine vinegar,1
smoked paprika plus more for garnish,1
habanero chili handle with glove,1
sprigs rosemary bruised,1
loaves baguette style french bread cut into cube,1
pickled cornichon,1
leaves sage bruised,1
roma plum tomatoes or more to taste,1
bottle chilled chardonnay wine,1
butternut squash and cut into noodle shape,1
box chicken flavored dry bread stuffing mix,1
butter no substitution,1
non dairy ranch dip mix,1
canned mushrooms drained and,1
mccormick slow cookers sweet smoky pulled chicken seasoning mix,1
mini cheese filled sandwich cracker,1
crispy corn and rice square cereal,1
sauerkraut drained reserve juice,1
rye bread torn,1
bite size chunks cantaloupe,1
petite cut tomato,1
goat cheese crumble,1
mildly hot green pepper,1
breast meat from deli rotisserie chicken,1
bias carrot,1
dashi soup,1
portobello cremini mushroom,1
shallots and lengthwise,1
chipolata sausage,1
cleaned pumpkin seeds preferably from a sugar pumpkin,1
butter flavor popcorn oil,1
reduced fat mozzarella string cheese stick,1
vietnamese fish sauce,1
turbinado sugar sugar in the,1
crema mexicana mexican cream,1
tempura mix,1
trail mix with cranberries without chocolate piece,1
loaf round focaccia bread cut in half horizontally,1
kraft roka blue spread,1
cooking spray such as crisco,1
hawaiian sweet rolls split,1
artichoke hearts drained and coarsely,1
coarsely arugula leaf,1
pita bread cut into triangle,1
dill pickles cut into inch slice,1
london broil cut beef,1
canned solid pack pumpkin not pie filling,1
mini fillo tart shells thawed to room temperature,1
cucumbers seeded and cut into bite size piece,1
quick thai dipping sauce,1
sack giblets from one turkey,1
meyer lemon infused olive oil,1
goat cheese such as laura chenel s chevre,1
granola such as kashi,1
black mission figs cut in quarter,1
broccoli and chilled,1
japanese sushi rice,1
jumbo english muffins split and,1
for the green chile paste,1
mung bean sprouts see note,1
for the noodle,1
mustard oil,1
molasses preferably blackstrap,1
spring roll wrappers available in asian market,1
dry coconut,1
pickled ginger slice,1
littleneck clams shucked and drained,1
vanilla protein powder such as mct,1
lemon zest peel,1
canned white albacore tuna,1
bok choy leaves and stalks separated,1
white mushrooms cleaned and stems removed,1
sun tomatoes drained,1
ounces each potato,1
breadcrumb mixture,1
envelope herb and garlic soup mix such as lipton,1
choy sum leaves and stalks separated,1
fish ball,1
chives cut in half,1
round cracker,1
mushrooms such as oyster portobello,1
quart safflower oil for frying,1
pitted and quartered date,1
heavy cream as needed,1
deviled ham,1
bag birds eye recipe ready broccoli stir fry,1
sirloin steak cut into slice,1
spring roll,1
scallions white parts lengthwise,1
dry rice noodle,1
sheets rice paper,1
hot sauce such as sriracha,1
head broccoli cut into spear,1
low fat plain kefir yogurt drink,1
cactus leaf and cut into inch dice,1
nova lox cut into piece,1
figs pureed,1
peppercorn gravy mix,1
wheat nut,1
asian fish sauce nam pla,1
bag microwave popcorn popped,1
coarsely ham,1
frozen spinach partially thawed,1
unbaked flaky pie crust,1
slices of cucumber,1
sprig oregano leaves removed,1
sprig thyme leaves removed,1
water chestnuts rinsed and,1
hoisin sauce see note,1
five spice powder see note,1
herbs such as cilantro basil,1
deviled crab cake,1
ginger citrus vinaigrette,1
deli corn beef,1
kippers smoked herring mashed,1
pinquito,1
unsweetened pineapple chunks in juice,1
seeded mild red chily,1
frozen whole chicken breast,1
cooking apples such as cortland,1
top sirloin steak cut into inch cube,1
mushrooms stem,1
standing rib roast weight with bones top fat,1
prepared horseradish for serving,1
au jus gravy mix for serving,1
chicken broth such as progresso,1
pouch campbell s dry onion soup and recipe mix,1
dr pepper soda,1
unbaked deep dish pastry shell,1
garland jack s secret six barbecue sauce original recipe,1
jimmy dean original hearty turkey sausage crumble,1
mafalda pasta mini lasagne noodle,1
hardwood chip,1
bottled red wine vinaigrette,1
tomatillos coarsely,1
doubanjiang spicy broad bean paste,1
fish shaped crackers such as goldfish,1
garlic and parmesan cheese sauce,1
no boil lasagna noodles broken into piece,1
avocado from mexico pitted and thickly,1
oven deli turkey breast,1
potato soup,1
artisan bread such as ciabatta,1
coarsely cheddar cheese,1
zucchini into inch stick,1
zucchini into inch piece,1
asian barbequed pork,1
zucchinis lengthwise and cut into half moon,1
stew meat or round steak,1
hard crusted french roll,1
refried beans refrito,1
seasoned salt or cajun seasoning and pepper to taste,1
secret chili spice mix,1
dry red wine such as cabernet,1
link chorizo sausage,1
black beans liquid reserved,1
bone in smoked ham,1
leek lengthwise,1
syrup peaches drained syrup reserved,1
peach jam,1
spanish blue cheese,1
three cheese spaghetti sauce,1
inch potato chunk,1
wok oil,1
kosher salt such as diamond crystal to taste,1
mexican chorizo crumbled,1
romaine lettuce leaf torn into piece,1
monosodium glutamate such as ajinomoto,1
hoagie rolls split,1
chicken with rice soup,1
extra crispy bacon,1
brined capers drained,1
mushroom flavored soup base,1
salsa verde flavored tortilla chip,1
instant chicken gravy mix,1
cheese of choice,1
super hot hot pepper sauce,1
fat free egg substitute,1
fluid ounces fat free evaporated milk,1
arrowroot mixed with,1
reduced sodium turkey,1
broccoli florets broken into bite size piece,1
fat free creamy salad dressing such as miracle whip free,1
white vinegar acidity,1
italian bread inch,1
salsa drain to equal cup if salsa is especially runny,1
canned black olives drained,1
scallion greens green part only,1
mangos preferably honey mango,1
day old bagel,1
low sodium black beans rinsed and drained,1
chili beef soup,1
frozen turkey breast such as butterball,1
loaf bread,1
envelope sloppy joe seasoning mix,1
avocado oil such as acado,1
beer such as an ipa from an oregon brewery,1
sherry marsala,1
london broil roast beef,1
creole style seasoning such as emeril s essence,1
ball fiesta salsa mix,1
jalapeno pepper in half lengthwise and seeded,1
cream sauce layer,1
macaroni layer,1
thyme leaves stripped and,1
shelled walnut half,1
oatmeal cereal squares such as quaker oatmeal square,1
bag pretzel rod,1
tangy creamy cheese,1
meat layer,1
head napa cabbage cored and cut into chunk,1
round brie in half horizontally,1
sun tomato oil,1
red delicious apple unpeeled,1
creamy goat cheese log,1
avocados pitted flesh spooned out,1
lime juice for avocado layer,1
lime juice plu,1
refried beans traditional variety,1
mongolian sauce,1
zucchini lengthwise cut crosswise into inch slice,1
and sweet and or hot pepper,1
reserved sun tomato oil,1
bite size rice square cereal such as rice chex,1
dry italian salad dressing mix such as kraft zesty italian,1
tins herring fillets in oil,1
green onion dip mix,1
box couscous such as near east pine nut,1
salsa con queso such as tostito,1
pepperoni beef sticks such as slim jim,1
browning sauce such as grace,1
cardboard magazine holder,1
duct tape as needed,1
ridged potato chips such as ruffle,1
crunchy cheese puffs such as cheeto,1
bags corn chips such as frito,1
oxtail,1
loaf round french bread,1
green plantain and lengthwise,1
round sheets rice paper,1
rounds camembert cheese,1
chevre crumbled,1
garbanzo beans drained with liquid aquafaba reserved,1
well stirred tahini middle eastern sesame paste,1
cannellini beans drained reserve juice,1
yuca cassava roots and cut into inch cube,1
plantains and cut into inch piece,1
cranberry and apple chutney,1
taco flavored cheese,1
old el paso green chiles undrained,1
x inch square prepared cornbread crumbled,1
martha white sweet yellow cornbread muffin mix,1
chuck roast cut into inch piece,1
frozen puff pastry sheets thawed according to package direction,1
loaf italian bread into bite size cube,1
antelope meat,1
meat tortellini,1
dry riesling wine,1
envelope taco seasoning,1
red grape juice,1
summer squash diagonally inch,1
cream of mushroom soup with garlic,1
liver,1
quarts boiling beef broth,1
frozen seasoned french potato,1
green chilies for garnish,1
crisco vegetable oil for frying,1
kielbasa cut into inch piece,1
beef sirloin strip,1
roasting string,1
bottle full bodied red wine,1
dry rice and chicken sauce mix with broccoli,1
inch prepared pizza crust,1
assorted mushrooms bellas shiitake and oyster,1
hot instant brown rice,1
duck skin and fat trimming,1
lasagna,1
parsnips and cut into cube,1
frozen stir fry vegetables broccoli,1
garlic herb seasoned bread crumb,1
chardonnay,1
cocktail bun,1
round dumpling wrapper,1
biscuits split,1
frozen cranberry raspberry juice concentrate,1
heads romaine lettuce rinsed and,1
texas barbeque rub,1
refrigerated four cheese filled ravioli,1
log chevre goat cheese,1
cornstarch dissolved in tablespoons water,1
sugar free apple juice,1
hard bread cakes such as purity split horizontally,1
salt cod steaks skinned and cut into inch strip,1
kalamata olive tapenade,1
meat turkey,1
quinoa then cooled,1
kale stems removed leaves cut into inch wide strip,1
links precooked chicken and apple sausage,1
garlic and herb seasoning blend such as mrs dash to taste,1
artichoke hearts drained and liquid reserved,1
red swiss chard stems removed and leaves cut into inch strip,1
buffalo wing snack factory pretzel crisp,1
kosher chuck steaks cut inch,1
blueberry juice,1
refrigerated flaky layer biscuit,1
loaf sandwich bread,1
reduced fat cream cheese neufch tel,1
dash of hot sauce,1
marinated quartered artichoke hearts drained liquid reserved,1
italian sausage such as jimmy dean,1
stemmed and kale,1
spicy portuguese sausage,1
chicken flavored vegetable bouillon,1
of mozzarella cheese,1
cheese and garlic dry salad dressing mix,1
kraft real mayo mayonnaise,1
no salt added tomatoes with italian herb,1
ramp,1
thai rice noodle,1
frozen zucchini,1
red gold petite tomato,1
refrigerated extra biscuit dough,1
hass avocado from mexico,1
basil aioli,1
tuscan bread,1
processed cheese spread such as cheese whiz,1
pineapple not drained,1
lowfat monterey jack cheese,1
ranch style salad dressing such as hidden valley original ranch,1
chicken drumsticks and thigh piece,1
frozen green beans cut into inch piece,1
mild green tomatillo salsa,1
meaty ham bone fat,1
good quality dry sherry wine,1
inch slices mozzarella cheese,1
and pork loin,1
prepared crisp taco shell,1
smoked pork rib,1
unsalted pig s feet,1
unsalted pig s ear cut into third,1
unsalted pig s tail,1
blackberry syrup,1
leg of lamb of fat,1
havarti pepper cheese,1
extra sharp provolone cheese,1
scotch bonnet chiles wear glove,1
serving giblets turkey neck heart and gizzard,1
dry red wine merlot,1
canadian whiskey such as crown royal,1
plain frozen waffle,1
box long grain white rice and wild rice,1
whiskey such as jack daniel s tennessee honey,1
peanut sauce such as house of tsang,1
venison steaks about inche,1
kosher salt to generously season pork,1
barbeque sauce such as sweet ray s hickory brown sugar,1
bottle hard apple cider,1
creme fraiche for garnish,1
deli style turkey,1
spaghetti with meat sauce,1
smoked pork butt,1
plantains and quartered,1
links chorizo de bilbao spicy spanish semi cured sausage quartered,1
apple stem removed,1
chinese barbequed,1
turkey sized oven bag,1
parsley sprigs for garnish,1
blackened chicken,1
avocado cream sauce,1
refrigerated pizza dough such as trader joe s,1
mozzarella cheddar pizza cheese,1
reynolds oven bag turkey size,1
link portuguese hot chourico sausage,1
green onions cut diagonally into slice,1
venison tenderloin steak,1
box pepperidge farm one step stuffing chicken mix,1
seasoned frozen beef strip,1
bag high quality charcoal briquette,1
sister schubert s dinner yeast rolls prepared according to package direction,1
liquid chicken seasoning,1
artichokes tips and tough outer leaves removed,1
condensed chicken with rice soup,1
room temperature pizza dough,1
chicken breast pieces for stir fry,1
sloppy joe sauce such as manwich,1
bean thread noodles cellophane noodle,1
buffalo hot sauce such as texas pete,1
long grain converted rice,1
hot instant white rice such as uncle ben s,1
to pound chicken,1
canned beef tamale,1
hickory smoked cut bacon,1
country style ham,1
top round steak cut into inch piece,1
frozen white bread dough,1
fl oz cans white meat chicken,1
to pound broiler fryer chicken,1
fluid ounce can low sodium vegetable juice,1
bag frozen mixed vegetable,1
butternut squash and cut into inch dice,1
honeycomb beef tripe,1
fully ham cut into bite size piece,1
leftover chicken carcass,1
buttermilk self rising cornmeal mix,1
mushroom slice,1
spinach leaves washed with stems removed,1
dashi stock made with dashi powder,1
neck giblets and liver from a turkey,1
tangerines zested,1
tyson and ready fully frozen chicken breast strip,1
frozen sweet pepper stir fry,1
linguine prepared according to package direction,1
inch pieces link sausage,1
asparagus and cut crosswise into third,1
spicy mesquite flavored seasoning,1
spicy curry paste,1
wheat sandwich round split,1
tomatoes with green chilies such as ro tel,1
chicken chorizo sausage link,1
whole wheat cracker crumb,1
p f chang s white rice,1
no salt added black beans rinsed,1
bread soaked in water and drained,1
round steak into inch piece,1
fillets turkey breast,1
ramen noodles al dente,1
bottle light balsamic vinaigrette salad dressing such as newman s own lighten up balsamic vinaigrette dressing,1
meaty smoked ham bone,1
pint cherry tomatoes cut into quarter,1
bread crusts removed torn into piece,1
animal cut out,1
animal vegetable cutter,1
inch toothpick,1
sour cream as garnish,1
pouch hunt s recipe ready tomato paste,1
lemongrass stalk outer leaves removed,1
raspberries rinsed and drained,1
cilantro bundled,1
blood oranges juiced,1
hot pickled pepper,1
racks lamb,1
sweet cream style corn,1
chipolte seasoning,1
tomatillos cut in half crosswise,1
crumbled creamy blue cheese,1
head green cabbage cut into bite size piece,1
vegetarian beef e g,1
racks back ribs cut into to rib portion,1
frozen chicken wings such as costco,1
beef flavored stuffing mix,1
spicy fajita seasoning,1
slices black forest ham,1
green grape salad,1
crumbled cotija,1
parmesan cheese or more to taste,1
condensed fiesta style nacho cheese soup,1
slice fully ham with bone,1
idahoan reds with pea,1
scallions green part,1
spring meatloaf,1
scallions white part,1
black beans partially drained,1
condensed oxtail soup,1
bell peppers any color,1
mushrooms caps and stem,1
cooking apple cored and,1
creole seasoning blend such as the one linked in the footnote,1
applesauce such as mott s original,1
long sandwich rolls lengthwise,1
merguez,1
bunches watercress stemmed,1
rutabaga parsnip,1
zucchini lengthwise and into inch piece,1
chipotle powder to taste,1
kikkoman garlic teriyaki marinade sauce,1
rice wine sake,1
bottle liquid fajita marinade,1
dry lasagna noodles broken into piece,1
pint water to cover,1
cornstarch to thicken broth,1
birds eye recipe ready carrot,1
fluid ounce bottle hot wing sauce such as louisiana wing sauce,1
soup base,1
fully ham steak cut into strip,1
real bacon pieces from a jar,1
boxes frozen mini pierogi,1
currants plus more for garnish,1
tomatoes drained and liquid reserved,1
lightly kale leaf,1
oscar mayer smoked ham,1
lightly smoked bacon,1
white breadcrumb,1
apricots snipped,1
onion cut into quarter,1
butternut squash seeded and chunked,1
salami cut into bite size piece,1
preserved lemon,1
links hot beef link sausage,1
links turkey sausage,1
boxes frozen potato pierogy,1
extra zucchini lengthwise,1
borden mild cheddar cheese,1
prepared caesar salad dressing,1
del monte green beans any style drained,1
french s crispy onion,1
mccormick rubbed sage,1
turkey to pound,1
mccormick bay leaf,1
smoky bbq sauce,1
cut dill pickle slice,1
hamburger trimmings such as lettuce tomato,1
loaf focaccia bread cut in half horizontally,1
leftover buttermilk pancake,1
arborio,1
crumbled french onion,1
apple chutney,1
colby pepperjack cheese,1
and quartered new red potato,1
head broccoli florets only,1
sweet yellow corn,1
fillets filet mignon,1
meaty beef roast bone,1
granny smith apples quartered,1
leftover corned beef brisket,1
tomatoes cored seeded and,1
heads cabbage cored and cut into bite size piece,1
crusty bread cut diagonally from a loaf,1
fl oz cans white chicken,1
bone in pork rib chops not pork loin chop,1
yellow curry sauce such as s b golden curry,1
feta cheese crumble,1
quart sauerkraut drained and rinsed,1
fully kielbasa cut into inch piece,1
herbs rosemary thyme and or basil,1
empanada dough thawed,1
ham base,1
souvlaki marinade,1
campbell s condensed golden mushroom soup,1
tzatziki sauce cucumber sauce,1
heart of romaine lettuce cut into inch slice,1
olives for topping,1
polish sausages lengthwise and cut into inch piece,1
box pillsbury refrigerated pie crusts softened as directed on box,1
bag green giant valley steamers frozen mixed vegetable,1
queso a ejo aged mexican cheese,1
dill spear,1
sour cream for dip,1
bone in lamb shoulder roast,1
slices parmesan cheese,1
brisket rub such as fiesta,1
buitoni refrigerated angel hair pasta,1
creamy chicken flavored rice mix such as knorr rice side,1
fettuccine broken into inch piece,1
low sodium taco seasoning,1
for the stock,1
mexican squash,1
london broil roast along the grain,1
ciabatta bun,1
part skim milk ricotta cheese,1
light flatbreads such as flatout,1
worcestershire sauce such as french s,1
link chorizo,1
canned vienna sausage,1
leaves spinach cleaned,1
red chiles broken into several piece,1
green mild hot pepper sauce such as tabasco,1
olive oil for greasing pan,1
pastry for a single pie crust,1
soup stock,1
extra chicken bouillon cubes such as knorr,1
hot capicola coppa,1
hot genoa salami,1
sweet capicola coppa,1
carton progresso reduced sodium chicken broth,1
leaves kale stems included,1
turkey burger,1
peking duck leg,1
chayote squash and cut into bite sized piece,1
suet white beef fat,1
chive cream,1
cheddar crisp,1
borden cheddar cheese chunk,1
potato puff,1
beer batter dry mix,1
oil as needed for frying,1
ciabatta rolls split,1
head broccoli coarsely,1
refrigerated french bread dough,1
apple brandy such as calvado,1
peppers from adobo sauce with chipotle pepper,1
roll breakfast sausage,1
of iceberg lettuce,1
grind black pepper,1
jalapenos and cilantro,1
gorgonzola cheese at room temperature,1
sirloin tip steaks cut,1
dill pickles cut into wedge,1
ham soup base,1
unsalted chicken stock,1
maple grilling plank,1
links spicy italian sausage,1
cheese blend cheddar jack,1
canned garbanzo bean,1
button mushrooms undrained,1
hoisin barbecue sauce,1
meat loaf mix beef pork,1
steaks beef tenderloin,1
irish sausage,1
pig tails rinsed,1
red potatoes such as red bliss,1
fluid ounce bottle stout such as guinness,1
very ginger,1
hot water about f c,1
for frying,1
water for steaming,1
chunks of celery,1
whole grain bread torn into chunk,1
top round and cut into inch cube,1
head savoy cabbage cored,1
converted parboiled rice such as uncle ben s,1
bone in rib eye roast,1
tomatoes with juice pureed,1
fully black forest ham,1
purple plums pitted and,1
assorted wild mushrooms such as chanterelle,1
rustic country bread,1
green onions white and light green parts only,1
inner leaves of romaine lettuce ribs removed,1
turnip greens drained,1
fluid ounce can water,1
round red chile pepper,1
self rising flour such as white lily,1
mustard mayonnaise blend,1
hank to inch beef rounds casing,1
fluid ounces liquid smoke,1
regular sized hot dogs crosswise,1
maple cured bean,1
bag birds eye recipe ready mushroom blend,1
strip steaks cut inch,1
spaghetti squash cut in half lengthwise and seeded,1
tomatoes and green chiles such as ro tel mild,1
tomatoes with green chiles such as ro tel original drained,1
old el paso refried bean,1
drained black olive,1
mini dinner rolls split,1
fluid ounce bottle amber beer such as honey brown lager,1
cavatapi,1
ricotta cavatelli,1
concentrated chicken stock such as knorr,1
skim milk heated,1
frozen apple cider concentrate undiluted,1
bulk spicy italian turkey sausage,1
spicy italian turkey,1
head savoy cabbage coarsely,1
jalapenos seeded and,1
splashes white wine,1
shaved black forest ham,1
asian sweet chili sauce,1
cabbage slaw mix,1
ranch coleslaw,1
day old white bread crumbled,1
hot curry paste,1
basil such as simply,1
parsley such as simply,1
oregano such as simply,1
cornmeal fryer mix,1
cheese alfredo sauce,1
sweet but not freestone peache,1
bamboo skewers soaked in water minute,1
ball park tailgaters gourmet bun,1
frozen french fries such as ore ida,1
spanish olives drained and,1
refrigerated biscuits unbaked,1
tub instant dry lentil soup mix,1
mushroom sauce,1
links hot italian sausage link,1
slice deli chicken breast meat,1
fluid ounce bottle dark beer such as guinness,1
mini pepperoni piece,1
dill seasoning,1
dry bearnaise sauce mix such as knorr,1
white zinfandel,1
smithfield portobello mushroom marinated pork loin filet cut into strip,1
frozen cob corn,1
frozen okra thawed and drained,1
bottle green hot pepper sauce,1
slices french baguette,1
kraft lite balsamic vinaigrette dressing,1
tomatoes with green chiles such as ro tel,1
links mexican chorizo casing removed and meat crumbled,1
leaves green cabbage,1
succotash,1
spicy cilantro chutney,1
inch slices of black forest ham,1
leaves spinach rinsed and,1
turtle meat without bone,1
chicken meat with bone,1
fine table salt,1
gallons milk,1
philadelphia light cream cheese spread,1
pickle brine,1
envelopes onion gravy mix,1
arugula lightly coarsely if leaves are,1
lime crema,1
bulb of fennel cored and into half moon,1
restaurant style white corn tortilla chips such as tostito,1
trimmings as desired such as mayo lettuce tomato,1
frozen shelled edamame thawed,1
links spicy chicken andouille sausage,1
honey flavored barbeque sauce,1
fino dry sherry,1
bread torn into square,1
your favorite salsa,1
bottle sweet sherry,1
beef short ribs bone in,1
bottled blue cheese dressing,1
college inn unsalted bold chicken stock plus more as needed,1
swiss flavored american cheese,1
slice red onion,1
turkey breast patty,1
favorite mexican salsa,1
catfish cut into bite sized piece,1
asparagus tough ends snapped,1
recipes pastry for a inch double crust pie,1
zucchini cut lengthwise in half then crosswise into inch slice,1
boston butt pork shoulder roast,1
gluten free quick cooking oat,1
bottom round,1
unsalted butter plus additional for greasing,1
sprigs thyme leaves only,1
all purpose flour plus additional for dusting pastry,1
sweet cornbread mix such as martha white,1
flour tortillas burrito size warmed to soften,1
frozen french fries such as mccain,1
bag mexican cheese blend such as kraft,1
plastic face mask from crafts store,1
italian flavored tomato,1
queso quesadilla cheese,1
eggplant cut lengthwise in half then crosswise into inch slice,1
strips ginger root,1
prepared english mustard with turmeric,1
loaf rustic white bread,1
inch sirloin steak,1
pepper jack cheese such as borden,1
monosodium glutamate such as aji no moto,1
new mexico chiles stemmed and broken into piece,1
bottles beer such as heineken,1
quick cooking wild rice and chicken flavor mix,1
chicken wing sections flats and drum,1
stone rice flour,1
poblano chile seeded and cut into inch piece,1
roast beef gravy mix,1
beef cross rib roast,1
very beef,1
canned chipotle sauce,1
sazon seasoning with coriander and achiote,1
swiss chard torn into bite sized piece,1
sauterne wine,1
fat free curd cottage cheese,1
for the soy sauce,1
bunches collard greens and,1
for the garlic chile dip,1
ginger dip,1
young ginger,1
pam grilling spray,1
la choy teriyaki stir fry sauce and marinade,1
la choy soy sauce,1
zucchini lengthwise cut into inch slice,1
whipped ricotta cheese,1
eggplant ends and cut into inch slice,1
spinach leaves torn into piece,1
freshly rock salt to taste,1
idahoan buttery homestyle flavored mashed potato,1
eggplant into inch piece,1
tarragon flake,1
goya mayonnaise,1
chipotle pepper from a can of goya chipotle peppers in adobo sauce,1
sauce from a can of goya chipotle chiles in adobo sauce,1
goya adobo all purpose seasoning to taste,1
inch slices red onion,1
extra spicy bloody mary mix,1
pico de gallo and or hot sauce,1
campbell s condensed cream of chicken soup,1
milk plus more to taste,1
bone in fully ham steak,1
mini kosher dill pickle,1
burger mixture,1
quartered marinated artichoke hearts with liquid,1
grape clusters for garnish,1
hot dogs cut into third,1
hamburger seasoning,1
tyson and ready fully frozen chicken breast strips thawed,1
dark spiced rum,1
panko bread crumbs fine,1
sofrito such as goya,1
unsweetened coconut to garnish,1
round steak and cut in inch pie,1
fruity white wine such as sauvignon blanc,1
salsa such as tostito s,1
frozen broccoli cuts thawed and drained,1
bottle hickory brown sugar barbeque sauce,1
morton kosher salt,1
water chestnut slice,1
bone in pork loin end roast,1
low fat sesame ginger salad dressing,1
meaty beef short rib,1
red chili pepper flake,1
bag frozen pasta and vegetable blend,1
italian pork,1
buttermilk biscuit dry mix,1
vegetable seasoning salt such as mccormick vegetable supreme seasoning,1
flank steak pounded to inch,1
coarsely lemon grass,1
bag green split peas rinsed,1
smoked pork neck bones such as smithfield,1
smoked ham such as carolina pride,1
leftover potato,1
barilla garlic sauce,1
canned chipotle chile in adobo,1
sweet sparkling wine such as asti spumante,1
pint fat free half and half,1
beef brisket first cut,1
filet mignon steaks inch,1
bottle buffalo wings sauce such as frank s redhot,1
box chicken flavored cracker,1
tart cooking apples cored and,1
fluid ounce jigger irish whiskey such as jameson,1
beef chuck in piece,1
light greek dressing,1
walnuts and in a food processor,1
italian tomatoes with basil,1
chicken breasts about pound,1
whole rosemary sprig,1
rosemary sprig leaves stripped and,1
fl oz jar processed cheese spread such as kraft cheez whiz,1
recipes basic crepe,1
of smoked turkey breast,1
onion bun,1
honey whole wheat bread,1
bison breakfast sausage,1
loaf textured french,1
chunky style blue cheese salad dressing such as marzetti,1
frozen potatoes hash browns with onions and pepper,1
biscuits cut into piece,1
homestyle beef gravy,1
beef chuck eye roast,1
dressed rabbit cut up,1
fully smoked beef sausage such as hillshire farm,1
frozen green bell pepper,1
chicken seasoning blend,1
fritos corn chip,1
potato hamburger bun,1
bottle chunky blue cheese dressing,1
bag uncle ben s boil in bag whole grain brown rice,1
chicken wing sauce,1
your favorite campbell s cream soup,1
frozen bite size potato nuggets such as extra crispy tater tot,1
smoked sharp cheddar cheese,1
hero roll,1
beef top loin,1
deli chicken,1
lo mein,1
pita bread round cut in half,1
tomatoes with green chilies such as ro tel undrained,1
sirloin steak inch cut into inch piece,1
wooden skewers soaked in water minute,1
zucchini cut on a long diagonal into inch slice,1
no salt added tomato paste such as hunt s,1
herb and spice seasoning blend,1
reduced fat and reduced sodium cream of celery,1
tyson ready frozen chicken breast,1
button mushrooms in oil,1
spicy red chili powder,1
tub whipped cream cheese at room temperature,1
bunches swiss chard leaves stems reserved,1
heads savoy cabbage,1
prosciutto cotto ham,1
skirt steak and cut into inch wide piece,1
frozen broccoli spears thawed,1
barbeque bean,1
cola flavored carbonated beverage such as pepsi,1
bowl ingredient,1
avocado cilantro dressing,1
chicken cut up,1
dole pineapple tidbits drained,1
salt and cracked pepper,1
heads crisp romaine heart,1
bag birds eye recipe ready southwest blend,1
box taco dinner kit,1
cold nonfat milk,1
roasting bag for a turkey,1
bag nacho flavor tortilla chip,1
links spanish chorizo sausage,1
green onion garnish,1
dry brown lentils soaked overnight and drained,1
squeezed lemon half,1
dill pickle chips patted dry,1
broccoli stalk,1
coarsely apricot,1
red skin on potato,1
dry chinese egg noodle nest,1
new york steak cut into inch strip,1
skirt steak cut into piece,1
strip orange zest,1
serrano chile seeded and,1
bag frozen onion rings such as ore ida,1
canadian beer,1
paprika if desired,1
condensed cream of chicken mushroom soup,1
peaches in light syrup syrup reserved,1
american cheese or your choice,1
vegetable shortening for deep frying,1
pouch uncle ben s ready rice pinto beans rice,1
prepared pico de gallo,1
avocado ranch dressing,1
frozen green peas and carrot,1
avocados cut into chunk,1
reduced sodium chicken bouillon powder,1
sun tomato tortilla,1
ore ida potatoes o brien thawed,1
oscar mayer maple bacon crumbled,1
egg white to seal flauta,1
canned chili starter such as bush s chili magic,1
fire tomatoes with garlic,1
chicken breast strips such as louis rich chicken breast strip,1
tortilla chips such as tostido,1
fluid ounce can canned vegetable juice,1
light ranch style salad dressing,1
fluid ounce bottles hard apple cider,1
venison meat,1
dry flat rice noodle,1
prepared sausage and oyster dressing,1
contadina tomatoes with garlic undrained,1
kraft lite zesty italian dressing,1
asparagus tips set aside and stalk,1
drained creamed cottage cheese,1
blade chuck roast,1
sharp vermont cheddar cheese,1
vermont maple syrup,1
fluid ounces cooking sherry,1
sleeve cracker,1
squirrels skinned and gutted,1
spam classic cut into inch cube,1
green giant steamcrisp mexicorn whole kernel corn with red and green pepper,1
round steak cut into serving size piece,1
prepared salsa hot,1
knorr cajun side,1
kikkoman tempura batter mix,1
red peppers in oil,1
dole classic coleslaw,1
butterball turkey bacon,1
for slaw,1
cream of shrimp soup,1
ham flaked,1
pepperoncini peppers such as mezzetta,1
refrigerated poppyseed salad dressing,1
hawaiian sweet bread rolls in half horizontally,1
pineapple cream cheese spread,1
old el paso salsa any variety,1
fatty pork butt,1
teriyaki basting sauce,1
corn muffin and bread mix,1
tart apple slice,1
bag birds eye recipe ready seasoning blend,1
canned asparagus drained,1
alfredo sauce egg noodles mix,1
leftover roast chicken frame,1
hot hungarian paprika,1
frozen vegetable blend thawed,1
inch pork loin chop,1
tri color potatoes red,1
water if necessary,1
italian whole tomatoes such as la valle,1
dill pickles each cut lengthwise into slice,1
bone in prime rib roast,1
canned jalapeno slice,1
texas bean salsa,1
sandwich fixing,1
chevre spreadable goat cheese,1
sprigs cilantro leaves for garnish,1
ciabatta rolls in half,1
smithfield garlic herb,1
crusty italian,1
chicken noodle soup,1
beets and cut into piece,1
duck dressed innards reserved,1
strips smithfield hickory smoked bacon crisp and cut in half,1
slices sharp cheddar cheese,1
cut top round steak,1
spanish chorizo link,1
peach juice,1
martha white cotton country cornbread mix,1
scotch fillets chuck eye,1
goya pineapple chunks drained,1
leftover roast pork,1
tortilla chips with a hint of lime,1
salted water,1
carton college inn chicken broth,1
eggplant lengthwise and pulp scooped from peel leaving two shell,1
dry oatmeal,1
kraft tuscan house italian dressing and marinade,1
zucchini cut lengthwise in half then crosswise,1
parmesan cheese powder,1
hot italian style turkey sausage link,1
bratwurst sausages cut into inch piece,1
broiled in butter style mushroom,1
drained canned pineapple tidbit,1
campbell s condensed beef broth,1
head chinese cabbage bok choy,1
mango yogurt,1
achiote seed,1
chicken flavored rice mix such as rice a roni,1
cilantro leaves plus extra,1
lamb sirloin cut into cube,1
fermented soybean,1
head pickled garlic,1
spicy red pepper tomato sauce,1
beef stew seasoning mix,1
envelope onion soup mix such as lipton beefy onion,1
pork cube steak,1
beef back rib,1
salt beef,1
fig jam,1
bison short rib,1
french bread slices inch,1
sprigs rosemary for garnish,1
toothpicks to hold chicken cutlets together,1
margherita capicola,1
jumbo chicken wing,1
dry bread crumbs for coating,1
beef cheek,1
goya adobo all purpose seasoning,1
frozen mixed vegetables broccoli,1
goya pineapple nectar,1
tortilla chips for garnish,1
frozen mini pie shell,1
ball park brand frank,1
chicken breast and or thigh,1
roast chicken meat,1
enchilada sauce such as el paso hot red enchilada sauce,1
goya hot sauce,1
inch piece of lemon grass white part only,1
inch long metal skewer,1
italian seasoned tomato,1
sister schubert s parker house style yeast roll,1
prepared,1
favorite prepared barbecue pulled pork,1
liter ginger ale such as vernor,1
top sirloin steak cut inch,1
prewashed herbs and greens lettuce mix,1
red and or yellow bell pepper,1
beef marrow bone,1
beans such as heinz,1
pitted green olives such as manzanilla,1
frozen puff pastry each with sheets thawed,1
creamy cheddar sauce,1
chicken patty,1
ranch dressing mix such as hidden valley,1
submarine roll,1
pizza crust par,1
head iceberg lettuce leaves separated,1
ginger plum sauce,1
green peppercorns coarsely,1
carrot chunk,1
heads cabbage cored and cut into wedge,1
vermicelli,1
smithfield garlic herb seasoned pork loin filet cut into inch strip,1
white irish potato,1
pastry for a inch single pie crust,1
sized chicken breast,1
sunsweet amaz n prune,1
inch pie crusts rolled out to fit a x inch baking dish,1
leftover marie callender s vermont white cheddar mac cheese,1
fully bacon,1
spicy bulk breakfast sausage,1
beef tri tip roast at room temperature,1
white peppercorns coarsely,1
pink peppercorns coarsely,1
canned mushrooms including liquid,1
pan sauce,1
rich veal stock,1
quart warm milk degrees f degrees c,1
sweet pimenton de la vera spanish smoked paprika,1
creamed beef,1
frozen regular not petite green pea,1
cartons swanson chicken stock,1
spam less sodium,1
belgian waffle mix just add egg and oil variety,1
borden american singles cut into square,1
bone in country style pork rib,1
buffalo wing flavored chicken sausages such as al fresco,1
brat,1
german,1
pumpkin and cut into inch cube,1
garlic mushroom marinara sauce,1
mccormick mayonnaise with lime juice mayonesa,1
leaves lettuce leaf,1
inch tostada bowl,1
pastry for double crust inch py,1
tomatillos drained,1
low sodium refried bean,1
hot sauce such as tabasco green jalapeno sauce,1
low sodium tomatoes and green chily,1
cassava roots cut into piece,1
asian radish,1
to inch flour tortillas any flavor,1
tightly leaf lettuce,1
turkey from deli,1
condensed french onion soup such as campbell s,1
pan cornbread cut into cube,1
bottled buffalo wing sauce,1
ball park golden hamburger bun,1
of giblets and neck from a turkey,1
unsmoked bone in ham,1
hot pepper wing sauce,1
merlot,1
spicy,1
fully cheddar bratwurst sausages cut into inch slice,1
pork shoulder steak,1
sauerkraut liquid drained and reserved,1
bone in fully ham,1
fluid ounces orange flavored rum such as bacardi o,1
vegetable shortening such as crisco frozen and cut into inch cube,1
land o lakes deli american cut into quarter,1
beef sirloin steak inch,1
gemelli twisted pasta,1
french baguettes lengthwise,1
merguez spicy lamb sausage,1
slices leftover roast turkey,1
bottle ketchup style chili sauce such as heinz,1
bag frozen stir fry vegetable,1
cheddar monterey jack cheese,1
thai bird s eye chile pepper,1
crusty rolls and lightly,1
broccoli florets to crisp tender,1
broccoli stem,1
red skin potato,1
marinated artichoke hearts drained and quartered cup liquid reserved,1
sirloin steak pounded to inch thickness and cut into x inch strip,1
gallon oil for frying,1
jumbo size inch foil baking cup,1
hot prepared mashed potato,1
pheasant cut into bite size piece,1
inch refrigerated pie crust,1
roast ready prime rib roast ribs cut off and tied to roast,1
for the turkey neck stock,1
dole just lettuce,1
long grain and wild rice mixture,1
duck rinsed,1
herb pan sauce,1
deli style brown mustard,1
low sodium tomato soup,1
top round steak and,1
fluid ounce bottle spicy vegetable juice cocktail,1
chicken pieces leg,1
sodium nitrate saltpeter,1
maple apple,1
frozen chicken wing section,1
bottle garlic rosemary citrus marinade such as stonewall kitchen,1
stuffed pepper,1
cheddar cheese such as kraft,1
tomato sauce with mushroom,1
prime rib loin roast,1
sweet chilli sauce such as mae ploy,1
plum tomatoes cut into inch slice,1
lemons wedged for garnish,1
southwest fiesta dressing recipe below,1
honey mustard salad dressing mix,1
sun tomatoes rehydrated,1
pita bread cut into square,1
bottle french salad dressing such as wishbone,1
carton swanson mexican tortilla flavor infused broth,1
smoked spanish chorizo sausage link,1
butterflied pork chop,1
sweet and hot pepper,1
tomato concasse see footnote for recipe link,1
stackable potato chips such as pringle,1
black mission figs cut in half,1
prosciutto of all fat and cut into strip,1
quart tomato,1
reduced sodium deli turkey,1
and chicken breast,1
major grey s chutney,1
deli honey ham,1
lemons quartered and seeded,1
hot chilies cut crosswise into third,1
bread discard crusts and cube bread,1
fl oz cans chunk chicken such as kirkland,1
beef london broil steak about inche,1
fluid ounce bottles hard cider,1
thai chili peanut sauce,1
tomato based chile sauce such as heinz,1
haas avocados pitted flesh scooped out then,1
frozen breaded onion ring,1
mccormick burrito seasoning mix,1
mediterranean black olive,1
shichimi togarashi japanese spice,1
crusty sandwich roll split,1
slices canadian style bacon,1
cold leftover mashed potato,1
tub philadelphia italian cheese and herb cooking creme,1
dry cream of wheat cereal,1
hot penne pasta,1
size chicken breast half,1
hot pasta,1
broccoli florets cut into piece,1
zucchini cut into rounds and quartered,1
mixed salad greens washed and drained,1
juice mandarin oranges drained,1
noodle soup mix such as lipton soup secret,1
inch slices italian bread with sesame seeds also known as scali,1
slices smoked mozzarella,1
shallots and left whole,1
slider size rolls split,1
bottle hickory smoke flavored barbeque sauce,1
crisco extra virgin olive oil,1
greek style plain yogurt,1
crosse blackwell mint sauce,1
sparkling white grape juice,1
of ham,1
maille cornichon,1
rib lamb chop,1
few leaves of lettuce,1
store bought roast chicken,1
fluid ounce bottle russian style salad dressing such as wishbone,1
freshly asian pear,1
korean red pepper flakes gochugaru,1
green onion tops for garnish,1
top round,1
seeded kaiser bun,1
avocado sour cream spread,1
high quality root beer,1
very dry white bread crumb,1
eggplant and cut lengthwise into inch slice,1
dashi japanese seasoning,1
bratwurst cut into inch piece,1
inch square sheets of heavy duty aluminum foil,1
ham and cut into inch chunk,1
bag frozen vegetable combination broccoli cauliflower carrot,1
sweet bread and butter pickle,1
smoky paprika,1
libby s sweet corn vegetable cup,1
turkey stock with pan dripping,1
fluid ounce jigger hazelnut liqueur,1
bottle peach flavored iced tea,1
chicken breast strips such as foster farm,1
long skewer,1
white pea bean,1
duck liver pate,1
montreal smoked meat smoked brisket,1
baguettes slit lengthwise but still attached,1
and matchstick cut daikon radish,1
black forest ham cut into cube,1
smoked cheddar and swiss cheese blend,1
beer each full,1
double crust pie pastry thawed,1
remaining ingredient,1
smithfield rosemary olive oil seasoned pork tenderloin,1
pinch pepper,1
ivanhoe old cheddar,1
multicolored spiral pasta,1
slices center cut bacon,1
links chorize sausage,1
bottles burgundy wine,1
black tea bags cut open,1
sweet onion such as a walla walla,1
zatarain s spanish rice,1
mushrooms undrained,1
day old whole grain bread torn into inch piece,1
spanish paella rice,1
spanish sweet paprika,1
prawns and deveined leave tail,1
reduced fat cream of celery soup,1
blood orange zested and juiced,1
piquillo pepper,1
butterball golden oven turkey breast and,1
reduced fat cream of mushroom soup,1
center cut pork chops inch,1
new potatoes red,1
oscar mayer bacon crisply crumbled,1
miniature croissant,1
mild breakfast sausage,1
asian plum wine,1
tomato inch,1
double crust ready to use pie crusts such as pillsbury,1
slices beef shank,1
ham steak cut into inch piece,1
pre cabbage and carrot,1
less sodium taco seasoning mix,1
lime carrot slaw,1
cracker barrel light tex mex cheese,1
glaze ingredient,1
white mushrooms coarsely,1
cracked wheat bread,1
slices aged cheddar cheese,1
meatloaf ingredient,1
spinach wilted squeezed dry,1
frozen potato nuggets such as tater tot,1
dry rubbed sage,1
dry herb flavored stuffing mix such as pepperidge farm herb seasoned stuffing,1
reserved bacon dripping,1
herb stuffing mix into fine crumb,1
mild hatch chile pepper,1
drained sauerkraut not rinsed,1
head green cabbage quartered and,1
polish sausage link,1
chili beans in sauce such as bush s,1
bunches broccoli rabe and,1
green kohlrabi,1
new york strip steaks at least inch,1
maple flavored syrup such as mrs butterworth s,1
fluid ounces barbeque sauce such as kraft original,1
cornstarch dissolved in tablespoon water,1
chicken breast chunk,1
white kidney beans cannellini,1
zucchinis end,1
quarts tomato puree,1
seville orange marmalade,1
bottle garlic and herb marinade,1
ham crumbled,1
marble rye bread,1
and chilled chicken meat,1
sheets phyllo pastry dough into triangle,1
farmland ham,1
pie crust mix such as jiffy,1
disposable mini loaf pans x inche,1
kecap manis sweet soy sauce,1
prepared pie pastry,1
sage pork sausage such as bob evan,1
sweet pickles juice reserved,1
hot long green chile pepper,1
extra tofu cut into matchstick,1
quarts shucked oyster,1
smoked garlic kielbasa,1
tomatoes skinned and,1
canned beef broth,1
marinated quartered artichoke hearts drained,1
irish cheese such as dubliner,1
very cold beef,1
barbeque sauce such as sfq,1
mild green chilies undrained,1
stewed tomatoes cut in half and drained,1
olive oil for marinating,1
bone in shank ham,1
torn bread piece,1
inch watermelon,1
wheat noodle,1
of thickly cut bacon,1
diagonally carrots inch,1
kluski egg noodle,1
fully ripened avocado from mexico pitted and,1
pork blade steak,1
chayotes quartered,1
yellow squash quartered lengthwise and cut crosswise into inch slice,1
basic stuffing,1
poultry seasoning sage rosemary and thyme,1
to pound turkey breast half with bones and skin,1
refrigerated mashed potato,1
eggplant cut lengthwise in quarters then crosswise into inch slice,1
dark,1
wheat bread into crumb,1
herb mayonnaise,1
sauteed onion,1
parsnip and cut into chunk,1
new gallon metal garbage can with lid,1
pheasant cleaned,1
white cake mix batter prepared as directed on package,1
canned ham such as spam classic cut into cube,1
tenkasu tempura pearl,1
italian sausage casings removed,1
green olive brine,1
johnsonville mild italian sausage,1
bags frozen broccoli and carrot,1
spray,1
smithfield ham slice,1
green and red bell pepper,1
tomato ketchup and hot mustard,1
cured bone in picnic ham,1
racks lamb rib,1
old el paso taco shells heated as directed on box,1
old el paso green,1
apple wood chips soaked,1
inch wooden stake,1
pink salt curing salt,1
bone in pork shoulder picnic arm roast,1
julienne sun tomato,1
vegetarian chicken e g,1
bulk mild pork sausage such as jimmy dean,1
boxes frozen spinach,1
dinner rolls lengthwise,1
scallions cut into inch pieces white and green part,1
snow peas stem and strings removed,1
maple wood chip,1
three rib standing rib roast bones separated from the roast and tied in place,1
bags frozen cauliflower,1
asian pear and coarsely,1
short pretzel rod,1
barbeque sauce such as hp,1
bread stuffing cube,1
tomato sauce such as newman s own,1
loaf white bread crusts removed and,1
sazon seasoning such as badia tropical,1
spanish style olive,1
bunches breakfast radishes rinsed and,1
fluid ounce can vegetable juice such as v,1
smithfield golden rotisserie pork tenderloin,1
pairing,1
tamari soy sauce to taste,1
warm maple syrup,1
pint yellow grape tomato,1
low sodium pinto beans rinsed and drained,1
mild nacho cheese sauce,1
mild taco sauce,1
pint red grape tomato,1
bag spinach torn,1
spaghetti squash seeded and cut into inch piece,1
spinach tagliatelle pasta,1
aji amarillo chile paste,1
andouille,1
prepared flatbread pizza crust,1
cleaned whole trout heads removed,1
infused oil,1
sour cream plus more for garnish,1
tomatoes with onion and celery,1
sour orange juice,1
suckling pig dressed,1
ancho chiles stems removed but seeds left in,1
fluid ounce containers beef broth,1
dash red pepper,1
dark red chili powder,1
adobo seasoning with cumin,1
ring fully smoked pork sausage,1
white mushrooms wiped clean with paper towel,1
portobello mushrooms wiped clean with paper towel,1
extra flour tortilla,1
cilantro rinsed,1
bunches kale stems and center ribs discarded and leaves coarsely,1
dates open and pitted,1
chorizo links cut into inch slice,1
bottle hickory smoke flavored barbecue sauce,1
parmigiano reggiano cheese not,1
frozen southern style hash brown potatoes such as ore ida,1
sprigs mint coarsely,1
quarts low fat low sodium chicken broth,1
smoked pork shoulder,1
red chile paste such as thai kitchen,1
mushrooms pieces and stems drained,1
shallots cut in quarter,1
spread,1
sirloin pork roast,1
juice pineapple,1
crisp taco shells warmed,1
dry italian seasoned bread crumb,1
white cheese sauce,1
low sodium vegetable juice such as v,1
seasoned chicken cube,1
pans cornbread cooled and crumbled,1
ro tel hot tomatoes with habaneros undrained,1
sour cream and parsley,1
red and green pueblo chile pepper,1
smoked cheddar,1
masa,1
petite tomatoes well drained,1
leeks cleaned and cut into inch round,1
mccormick grill mates baja citrus marinade,1
chorizo sausages cut into inch piece,1
salt and cayenne pepper,1
wild mushrooms such as porcini,1
avocados seeded and coarsely mashed,1
guacamole salad,1
mini potato gnocchi,1
frozen sandwich steak meat,1
marinara sauce for dipping heated,1
unpeeled new potato,1
barbeque beans with liquid,1
center cut pork roast,1
herbes de provence tied into a cheesecloth bag,1
bone in pork shank,1
bottle burgundy red wine,1
prepared apple butter,1
prime rib roast bones removed,1
apple grape cherry juice,1
red and or green bell pepper,1
for the tomato sauce,1
at least turkey,1
seasoned panko japanese style bread crumb,1
fully chicken breast,1
tomato puree such as contadina tomato puree,1
feta cheese with italian spice,1
garlic naan bread,1
crustless bread torn into piece,1
envelope chicken noodle mix dry,1
bag birds eye recipe ready mirepoix,1
refrigerated prepared mashed potato,1
red beans rinsed,1
spicy nacho cheese flavored tortilla chips such as doritos spicy,1
spicy black bean sauce,1
cocktail size smoked link sausage,1
cannelloni pasta shell,1
salisbury steak,1
bag birds eye recipe ready marsala blend,1
fish sauce for sprinkling,1
oscar mayer deli oven chicken breast cut,1
saffron rice such as mahatma,1
drained and coarsely sun tomato,1
dry falafel mix,1
cucumber dressing,1
coarsely pitted kalamata,1
leg of lamb at room temperature,1
green chiles such as old el paso drained,1
pea pod,1
pressurized canned cheese spread such as cheez whiz,1
low sodium dry ranch dressing mix,1
prepared spicy brown mustard,1
amber,1
carton swanson unsalted chicken stock,1
portuguese chourico sausage link,1
bite size carrot piece,1
powdered yellow food coloring,1
black forest style bacon,1
mozzarella balls boccaccini cut into quarter,1
lemon grass coarsely,1
beef rib eye steaks cut,1
mini sandwich roll,1
chicken vegetable soup mix,1
racks of lamb fat reserved,1
sprigs spearmint,1
curry sauce,1
green beans snapped in half,1
low carb high fiber tortillas such as la tortilla factory,1
enchilada,1
broth simmered rice see note,1
southwest marinade seasoning,1
jalapeno and cheese flavored tortilla,1
hard apple cider such as samuel smith,1
pluots stones removed and cut into wedge,1
tender beef steak,1
kikkoman seasoned rice vinegar,1
vine ripened tomatoes each cut into slice,1
french rolls lengthwise,1
hot italian sausage meat,1
coarsely ginger root,1
fat free french dressing such as kraft,1
ginger root cut into strip,1
bottled steak sauce,1
apple slice,1
garlic or more to taste,1
eggs such as poached,1
very flank steak,1
tostada shells warmed in oven,1
tube refrigerated crescent rolls such as pillsbury,1
peaches undrained,1
sauerkraut drained and squeezed dry,1
rice bread crumbs such as paneriso,1
cornstarch sifted,1
beef stock concentrate such as knorr homestyle stock,1
ball mozzarella cut into inch cube,1
bag butter lettuce mix,1
green chiles with juice,1
restaurant style salsa such as pace,1
extra chunky peanut butter,1
mild fire green chile pepper,1
fl oz cans chunk chicken breast,1
thai chili garlic sauce sriracha,1
barbeque sauce such as bull s eye texas style bold barbeque sauce,1
leg of lamb of fat and cut into strip,1
bottle stout beer,1
tri color rotelle pasta,1
cut up chicken breast,1
roma tomatoes seeded,1
chicken leg quarters with skin,1
zucchinis lengthwise and into half moon,1
white cheddar hollandaise,1
benedict,1
jones dairy farm all golden brown breakfast sausage patties prepared,1
tomatoes and green chile pepper,1
tyson ready frozen southwestern chicken breast strips thawed and cut into bite size piece,1
tub goya frozen guacamole thawed,1
goya salsa pico de gallo mild,1
sweet red chile sauce,1
kaffir lime leaves torn and bruised,1
lemongrass stalk,1
white cornbread mix such as martha white,1
lamb cut into inch x inch piece,1
goya corn oil,1
goya green pickled jalapeno pepper,1
zucchini squash,1
bottle muscadine red wine,1
pancetta cut into strip,1
black chanterelle mushroom,1
cherry wood chip,1
fluid ounce cans beer half full,1
scotch fillet chuck eye steak,1
white corn taco shell,1
vegetables such as broccoli florets and red bell pepper,1
links smoked beef sausage,1
lumpia wrappers egg roll wrapper,1
to inch flour tortilla,1
guacamole salsa and or sour cream,1
crumbled pepperjack cheese,1
yellow whole kernel corn,1
rice stick noodle,1
triple cream brie,1
cajun seasoning salt,1
honeycomb tripe,1
fully pork tenderloin,1
salt free seasoning blend such as mrs dash chipotle seasoning,1
juice of a lemon,1
fluid ounce bottle browning sauce such as gravymaster,1
sirloin tips uncut,1
tomatoes broken apart by hand,1
bone in whole ham,1
head bibb lettuce,1
carnitas pulled pork,1
slices bread such as texas toast,1
bakery style hamburger bun,1
barbecue sauce such as famous dave s devil s spit,1
sirloin or london broil cut to inch slice,1
tomatoes and mild green chile peppers such as ro tel,1
bone in chickens giblets removed,1
frozen purple hull pea,1
chunks of bread,1
venison heart,1
venison liver,1
red beets drained and juice reserved,1
dry sweetened cereal,1
creole smoked sausage,1
pitted manzanilla olive,1
olive oil from jar of sun tomato,1
ravioli,1
herbes de provence crumbled,1
tangerine sectioned and seeded,1
smoked sausage such as conecuh,1
oat nut bread,1
assorted chicken part,1
honey turkey,1
coarse dry breadcrumb,1
amish swiss cheese,1
jerk paste,1
cellophane noodles soaked in warm water,1
great northern white bean,1
sticks pepper jack cheese,1
cut pork steak,1
snow peas cut in inch piece,1
pouches uncle ben s ready rice,1
patty pan squash,1
bread slices crusts removed and bread crumbled,1
korean style short ribs beef chuck flanken cut into inch segment,1
quorn chicken style recipe tender,1
smoked deli turkey,1
to inch tortillas warmed,1
no yolk egg noodle,1
iceberg lettuce julienne cut to inches lo,1
tomatoes with green chile peppers such as hatch,1
fluid ounces port wine,1
chicken tender strip,1
frozen banquet brown n serve turkey sausage link,1
garlic spread seasoning such as johnny s great caesar garlic spread seasoning,1
naan breads indian flatbread,1
beef top sirloin center filet,1
fluid ounce cans pilsner style beer,1
naan,1
spinach cut into inch piece,1
zucchini cut into round,1
yellow squash cut into round,1
hot jasmine rice,1
bison sirloin steak cut into bite size piece,1
frozen hamburger patty,1
gala apple cut into chunk,1
to pound roasting chicken,1
veal medallions pounded to inch thickness,1
bottle asian style sesame salad dressing such as kraft asian sesame dressing marinade,1
sharp cheddar cheese such as cabot seriously sharp,1
head napa cabbage torn into piece,1
oyster mushrooms cut in half,1
heinz mustard,1
beer such as budweiser,1
liquid smoke flavoring not concentrated,1
salted spanish peanut,1
creamy poppy seed salad dressing,1
ricotta cheese for garnish,1
bottle red wine vinegar,1
fillets imitation seafood sticks into strip,1
tip round roast,1
dry gravy maker mix,1
country style smoked link sausage,1
sun tomato vinaigrette,1
dashi powder,1
pint cold water,1
thickly shallot,1
habanero chiles seeded and,1
precooked polenta,1
cottage cheese with chive,1
condensed chicken rice soup,1
tamale filling,1
rolls split and,1
sprays olive oil cooking spray,1
frozen spinach leaves broken into piece,1
cheddar cheese such as cabot,1
cinderella pumpkin,1
ginger thickly and,1
bottle hickory smoke barbeque sauce,1
chicken such as breast halves and thigh,1
low fat tomato pasta sauce,1
spinach thawed and squeeze,1
quart stewed tomato,1
flank beef steak,1
pickled artichoke heart,1
pillsbury grands flaky layers refrigerated biscuit,1
serving suggestions red onion,1
dashi fish flake,1
chili with beans such as hormel,1
cornbread mix such as jiffy,1
mushrooms stems removed and reserved,1
sweet italian turkey sausage,1
bell,1
bunch cilantro stems cut off and leaves coarsely,1
chicken thighs or mix of thighs and breast,1
okra crosswise into inch wide piece,1
premade roux such as kary s,1
creole seasoning such as slap ya mama,1
chicken necks and back,1
mustard greens drained,1
linguica casings removed,1
chourico,1
pasta sauce such as barilla napoletana,1
veal scallops pounded to inch thickness,1
top round steak cut into inch cube,1
carambola star fruit cut into inch slice,1
pork sausage such as owens original,1
black and red pepper blend such as mccormick hot shot,1
top round london broil,1
sesame seed hamburger bun,1
deer chops venison,1
lacy swiss cheese,1
drained and rinsed canned black eyed pea,1
no salt added black,1
chinese winter melon dong gua cut into inch cube,1
liter cola flavored carbonated beverage,1
whole bone in skin on turkey,1
gallons cool water,1
morton coarse kosher salt,1
bread crumbs process bread in a food processor,1
chicken thigh with skin,1
green tomatillos husks removed,1
store bought rotisserie chicken,1
kielbasa cut into piece,1
water for sausage,1
torta roll,1
frozen mozzarella sticks such as farmrich,1
tomatoes in juice coarsely,1
lamb shoulder roast cut into inch cubes or a combination of lamb and pork shoulder roast,1
white navy bean,1
white wine chicken broth,1
strip by inch orange zest,1
thickly pancetta,1
bunches asparagus diagonally,1
pink lady apple cored and,1
very pieces red bell pepper,1
pork fat without skin,1
chocolate stout beer,1
green thai chile pepper,1
beef flavored pho broth,1
frozen ribeye steak,1
frozen southern style hash brown,1
soba noodles and drained,1
fl oz can chicken breast chunk,1
lamb shoulder cut into inch strip,1
kidney beans rinsed,1
progresso vegetable classics hearty tomato soup,1
whole wheat lasagna noodle,1
seasoned chicken style vegetarian strips such as morningstar farms chik n strip,1
sargento reduced fat cheese mexican cheese,1
mexican,1
oval shaped portuguese rolls split,1
frozen shoestring potato fry,1
fluid ounce bourbon such as maker s mark,1
extra zucchini cut into noodle shape strand,1
spanish rice and sauce mix,1
celery tops with leaf,1
fettuccine noodles broken in half,1
spaghetti broken into fourth,1
link johnsonville apple chicken sausage,1
pre washed spring mixed green,1
quart strawberries hulled and quartered,1
granny smith apple cored and cut into chunk,1
bottle reduced fat ranch salad dressing,1
cherry tomatoes seeded and,1
fluid ounce bottle hot buffalo wing sauce such as frank s redhot buffalo wing sauce,1
spiced rum such as captain morgan s,1
sweet hot pickle relish,1
lemons juiced lemon halves reserved,1
turkey size oven roasting bag,1
and crumbled beef,1
foo yung sauce,1
sausgae,1
wisconsin brick cheese,1
skin on duck breast half,1
matzo ball mix,1
quarts white vinegar,1
parsnips cut into inch dice,1
turnip cut into inch dice,1
musselman s apple cider vinegar,1
condensed beef broth such as campbell s,1
refrigerated crust pizza dough such as pillsbury,1
bison ribeye steak,1
frozen beef tenderloin carpaccio,1
hard rolls day old,1
beef prime rib roast at room temperature,1
pitted frozen tart cherries thawed,1
black angus chuck,1
garlic and herb jack cheese,1
slider sized burger bun,1
cherry cola,1
chayote squashes seeded and,1
avocado cilantro and or red pepper,1
beef shoulder steak,1
prepared double crust pie pastry,1
parsnips scrubbed and,1
very sweet onions such as vidalia,1
gay lea spreadables butter cinnamon brown sugar,1
bags iceberg lettuce,1
chourico cut into inch piece,1
pan prepared cornbread crumbled,1
prepared biscuit,1
bag black bean,1
bag stir fry vegetable,1
breaded chicken breast such as perdue,1
dry hot wheat cereal,1
chicken wing piece,1
taco seasoning mix such as mccormick original,1
frozen biscuits thawed,1
frozen bell pepper stir fry mix,1
roast wrap,1
unbleached parchment paper,1
frozen curly style french fry,1
cut pork shank section,1
southern style flaky refrigerated biscuits such as pillsbury grand,1
pizza topping,1
mixed broccoli and cauliflower floret,1
sprig oregano leaves picked from stem,1
bone in beef pot roast,1
maraschino cherries stemmed drained and juice reserved,1
box mexican rice mix,1
bottle spicy ranch dressing,1
reynolds bakeware bacon pan,1
maple syrup plus additional for serving,1
fusilli or other ridged pasta shape,1
round hard roll,1
inch rib eye steak thawed,1
dry onion gravy mix,1
smoked ham steak cut into serving piece,1
chili garlic sauce such as sriracha,1
coarsely mashed potato,1
red gold petite tomatoes with chipotle,1
slices prosciutto cut into strip,1
sirloin steak cut into strip,1
dry ditalini pasta,1
refrigerated butternut squash piece,1
hot and spicy ketchup,1
veal shoulder roast,1
hunt s tomato sauce with basil garlic and oregano,1
pineapple apricot preserve,1
fluid ounce bottle liquid smoke flavoring,1
prepared spinach dip,1
box dry instant stuffing mix,1
homemade noodle,1
sauce bolognese,1
links dietz watson all uncured nitrate free italian chicken sausage,1
beef lunch meat such as carl buddig,1
scoop shaped tortilla chips such as fritos scoop,1
leek white and tender green part only,1
dry cooking sherry,1
apricots or similar amount of your favorite fruit,1
all purpose flour spooned and leveled,1
red gold petite tomatoes with onion celery green pepper,1
american processed cheese single,1
rosemary snip with scissor,1
very cut chicken breast,1
stuffing mix for turkey,1
box old el paso stand n stuff taco shell,1
cut up deli rotisserie chicken,1
additional ranch dressing,1
thai style coconut curry stir fry sauce such as kantong,1
fig compote,1
heads broccoli florets only,1
slices capicola ham,1
tomatoes with juice lightly with hands and pulp removed,1
torn day old bread,1
inch yukon gold potato chunk,1
inch carrot chunk,1
scoop style tortilla chips such as tostitos scoop,1
green giant frozen mixed vegetable,1
pillsbury grands flaky layers refrigerated buttermilk biscuit,1
lemon grass puree,1
pitted dark cherries in water,1
reduced fat and sodium cream of chicken soup,1
good quality bacon,1
korean hot pepper paste,1
coconut vinegar,1
cut up chicken part,1
green beans and well with paper towel,1
pork sauce,1
drained and sun tomatoes in oil,1
heavy kitchen string,1
multi grain tortilla,1
polish kielbasa sausage,1
mango cut into bite size piece,1
avocado cut into bite size piece,1
salsa roja,1
plain tomato sauce,1
fluid ounces white cooking wine,1
chicharron,1
beef tenderloin medallion,1
johnsonville hot,1
grape tomatoes cut in half,1
black olives cut in half lengthwise,1
mushrooms shiitake oyster cremini,1
chinese barbecued pork,1
beans such as bush s country style,1
barbeque sauce such as kc masterpiece hot n spicy,1
leg of lamb cut into inch cube,1
port,1
asian style chile paste,1
yakisoba noodle,1
bison tenderloin roast,1
cherry onion chutney,1
frozen tart red pitted cherry,1
chinese roast duck meat skin and fat separated and set aside,1
fish oil,1
bag birds eye recipe ready jalapeno pepper,1
polish beef sausage,1
cuban pulled pork,1
cold chicken stock,1
nacho topping,1
cuban pulled pork recipe below,1
top round steak cut into piece,1
rubbed sage leaf,1
caribou cut into cube,1
canned mild enchilada sauce,1
cream of chicken soup mix,1
spanish chorizo cured spiced pork sausage,1
squid cleaned and cut into inch piece,1
scallions whites and green,1
salted goat s milk jameed el kasih,1
loquats and pitted,1
condensed onion soup,1
spam classic cut into cube,1
maple roll sausage,1
campbell s condensed fiesta nacho cheese soup,1
carnaroli,1
strip bacon,1
stove top stuffing mix for turkey,1
bottles dry red wine,1
extra sharp orange cheddar cheese,1
red kidney beans drained rinsed,1
montreal smoked meat,1
warm corn bread,1
bulk spicy italian sausage,1
salted radish,1
chicken mac n cheese,1
crumbled bread,1
seasoned salt such as johnny s,1
mexican telera rolls split,1
avocados into inch wedge,1
memphis style rub,1
light garlic cream cheese,1
low fat pasta sauce such as healthy request,1
leaves chinese cabbage,1
yeast extract spread such as marmite,1
beans and cooking liquid,1
seasoned coating mix for chicken,1
borden gouda cheese slice,1
chinese vinegar,1
top loin pork roast,1
pork butt shoulder roast cut into inch slice,1
pan drippings from prime rib,1
dry tomato soup mix,1
green cabbage cored and cut into inch chunk,1
lamb stew meat cut into inch piece,1
bone in beef rib roast,1
chinese rice cooking wine,1
chinese rock sugar,1
lowfat cottage cheese,1
fluid ounces cherry flavored kentucky bourbon whiskey such as evan william,1
whole wheat breadcrumb,1
potatoes with juice,1
country style french bread,1
carrots cut into matchstick,1
cucumber cut into matchstick,1
jalapeno peppers cut into matchstick,1
brown gravy such as heinz,1
real crumbled bacon bit,1
head lettuce leaves separated,1
fire mild green chiles such as la victoria,1
asian seasoning blend,1
capicola,1
broccoli cut into chunk,1
cracked white peppercorn,1
yellow summer squash cut into inch piece,1
beer preferably lager,1
zesty italian salad dressing mix,1
masala curry powder,1
unsulfured apricot,1
spring salad mix,1
bag frozen meatballs thawed,1
quarts seasoned chicken stock,1
well marbled beef steak of any type,1
cooking oil for deep frying,1
fennel seed sanuf,1
fenugreek leaves kasoori methi,1
turkey or beef,1
tomatoes with chile,1
slice of ginger root,1
salt free greek seasoning,1
noodle salad,1
dry peanuts coarsely,1
thai sweet red chili sauce,1
strips red pepper,1
hatch green chile enchilada sauce,1
new mexican hot green chile salsa,1
pickled hot pepper,1
sprig rosemary bruised,1
hot dogs diagonally,1
prepared flatbread,1
frozen spinach souffle thawed,1
frozen duck,1
bag spring mix green,1
patty pan squash cut in half along scalloped edge,1
mint plus more for garnish,1
pork sirloin roast and tied with kitchen twine,1
round buttery cracker,1
fiesta cheese soup,1
extra baking potato,1
fluid ounce jigger peruvian pisco liquor,1
red enchilada sauce such as frontera,1
reduced fat hot italian sausage,1
queso quesadilla mexican melting cheese,1
seeded and roma tomato,1
inch asparagus tip,1
file powder see note,1
broccoli stalk and,1
honey garlic barbecue sauce,1
collard greens ribs removed,1
turkeys to pounds each neck and giblets discarded,1
chickens quartered,1
chicken spice rub,1
vietnamese hot chile paste such as sambal oelek,1
blackened seasoning such as chef paul prudhomme s blackened steak magic,1
blue cheese sauce,1
frozen white corn kernel,1
cooking oil spray,1
cornbread muffin mix,1
canned peas drained,1
petite pickles such as mt olive,1
black olives with juice,1
inch chive,1
garlic horseradish mashed,1
pork cheek,1
hard eggs crumbled,1
slices black forest ham crosswise,1
dry bread stuffing mix with seasoning packet,1
bone in turkey breast with pop up timer,1
deli ham such as buddig,1
head lettuce separated into leaf,1
southwest seasoning such as emeril s southwest essence,1
green bell peppers cut into strip,1
inch ham steak,1
lemon penne pasta,1
and chunky style salsa,1
braised short rib,1
thyme tied with kitchen string,1
ham steak cut into cube,1
hot strong black coffee,1
slivered green onion,1
buffalo style hot pepper sauce such as frank s red hot,1
bottles beer such as shiner bock,1
rotisserie chickens meat and bones discarded,1
count shrimp,1
ro tel tomatoes green chily,1
corn tortillas about inches in diameter,1
round steak pounded inch,1
refrigerated flaky style biscuit dough separated,1
round loaf of crusty bread,1
loaf frozen whole wheat bread dough thawed,1
alligator meat cut into bite size piece,1
eggplants and inch,1
spaghetti sauce such as hunt s,1
the bread and filling,1
uncle ben s ready rice whole grain brown,1
bag spinach coarsely,1
spaghetti sauce such as classico cabernet marinara with herb,1
jewish rye bread,1
dry linguine pasta,1
mashed,1
progresso recipe starters fire tomato cooking sauce,1
slices gruyere cheese,1
bone in standing rib roast,1
cornbread crust,1
chicken topping,1
canned au jus gravy heated,1
sprig rosemary leaves removed and,1
sweet potato corn mash,1
mccormick grill mates montreal steak marinade,1
yellow squashes cut into matchstick,1
russet,1
wedges romaine lettuce,1
textured pate such as foie gra,1
green salsa green enchilada sauce,1
bottles bottled sweet chili sauce such as heinz premium chili sauce,1
center cut smoked bacon,1
hot garlic pepper sauce such as tabasco garlic pepper sauce,1
torn romaine lettuce leaf,1
mochiko sweet rice flour,1
pig s feet rinsed and patted dry,1
mexican squash spiralized,1
paprika preferably smoked,1
cut yams drained reserve liquid,1
ham cut into chunk,1
reduced salt soy sauce,1
french bread cut into inch piece,1
chunk pineapple in juice,1
bulk sweet sausage,1
tomato paste such as hunt s,1
green chile peppers such as old el paso,1
chipotle chile peppers in adobo sauce such as goya,1
italian cheese blend such as sargento chef blend,1
minute brown rice cooled,1
green lettuce leaves washed and,1
creamed spinach,1
pinch of black pepper,1
b arnaise sauce,1
recipe pastry for a inch pie crust,1
beef gravy such as heinz,1
shao hsing cooking wine,1
bourbon such as four rose,1
tofu drained and mashed,1
honey hickory barbeque sauce,1
buffalo brisket,1
tarbais bean,1
pancetta cut into inch dice,1
del monte whole kernel corn well drained,1
mangoes seed removed and,1
heads broccoli broken into floret,1
and chicken breast halve,1
frozen stew vegetable,1
everything else,1
kimchi squeezed dry,1
flank steak and cut into inch cube,1
to pound whole fryer chicken,1
tart red apple such as braeburn cored cut into slice,1
cut bone in center cut pork loin chop,1
bay leaves torn in half,1
gluten free bread,1
orange juiced orange parts of peel removed and into strip,1
pickled mixed vegetable,1
cayenne pepper add more if you can stand it,1
sweet potato vermicelli noodle,1
maggi liquid seasoning,1
kraft milk cheddar cheese,1
low fat salad dressing,1
frozen cauliflower florets thawed drained,1
hash brown potatoes such as simply potato,1
acorn squash seeded and cut into quarter,1
sweet bulk italian sausage,1
flat beef chuck roast,1
head lettuce leaves for lining salad bowl,1
for the meatball,1
sweet apples of your choice and,1
tri color wagon wheel pasta,1
chinese salted turnip chung choi rinsed and,1
inch pre packaged pizza crust,1
bottle chilean sauvignon blanc,1
venison tenderloin roast,1
leftover bread heels are great torn into bite size piece,1
loaf focaccia bread cut into inch slice,1
turkey breast roast,1
fully andouille sausage,1
peaches pitted and into inch piece,1
links breakfast pork sausage,1
gyoza wrapper,1
pork fatback,1
heads cabbage cored and into long shred,1
link bulk italian sausage,1
tomato sauce with garlic and onion,1
refrigerated buttermilk biscuit roll dough,1
spicy beef bratwurst,1
thai chile flake,1
quartered artichoke hearts undrained,1
sun tomatoes drained and cut into quarter,1
beef bratwurst,1
slightly beaten egg,1
apricot halves drained juice reserved,1
prepared ponzu sauce,1
tomatoes with mexican spice,1
durkee mustard,1
durkee fine grind black pepper,1
thai yellow curry paste such as mae ploy,1
turkey whole turkey,1
mccormick grill mates brown sugar bourbon marinade,1
coarsely peache,1
loaf italian bread thickly,1
hot tomato sauce,1
dry red wine chilled,1
pound ounce package refrigerated flaky layer biscuit,1
uncle ben s flavor infusions chicken rice,1
recipes pie crust pastry,1
carton texas style chili seasoning kit such as carroll shelby s,1
seedless blackberry fruit spread no sugar added,1
zucchini cut into inch stick,1
scottziki sauce,1
goya pitted alcaparrado,1
patis philippine style fish sauce,1
beef gravy such as campbell s franco american,1
sazon goya with azafran,1
sun tomatoes rehydrated in water,1
pork cracklings pork skin,1
flour tortillas cut in half,1
frozen pepper and onion stir fry blend,1
enoki mushrooms roots removed,1
freshly sharp irish cheddar cheese,1
bag frozen mexican style corn,1
fluid ounce can enchilada sauce,1
fluid ounce can dark ale,1
pumpkin cut into chunk,1
sandwiche,1
light maple flavored pancake syrup,1
crumbled queso fresco mexican cheese,1
mexican style sandwich rolls bolillo,1
cut smoked ham steak,1
cut beef round steak,1
rack pork spareribs cut into rib portion,1
spicy pork sausage link,1
mango hot sauce,1
thickly honey smoked bacon,1
oysters drained and cut into third,1
meat filling,1
seasoned stuffing cube,1
parboiled long grain rice,1
salt and pepper as needed,1
heirloom tomatoes cut into chunk,1
bean thread vermicelli noodle,1
back ribs cut into inch riblet,1
black cardamom seed,1
beef stock concentrate,1
chilled brie cheese,1
processed cheese slice,1
italian polenta,1
arrabbiata sauce and sausage,1
barbeque seasoning such as grill mates smokehouse maple,1
chicken giblets hearts and gizzard,1
stale bread cut into cube,1
rectangular sandwich wrap,1
submarine sandwich roll split,1
boxes rigatoni,1
progresso chicken corn chowder soup,1
tube prepared polenta into inch round,1
scallops patted dry,1
crown roast of pork,1
dry french breadcrumb,1
smoked ham bone,1
bottle tomato based chili sauce such as heinz,1
seasoned salt such as lawry s to taste,1
fluid ounce containers vegetable stock,1
meaty beef soup bone,1
sourdough bun,1
spanish style chorizo cut into inch cube,1
pancetta italian bacon thickly,1
chicken thighs with skin and bone,1
links apple chicken sausage such as aidell,1
taco shells broken up,1
whole wheat pita breads and,1
goya fancy pimiento,1
tomato chicken bouillon granules such as knorr,1
adobo sauce from canned chipotle peppers to taste,1
green pepper strip,1
reserved bones from duck confit and pork,1
french style salad dressing,1
salt cured ham,1
steak sauce such as a steak sauce,1
jalapeno salsa,1
mozzarella cheese such as sargento traditional cut,1
whole wheat tortillas cut into inch strip,1
head cabbage cut into chunk,1
beef flavored rice mix,1
pink curing salt,1
inch ham slice,1
chinese rice wine or sake,1
slices of prosciutto,1
canned onion,1
low sodium low fat chicken broth,1
avocados for garnish,1
green giant steamers frozen mixed vegetable,1
german stone mustard to taste,1
steak spice seasoning mix,1
oyster sauce such as maekrua,1
less sodium brown gravy mix,1
beef tenderloin tip,1
pouch carne asada marinade with jalapeno and garlic such as frontera,1
spanish style rice mix such as rice a roni,1
avocado cut into wedge,1
southwest style corn with poblano and red pepper,1
sage and onion stuffing mix such as pepperidge farm,1
italian seasoning plus more for garnish if desired,1
gingered dressing,1
envelope reduced sodium taco seasoning mix,1
coarsely tortilla chip,1
flank steak across the grain then,1
canned mandarin orange segments drained,1
sleeve vegetable flavored buttery round crackers such as ritz,1
kosher sea salt,1
black pepper you can grind whole peppercorns in a blender,1
other meat,1
toulouse sausage,1
duck leg confit,1
veggy,1
light colored soy sauce,1
bella,1
loaf hearty country bread unsliced,1
rosemary for the sauce,1
italian style chicken sausage,1
carton swanson tuscan chicken flavor infused broth,1
kale cut into strip,1
white cannellini beans rinsed and drained,1
refrigerated layered biscuit,1
cotechino sausage,1
rib eye roast left at room temperature for hours before cooking,1
italian style stewed tomatoes undrained,1
head red cabbage and,1
coleslaw dressing,1
leftover ham meat from bone,1
quart cold chicken stock,1
ring kielbasa sausage,1
apricots pitted and cut into wedge,1
rosemary to taste,1
box pre maple flavored pork sausage link,1
very warm milk to degrees f,1
condensed beef and mushroom soup,1
cinnamon sugar topping,1
slabs pork back rib,1
milk chocolate candy,1
monterey jack cheese cube,1
bone in lamb steak,1
cornmeal such as pan,1
frozen o brien potatoes mix,1
sandwich ham,1
mexican cheese blend prepared,1
cilantro rough,1
rotini pasta such as ronzoni healthy harvest,1
shelled whole pistachio,1
red beans in chili sauce,1
pink curing salt such as instacure,1
duck leg meat,1
link kielbasa polish sausage,1
slightly tortilla chip,1
orange jelly bean,1
cola drink such as pepsi,1
pate spice,1
coppa ham,1
petite cut tomatoes with sweet onion,1
thai chili pepper,1
cantaloupes and seeded,1
honey mustard dressing such as ken s steak house,1
campbell s condensed tomato soup regular healthy request,1
envelope dry onion soup and recipe mix,1
ramen noodles coarsely broken in package flavor packet discarded,1
pheasant breast cut into strip,1
peach halves liquid reserved,1
vegetable oil for grilling,1
plum tomatoes seeded and cut into eighth,1
onion and garlic spaghetti sauce,1
thickly honey ham cut into inch cube,1
szechwan sauce,1
pear cored and coarsely,1
crumbled pork,1
bitter melon,1
pizza sauce prepared,1
refried beans prepared,1
mission fajita flour tortillas into crispy tortilla,1
grandmother s chile paste,1
red chili beans in sauce,1
green apples coarsely,1
tomatoes broken up,1
chicken taco seasoning mix,1
loaf sourdough bread cut into cube,1
bottle honey mustard,1
bean sprouts drained and rinsed,1
chipotle chile canned in adobo sauce,1
fresno pepper,1
pepper jelly,1
korean radish mu cut into inch slice,1
korean glass noodles dangmyun,1
scallions into inch piece,1
egg strip,1
plum tomatoes fine,1
cranberry beans shelled,1
chinese style chow mein stir fry noodle,1
pastina tiny star shaped pasta,1
garlic and onion spaghetti sauce such as ragu robusto sauteed onion garlic pasta sauce,1
day old bread processed into crumb,1
slice meaty beef shank with bone,1
jalapeno bacon,1
refrigerated mini raviolini,1
heads butterhead lettuce,1
kale ribs and stems removed,1
red grape tomato,1
tomatoes cut into piece,1
lamb shanks cut into inch piece,1
red chile peppers preferably kashmiri,1
romaine lettuce leaves torn,1
del monte cream style corn,1
stemmed calimyrna fig,1
greek yogurt and hot couscou,1
cabbage cored and coarsely,1
fluid ounce bottle steak sauce e g a,1
ranch style rice,1
low carb whole wheat tortilla,1
parsley root,1
kraft italian style five cheese blend,1
bamboo skewers and wooden toothpicks soaked in water,1
prepared chili without bean,1
sweet barbecue sauce such as sticky fingers carolina sweet,1
green asparagus spear,1
bay leaves torn,1
lamb cut into inch square cube,1
ras el hanout seasoning,1
broccoli cut,1
tamarind glaze,1
gallon heavy whipping cream,1
fluid ounce can light flavored beer such as bud light,1
jet s master sauce,1
kikkoman oyster sauce,1
dark meat turkey,1
unseasoned dry bread crumb,1
round beef,1
pulled turkey,1
long grain and wild rice mix such as uncle ben s original,1
coleslaw topping,1
chicken sausage links such as aidell,1
ricotta cheese gnocchi,1
flank steak across the grain inch,1
mango preserve,1
bunches rainbow chard,1
heirloom green beans such as kentucky wonder bean,1
classico tomato and basil pasta sauce,1
oil cured black olives pitted and,1
mafalda mini lasagna noodle,1
thai style chili sauce,1
gallons canola oil for frying,1
fat free chicken breast,1
center cut corned beef brisket,1
cooking apples cored and quartered,1
rye bread cheese toast,1
party rye,1
hillshire farm lite smoked sausage or any lite variety hillshire farm sausage,1
zucchini cut into julienne strip,1
bratwurst casings removed,1
wheat kaiser roll,1
ritz crackers for dipping,1
kangaroo meat,1
squares land o lakes italian herb saute express,1
fully luncheon meat such as spam cut into french fry size slice,1
freshly cracked five peppercorn seasoning to taste,1
campbell s pork bean,1
loaf loaf of white bread,1
dry cannellini beans soaked,1
oregano plu,1
raisin black bread,1
marsala see tip,1
brussels sprouts cut in half lengthwise,1
pancetta coarsely,1
deli style maple turkey,1
freshly mint leaf,1
rack of lamb fully,1
fine plain bread crumb,1
tomato and oregano tortilla,1
bottle salad seasoning mix,1
shaved romano cheese,1
hamburger roll,1
bag birds eye recipe ready primavera blend,1
dijon mustard such as hellmann s,1
cilantro lime cream,1
beef cheek meat,1
green taco sauce,1
lower sodium chicken broth,1
refrigerated flaky style biscuits such as pillsbury grand,1
sister s seasoning mixture see below,1
sister schubert s parker house style rolls in half and,1
sister s seasoning mixture,1
greek seasoning cavender s brand is a favorite,1
barbecue sauce such as heinz original bbq sauce,1
bottled sweet chili sauce such as heinz premium chili sauce,1
sweet pickle relish such as heinz sweet relish,1
sweet pickle slices bread and butter type,1
garlic powder such as mccormick california style,1
mexican style chili powder,1
prepared alfredo pasta sauce,1
anaheim new mexico chile pepper,1
tostada shells into fine crumb,1
penne pasta such as barilla plu,1
philadelphia chive onion cream cheese spread,1
bitter ale,1
pam olive oil no stick cooking spray,1
bag birds eye recipe ready mixed vegetable,1
lemongrass bottom third only and,1
french bread crumbled,1
spicy italian sausages casings removed,1
zucchini cut lengthwise into slightly less than inch slice,1
crusty artisan bread,1
red tomatoes thickly,1
steak seasoning blend,1
loaf hearty bread,1
beets and tops reserved,1
unpeeled yukon gold potato,1
carton swanson lower sodium beef broth,1
fettuccine according to package direction,1
parboiled rice such as uncle ben s,1
berbere spice blend,1
lime into segment,1
mild sage flavored breakfast sausage,1
bottle bottled caesar salad dressing,1
pocket pita bread,1
leftover corned beef,1
pineapple with syrup,1
pepperidge farm corn bread stuffing,1
drained and artichoke heart,1
green beans diagonally also known as frenched,1
full bodied red wine such as zinfandel,1
yellow sweet corn,1
smoked edam cheese,1
bitter melon cut into bite size piece,1
eggplant cut into bite size piece,1
fl oz bottle reduced fat balsamic vinaigrette salad dressing such as newman s own,1
inch new york strip steaks cut into inch piece,1
okra end,1
zucchini seeded and cut into bite size piece,1
wonton filling,1
shiitake mushrooms stems removed and cap,1
head bok choy torn into inch piece,1
beef stew seasoning mix such as mccormick,1
links smoked beef sausage such as eckrich,1
asparagus stemmed and,1
roast chicken dripping,1
cloves lightly pounded,1
gallon vegetable oil for frying,1
pint cherries pitted and,1
links sweet italian sausage casings removed,1
chuck cut into inch cube,1
cabbage cut into bite size piece,1
leaves beet greens stems cut into inch piece,1
leaves kale ribs and stems removed,1
corn muffin mix such as jiffy,1
unbaked whole wheat pie crust,1
coarsely white button mushroom,1
parsnips and cut into bite size piece,1
pasta sauce such as ragu,1
campbell s healthy request condensed cream of celery soup,1
squeezed orange juice,1
tomatoes undrained and tomato,1
whole garlic clove,1
plum tomatoes preferably san marzano,1
head purple cauliflower,1
honey plus more for dipping,1
pinch parsley,1
pitted green olives coarsely,1
caribbean jerk seasoning blend,1
bamboo skewers soaked in water for minutes drained,1
smithfield peppercorn garlic seasoned pork sirloin roast cut into inch piece,1
bunch of fully grown arugula leaf,1
unseasoned meat tenderizer such as adolph s,1
hickory seasoning,1
prepared turkey gravy,1
spaghetti noodles broken into half,1
pancetta cut crosswise into inch stick,1
chipotle pepper sauce,1
dark red kidney beans such as bush s,1
onion soup,1
bacon grease see note,1
fluid ounce bottles cream stout beer,1
pinch thyme,1
bone in pork loin roast,1
marzetti thousand island dressing,1
and salted almond,1
red jalapeno jelly,1
leg of lamb rolled and tied,1
coarsely prune,1
lamb s liver cut into strip,1
bag birds eye recipe ready grilling blend,1
corkscrew pasta,1
mint oil,1
bone in turkey breast half,1
whipped cream cheese spread with garden vegetable,1
white cheddar cheese sauce,1
canned pinto beans drained,1
bottles hot pepper sauce such as frank s redhot,1
pushcart style onions in sauce,1
chicken into strip,1
lightly spinach leaf,1
sister schubert s pretzel roll,1
mccormick cayenne pepper,1
of stale wheat bread torn,1
saba,1
kikkoman sweet sour sauce,1
fluid ounce beer,1
flank steak across the grain,1
noodle sauce,1
inch x inch strip red bell pepper,1
fully breaded chicken breast tenderloin,1
coarse salt for finishing,1
navel orange juiced,1
bone in pork chops to inch,1
shelled sea scallop,1
basting oil,1
yellow sport pepper sauce such as texas petes s,1
scoop shaped tortilla chip,1
beef loin steak,1
bunches cilantro leaves and stem,1
skirt,1
uncle ben s flavor infusions spanish style rice,1
hot sauce such as crystal,1
grapefruits juiced,1
recipe basic crepe,1
quick grit,1
dry onion soup mix such as knorr french onion soup mix,1
chicken breast halves and cut into inch piece,1
tomatoes with puree,1
water in a microwave safe measuring cup,1
garlic herb flavored cheese spread,1
marbled beef rib eye steak,1
links chinese sausages on the diagonal,1
bags charcoal,1
sargento fine cut or traditional cut cheese mexican,1
seasoned pecan wood chips soaked in water,1
quarts white wine such as carlo rossi white rhine,1
pepperidge farm classic hoagie rolls with sesame seed,1
drained hot,1
campbell s chicken gravy,1
assorted herbs poultry seasoning blend,1
carrot strip,1
salt to taste to adjust sauce,1
red wine preferably chianti,1
black peppercorns freshly,1
ghost pepper chili seasoning mix see cook s tip,1
mexi corn drained,1
frozen butternut squash thawed,1
beef short ribs to oz each,1
lime wedges avocado cilantro radish slices cabbage chiles corn tortilla strip,1
traditional garnishe,1
spice islands bay leaf,1
mazola chicken flavor bouillon powder,1
salt free garlic marinade such as mrs dash,1
pea vine,1
jellied cranberry sauce such as ocean spray,1
anchovy fillet rinsed and patted dry,1
lamb shoulder,1
slender asparagus spears cut on diagonal into inch piece,1
corn kernal,1
fennel bulb cut into dice,1
italian style tomatoes such as cento san marzano by hand,1
sprigs marjoram,1
mexican velveeta cut into inch cube,1
hamburger patty,1
spanish rice mix such as knorr fiesta side,1
southwest sauce,1
prepared chunky salsa,1
hot chunky salsa,1
aluminum foil baking pan x x inch,1
johnsonville original bratwurst party pack,1
head escarole washed and torn into bite sized piece,1
tomato paste such as contadina,1
pork neck,1
bottles italian dressing,1
loaves frozen white bread dough,1
foglie d autumn autumn leaves pasta,1
chili beans in mild sauce such as bush s best,1
gluten free teriyaki sauce such as kikkoman,1
fully frozen breaded chicken breast,1
heads broccoli and cut into piece,1
turnip quartered and cut into inch piece,1
moose meat cut into cube,1
mesquite lime marinade,1
asian sesame dressing such as kraft,1
scallions into strip,1
salsa such as el pato salsa de chile fresco,1
buffalo stew meat,1
hickory smoked salt,1
plums pitted and each cut into wedge,1
chipotle chile from can oz goya chipotle chiles in adobo sauce,1
goya low sodium red kidney beans drained,1
caesar style crouton,1
dash tabasco pepper sauce,1
drained red bell peppers from a jar,1
special additions if desired,1
links apple chicken sausage,1
sauerkraut well drained and,1
japanese cucumber salad,1
japanese cucumbers very,1
rib eye roast,1
venison broth,1
pizza crust,1
barbeque sauce warmed,1
cremini mushrooms stems discarded cap,1
applewood smoked cheddar cheese,1
cooled rice,1
leg of lamb cut into inch piece,1
green beans not drained,1
asparagus spears cut into inch length,1
steaks pounded and cut into bite size piece,1
buitoni refrigerated fettuccine,1
yellow zucchini cut into half moon,1
flavored tortilla snack chips such as dorito,1
pattypan squash stem and blossom removed,1
spinach fettuccini pasta,1
white cheddar macaroni and cheese mix,1
inch pizza crust,1
bagged spinach,1
leftover chicken leg,1
rice vinegar see note,1
sriracha sauce see note,1
frozen asian mixed vegetable,1
frozen cut carrot,1
oz packet concentrated vegetable base such as swanson vegetable flavor boost,1
pitted green olives quartered,1
cut bread cut into inch square,1
green beans and snapped into to inch piece,1
tomatoes and green chilies undrained,1
box spanish rice mix such as old el paso,1
peppercorn bacon,1
flour tortillas such as mission,1
mutton,1
unseasoned meat tenderizer,1
round steak inche,1
asian dark sesame oil,1
dijon mustard style,1
sweet pickle relish juice,1
pomegranates with the seeds removed,1
black forest ham cut into inch cube,1
bacon flavored mayonnaise such as baconnaise,1
metal,1
wood fungus mushroom,1
elk roast cut in half,1
whole wheat bun,1
water chestnuts drained and slivered,1
lime mayonnaise,1
cut center cut pork chop,1
green chiles such as ortega green chile,1
boston bibb,1
rye crouton,1
sheet prepared pastry dough,1
inch pieces pork,1
goya adobo with pepper plus more to taste,1
holland style pearl onion,1
top round beef cutlet,1
green salsa such as frontera,1
processed cheese food e g velveeta,1
hungarian style dry paprika sausage,1
pickled pork shoulder,1
loaf day old white bread torn into piece,1
garlic flavored cream cheese spread,1
red pepper in oil,1
leftover sweet potato,1
spinach leaves washed,1
capers rinsed and patted dry,1
golden raisins soaked in hot water to soften,1
flank,1
red green and or yellow bell pepper,1
heads fennel quartered,1
goya sazonador total,1
goya guacamole thawed,1
thickly spanish serrano ham or prosciutto cut into inch dice,1
goya salsita preferred flavor,1
bratwurst links browned and cut into inch slice,1
petite cut potato,1
prepared pie crusts at room temperature and each cut into quarter,1
head escarole rinsed and torn,1
prepared red enchilada sauce,1
black beans drained retain half the liquid,1
kidney beans drained retain half the liquid,1
poached chicken breast,1
barbeque sauce such as sweet ray s honey,1
dry caribbean jerk seasoning,1
dry red cooking wine,1
zatarain s dirty rice mix original,1
hawaiian bread rolls split,1
tomato sauce such as del monte,1
quarter loin pork chop,1
fillets pork sirloin,1
inch center cut ham slice,1
italian chicken sausage link,1
flat iron steaks at room temperature,1
chile garlic sauce such as huy fong food,1
sprouted french green lentils rinsed,1
no salt added chicken stock,1
box beef pasta skillet meal such as hamburger helper,1
smithfield rosemary olive oil seasoned pork sirloin cut into inch chop,1
smithfield hickory smoked bacon cut into inch slice,1
unseasoned meat tenderizer to taste,1
mortadella cut into strip,1
sleeve buttery crackers such as keebler club cracker,1
flat cut corned beef,1
head red cabbage cut into inch wedge,1
bottles chili sauce such as heinz,1
chipped ham such as isaly s,1
unbaked pizza dough at room temperature,1
seasoned pork sausage,1
rib eye steak cut into inch piece,1
quarts water plus more as needed,1
fluid ounces lager style beer such as molson canadian,1
for the crumb,1
chicken flavored stuffing mix such as stovetop stuffing mix for chicken,1
frozen turkey meatball,1
mushrooms drained and rinsed,1
chayote squashe,1
turkey thigh with skin,1
bone in chicken breasts with skin,1
round steak pounded to about inch thickness,1
cheese and garlic crouton,1
lemongrass bruised and,1
meat seasoning,1
lightly cilantro leaves and stem,1
sauerkraut with caraway seed,1
chicken breasts and or thigh,1
of ginger coarsely,1
feet inch diameter hog casing,1
goya fancy pimientos drained,1
goya manzanilla olives stuffed with pimiento,1
spaghetti noodles broken in half,1
size pasta,1
spreadable cheese wedge such as the laughing cow creamy swiss garlic herb,1
seasoned stuffing mix coarse crumb style,1
sprigs thyme for garnish,1
square dinner roll,1
calabaza squash and inch,1
pineapple in its own juice,1
of your favorite corn muffin mix,1
dietz watson uncured all classic dinner ham,1
dietz watson ny state garlic cheddar,1
leeks ends and in half lengthwise,1
yellow pear tomatoes stems removed,1
miniature cocktail sausage,1
taco meat filling,1
masa corn flour or corn meal,1
very warm milk degrees f to degrees f,1
salad greens romaine if possible,1
hot red chile pepper pod,1
breast from a rotisserie chicken,1
cilantro or parsley,1
creamy buttermilk dressing,1
gandules pigeon peas drained and rinsed,1
scoops ice cream any flavor,1
ketchup style chili sauce such as heinz,1
slices ham cut in half,1
creamy caesar style salad dressing,1
rack of whole beef ribs not short rib,1
berry vinaigrette recipe below,1
dole classic romaine,1
dry blackening seasoning,1
stewed tomatoes blended,1
asian style sriracha chile garlic sauce,1
honey sweetened corn flake cereal,1
johnsonville mild italian sausage links coin,1
green beans inch piece,1
fatty ham scrap,1
herb and garlic cream cheese,1
chicken and garlic filling,1
pear applesauce,1
bottle louisiana style hot sauce,1
cheese flavored butter cracker,1
white asparagus spear,1
beef eye of round into inch strip,1
turnip inch dice,1
bakery sub roll,1
del monte tomatoes not drained,1
del monte tomato sauce,1
potato inch dice,1
onion inch dice,1
freshly parmigiano reggiano cheese for garnish,1
yorkshire pudding,1
deli pastrami,1
fiddlehead fern,1
dash freshly pepper,1
extra long hot dog bun,1
inch baguettes cut into inch slice,1
bag chili cheese flavored corn chips such as frito,1
restaurant style salsa,1
spicy sesame oil,1
mixed fruit and vegetable juice drink such as juicy juice harvest surprise,1
grill seasoning such as mccormick montreal steak seasoning,1
bottle ketchup style chili sauce,1
frozen double pie crust thawed,1
water plu,1
vegetable beef soup such as campbell s,1
distilled white vinegar plu,1
coarsely bacon,1
mccormick buffalo wings seasoning mix,1
spelt kernel,1
plum tomatoes undrained and quartered,1
tenderized skirt steak,1
summer squash and,1
pillsbury grands refrigerated biscuits any variety,1
pork chop slice,1
artichoke hearts drained cut into sixth,1
borden colby monterey jack shred,1
instant ramen noodles such as shirakiku seasoning packet discarded,1
kombu,1
bonito soup stock such as hondashi,1
soy sauce shoyu,1
white miso paste with dashi,1
fish paste stick naruto,1
sushi ginger shoga,1
and seedless cucumber,1
refrigerated cinnamon roll dough with icing such as pillsbury grand,1
london broil,1
thickly ham,1
nopales cactu,1
instant ramen noodles flavor packet discarded,1
refrigerated spinach and cheese tortellini,1
mushrooms inch,1
whole grain sandwich bread,1
prosciutto such as boar s head cut into strip,1
pine nuts in a skillet over low heat until golden,1
pesto homemade,1
bottles lemon lime soda such as up,1
fluid ounces soy sauce,1
boiling water as needed,1
hickory smoked ham,1
mushrooms stems and insides removed,1
cracked wheat hamburger bun,1
starch coating,1
philadelphia light brick cream cheese spread,1
recipe foolproof philly pie crust,1
light rye bread with caraway seed,1
deli chicken breast,1
parma ham torn into strip,1
jerusalem artichokes and cut into inch slice,1
cayenne hot sauce,1
box knorr rice side,1
sweet italian chicken sausage,1
wheat sub rolls lightly,1
round steak cut into strips on the diagonal,1
pears cored and each cut into wedge,1
round camembert cheese such as cooleeney irish camembert,1
quarts low salt chicken broth,1
spaghetti with sauce,1
mexican bolillo rolls lightly cut in half lengthwise,1
low sodium canned luncheon meat such as spam,1
block cheddar cheese,1
light alfredo sauce such as classico light creamy alfredo,1
figs such as sun maid stemmed and,1
chinese pickled cabbage tung choy,1
fl oz bottle balsamic vinaigrette salad dressing,1
frozen mixed berries strawberries raspberries blueberries blackberries thawed well drained,1
smoked tomato,1
almond half,1
almond coconut rum cluster,1
quarts vanilla ice cream,1
fruit flavored mini marshmallow,1
caramel pecan bonbon,1
chocolate covered malted milk ball,1
isomalt jewel,1
gluten free flour such as jeanne s gluten free all purpose flour mix recipe in footnote,1
of your choice,1
coffeecake batter,1
fruit or chocolate filling,1
envelopes unflavored gelatin such as knox,1
tikka masala sauce,1
marshmallow easter bunnies such as just born peep,1
chocolate cake mix without pudding,1
chocolate cake mix such as pillsbury moist supreme dark chocolate flavor,1
dark colored corn syrup,1
pecan pie bars with shortbread crust,1
cream filling,1
sugared cranberry,1
cuban sandwich bread,1
condensed mincemeat crumbled,1
recipe caramel cream frosting,1
cherry juice concentrate,1
injera fermented sourdough bread,1
hot black tea,1
nonstick cooking spray with flour,1
niter kibbeh ethiopian spiced butter,1
chocolate buttercream frosting,1
dry ancho chili,1
instant espresso coffee granule,1
dark chocolate amp bourbon bonbon,1
fluid ounce can evaporated milk such as carnation,1
meyer lemons zested,1
harry potter letter,1
non dairy whipped topping,1
harry potter castle,1
empty ounce juice can,1
banana halves cut crosswise,1
red string licorice candy,1
pear preserve,1
bittersweet chocolate broken into piece,1
semisweet chocolate broken into piece,1
harry potter spell book,1
harry potter lemon drop confetti cake,1
bar white chocolate such as ghirardelli,1
pitted cherries drained,1
tart pink baking apples such as pink lady,1
roxstarbakes pineapple curd,1
crumbled cinnamon graham cracker,1
coconut frosting,1
vanilla buttercream frosting from sprinkles cupcake,1
cactus meringue,1
candy crystal,1
mexican style pickled vegetable,1
carrot habanero hot sauce,1
vanilla flavored confectioners coating melted,1
coarsely rhubarb,1
kiwi and tomatillo pico de gallo,1
gin rocket from the one bottle cocktail,1
bag frozen pitted dark sweet cherries thawed,1
mint oreo fudge creme,1
hocus pocus cottage cake,1
strawberries cut in half,1
refrigerated inch pie crust,1
butter extract,1
butterfinger bites candy,1
bittersweet,1
chili s honey chipotle sauce,1
hulled hemp seed,1
fluid ounce can cold evaporated milk,1
asian barbecue sauce,1
sugar free lemon pudding mix,1
frozen raspberries thawed and drained reserve drained liquid,1
fat free lemon yogurt,1
black licorice whip,1
honey chipotle barbecue sauce,1
vanilla white chocolate filling,1
bittersweet chocolate filling,1
bbq sauce sweet and spicy,1
rustic spice rub bulk,1
sazon dry spice mix,1
million dollar pound cake,1
sweet potato burger bun,1
cracker barrel apple,1
crema mexicana,1
butter flavor crisco stick,1
sodium citrate,1
beau monde seasoning spice mix,1
cherries stems removed,1
buttermilk substitution for baking,1
buttermilk needed but have none,1
cranberry orange sauce,1
provel cheese st louis pasta pizza lasagna yum,1
matzo,1
sugar cookie,1
white cake mix such as pillsbury,1
garlic rubbed flank steak with chimichurri sauce,1
applesauce w and thermomix,1
bottarga,1
nonstick cooking spray for baking,1
for the simple syrup,1
bag ghirardelli semi sweet chocolate baking chip,1
ghirardelli semi sweet chocolate mini baking chip,1
frozen unbaked inch deep dish pie crust,1
mccormick pumpkin pie spice,1
vanilla whipped cream recipe follow,1
cheese with caramelized onion,1
blackened chicken salad,1
blueberry jelly,1
oven jerusalem artichoke,1
vegetarian shepherd s pie,1
frozen sweetened strawberries cut into chunk,1
three compound butter,1
warm potato salad,1
white rice with basil and corn from casa marcela,1
italian meringue chocolate cream filling,1
mini chocolate coated caramel peanut nougat candy bars such as snickers cut into quarter,1
rhubarb filling,1
granny smith apple cored and quartered,1
smucker s creamy peanut butter stirred or jif creamy peanut butter,1
tomatillo salmon from casa marcela,1
vanilla creamy ready to spread frosting,1
gumdrops cut in half,1
mama clerici s fruit syrup,1
stranger things candy carton assembly,1
inch slices gingerroot,1
strawberry syrup good for milk and more,1
caribbean patties meat,1
assorted stone fruit jam such as peach apricot,1
granny smith apple cored,1
wasabi tartar sauce,1
roxstarbakes cut out sugar cookie,1
tart pitted cherries in water drained,1
lemon cheese filling,1
lemon zest cream cheese icing,1
hazelnut flavor instant coffee powder,1
tyson frozen popcorn chicken,1
lowfat coconut flavored yogurt,1
squares high quality milk chocolate,1
peach filling,1
cobbler topping,1
pillsbury refrigerated seamless dough sheet,1
planters pecan piece,1
snipped cilantro,1
loaf prepared pound cake cut into inch cube,1
mustard based barbeque sauce,1
top sirloin roast,1
jif creamy reduced fat peanut spread,1
box strawberry cake mix such as betty crocker,1
lemon poppy seed muffin mix,1
superfine sugar or granulated sugar processed to fine texture in a food processor,1
sugar in the white,1
bittersweet chocolate baking bar,1
flavored jell o mix any flavor,1
inch slices deli ham,1
chocolate covered nougat bites such as musketeers bite,1
country style gravy mix such as mccormick,1
triple berry filling,1
chocolate pudding,1
gummy worm candy,1
hickory smoked salt such as mccormick,1
orange and black sprinkle,1
refrigerated sliceable sugar cooky,1
assorted cut up fruit kiwi strawberries blueberries drained canned mandarin orange,1
apricot preserves pressed through sieve to remove lump,1
green poblano pepper,1
sweet pastry,1
fat free butter flavored granule,1
gluten free vanilla cake mix,1
green candy sprinkle,1
inch pieces red shoestring licorice,1
shell,1
apple wedge,1
candied angelica,1
plantains and cut on the bia,1
culantro,1
kielbasa polish sausage such as hillshire farm,1
sugar cookie cake,1
prepared puff pastry thawed,1
egg glaze,1
seedless grapes quartered,1
light margarine such as i can t believe it s not butter,1
pitted dark sweet cherries drained and,1
imitation vanilla flavoring,1
fluid ounce can unsweetened apple juice concentrate thawed,1
cinnamon bun frosting,1
chayote squash and quartered,1
coarsely broken cinnamon graham cracker,1
candy bar,1
high quality semisweet chocolate broken into piece,1
high quality white chocolate broken into piece,1
chicken bouillon dissolved in,1
fully oven chicken breast like tyson and ready,1
peanut butter filled sandwich cooky,1
prepared pie crust such as pillsbury,1
bars chocolate coated caramel peanut nougat candy bar,1
peanuts plus more for garnish,1
bars chocolate coated caramel peanut nougat candy such as snicker,1
granny smith apples cut into bite size piece,1
smokehouse maple seasoning such as mccormick grill mate,1
hamburger seasoning such as mccormick grill mate,1
peaches pitted and mashed,1
chocolate cake mix such as betty crocker super moist,1
focaccia bread quartered,1
oriental salad dressing,1
pineapple flavored cake mix,1
cilantro chutney from indian ish,1
pam no stick cooking spray,1
copycat shake shack chocolate frozen custard,1
light blueberry pie filling refrigerated,1
raspberry flavored liqueur such as chambord,1
prepared lemon pound cake cut into inch slice,1
frozen raspberries in syrup thawed,1
brown sugar whipped cream,1
light color corn syrup,1
lightly salted cashews coarsely,1
almonds and coarsely,1
round shortbread cooky,1
mashed watermelon seeds removed,1
lemon jell o,1
olive oil chocolate chip cooky,1
macaroon pom pom,1
pastry pie shell unbaked,1
dickinson s coconut curd,1
craft stick,1
peach slices drained,1
cold brew coffee buttercream,1
animal cracker cookies tea biscuit,1
roxstarbakes cookie dough chocolate chip cookie truffle,1
lemon cream icing,1
pints whole strawberry,1
roxstarbakes cut out sugar cookies with chocolate chip,1
lime extract,1
chia seeds mixed with water,1
gluten free all purpose baking flour like bell brand,1
black beans coarsely,1
sweet pepper chicken sausage,1
semi sweet,1
candy coating,1
shaved chocolate,1
deep dish pastry shell partially,1
prepared yellow mustard such as colman s,1
frozen chicken strip,1
hershey s kisses milk chocolate,1
blackberries broken in half,1
canned carrot,1
unsweetened apple butter,1
premium vanilla ice cream,1
inch vanilla cookie crumb crust,1
chocolate chips and or nut,1
cream cheese neufchatel,1
for the crumb topping,1
ritz bits peanut butter cracker,1
for the caramel topping,1
duncan hines moist deluxe french vanilla cake mix,1
thompson seedless raisin,1
pink,1
fruit flavored breakfast cereal such as froot loop,1
fluid ounces skim milk,1
brown food coloring,1
links chicken sausage,1
chewy chocolate flavored candy such as tootsie roll,1
tomatoes undrained cut up,1
lightly torn spinach,1
box phyllo dough kataifi,1
for the syrup,1
pecan halves for decoration,1
lemon chicken breast,1
thai demon relish,1
jumbo craft stick,1
brownie base,1
deli mayonnaise recipe with tutorial,1
almond butter swirl,1
wheat and barley nugget cereal such as grape nut,1
unsweetened whipped cream,1
coconut sauce,1
black sticky rice,1
mangos into lengthwise strip,1
bags green tea blend with lemongrass,1
pasteurized egg white,1
cake cut into bize size cube,1
cherry cake mix,1
salmonberry,1
pint chocolate ice cream,1
instant chocolate hard shell,1
lime margarita mix such as jose cuervo,1
apples about,1
cigar,1
coffee cream filling,1
loomi powder noomi basara lime black lemon loomi aswad,1
box yellow cake mix such as duncan hine,1
chinese chicken nugget,1
for the compote,1
frozen pitted sweet cherry,1
nouc mam cham vietnamese dipping sauce,1
chocolate buttercream icing,1
whipped cream filling,1
sweet potato cupcake,1
marshmallow frosting,1
hungarian sweet n sour cabbage soup,1
fluid ounce jiggers tequila such as jose cuervo,1
incredible corned beef,1
peppermint candy canes broken into piece,1
semisweet mini chocolate chips melted,1
cake flour such as pillsbury softasilk,1
condensed cream of soup mix homemade substitute,1
pitted dark sweet cherries drained with juice reserved,1
orange salad dressing or any citru,1
raspberry frosting,1
kittencal s technique for perfect easy peel hard egg,1
plain microwave popcorn,1
cucumber tzatziki,1
red gel icing,1
prunes and,1
pound cake,1
reynolds aluminum foil baking cup,1
seedless raspberry,1
semisweet mini chocolate chip,1
lightly salted peanut,1
sticks red,1
mock matzo gluten free non gebrokts matzah cracker,1
quart raspberry,1
quot sun quot tomato,1
scoops low fat vanilla ice cream,1
nestle toll house baking cocoa plus extra for coating pan,1
bar nestle crunch candy bars or more if needed,1
nestle butterfinger bites candy or more if needed,1
bbq sauce quick and tasty,1
bananas cut in half crosswise then lengthwise,1
gluten free oat flour such as bob s red mill,1
oranges sectioned and,1
homemade greek seasoning mix,1
braised pork shoulder with onion,1
unsalted butter plu,1
black eyed pea salsa cowboy caviar,1
candy canes coarsely,1
bar chocolate candy,1
potato pastry dough,1
tahini dressing,1
butter flavored shortening such as crisco melted,1
seeding a pomegranate step by step,1
almonds split in half,1
vietnamese lemongrass shrimp,1
cherry pie filling or other filling of your choice,1
cranberry quick bread mix,1
reduced fat whipped topping thawed,1
butter naan,1
nestle toll house semi sweet chocolate mini morsel,1
ancho chile paste,1
cinnamon buttercream frosting,1
milk plus more as needed,1
sugar free diet orange flavored carbonated beverage,1
basic wheat berry,1
cream cheese filling recipe follow,1
pearl sago rinsed and drained,1
kitchen kouture carnita,1
fluid ounces pineapple juice such as dole,1
candy coated milk chocolate egg,1
simple and healthy poached salmon,1
french baguette cut into cube,1
quick and easy english date and nut bread,1
corn tortillas cut into inch strip,1
granny smith apple unpeeled cut into dice,1
strawberries hulled and cut into dice,1
pint peach sorbet,1
quick and easy artisan boule french free form loaf,1
mini graham cracker,1
vadouvan indian spice blend gourmet,1
pureed prune,1
za tar,1
idahoan original mashed potatoes must be from the box not in the pouch,1
persimmons and,1
hershey s special dark cocoa,1
broccoflower archer,1
century old nuns pastry dough,1
gingerbread spice blend,1
zany zesty north africa middle east spice mix,1
bakers semi sweet chocolate melted cooled slightly,1
gianduja chocolate,1
candy coated milk chocolate candy,1
non dairy amaretto flavored creamer,1
bar chocolate candy bar melted,1
pkg serving size jell o brand raspberry flavor gelatin,1
frozen lemonade concentrate do not thaw,1
sweet chocolate,1
holiday pumpkin pie spice,1
chocolate chip cookie dough,1
mexican cinnamon canela,1
prepared mincemeat such as none such,1
of refrigerated pastry for double crust pie such as pillsbury,1
single ready to bake inch pie crust,1
oreo regular,1
quart dreyer s slow churned peppermint ice cream,1
candy canes as needed,1
unsweetened carob chip,1
raspberry sherbet softened,1
greek seasoning blend,1
jell o brand cherry flavor gelatin,1
angel food cake cube,1
pkg serving size jell o vanilla flavor instant pudding and pie filling,1
skin on whole green mung bean,1
jell o vanilla flavor instant pudding pie filling,1
white chocolate flavored almond bark melting chocolate,1
egg shaped chocolate candies such as peanut m ms,1
mcintosh apples cored and,1
basic cashew cream,1
thickly peache,1
mexican caramel sauce cajeta,1
cinnamon brown sugar toaster pastries such as pop tart,1
unsalted butter melted,1
goya chocolate maria cooky,1
coco goya cream of coconut stirred,1
mass quantities of seitan,1
carton edy s slow churned peppermint ice cream,1
glace candied cherry,1
chocolate decorating icing,1
long pretzel rod,1
jell o brand lemon flavor gelatin,1
chocolate brownie mix with pecan,1
chili with beef n bean,1
crust and crumb topping,1
caramel ice cream topping warmed,1
dolly s banana liqueur,1
make your own greek yoghurt,1
ounce clear plastic cup,1
real maple syrup dark amber,1
trifle ingredient,1
lucky leaf premium strawberry fruit filling,1
sugar cookies broken,1
white chocolate mousse see instructions below,1
tub whipped topping,1
white chocolate mousse ingredient,1
blueberry muffin batter,1
peach cobbler,1
zapple butter,1
frozen prepared pound cake thawed and cut into slice,1
fat free margarine spread,1
green bean slaw,1
pineapple cake mix such as duncan hines pineapple supreme,1
chocolate hard candy,1
powdered sugar if desired,1
cinnamon raisin bread cut into cube,1
vegan almond ricotta cheese or dip,1
refrigerator fire and ice pickle,1
strawberries and cream instant oatmeal,1
crosse blackwell mincemeat filling topping,1
peel of lemon,1
lemon lime carbonated beverage such as up,1
mango pureed,1
super simple no cook sweet and spicy pickle,1
margarine cut into four piece,1
mondo s hot amp spicy pickle,1
cherry flavored cola such as cherry coke,1
za atar or zahtar spice mix of jordan syria lebanon,1
vegan meatballs isolated soy free,1
latte layer,1
spring roll wrapper cup,1
day old whole wheat bread,1
frozen strawberries in syrup thawed drained with liquid reserved,1
gluten free crispy rice cereal such as kellogg s gluten free rice krispy,1
kemp s vegetarian black beans qt pressure cooker,1
lucky leaf premium apple fruit filling,1
quarts blackberry,1
carton cottage cheese milk fat,1
cooking light pressure cooker beef stock qt pressure cooker,1
sesame whole wheat pie crust,1
forevermama s stuffing for fish shrimp or mushroom,1
nestle toll house baking cocoa,1
nestle toll house premier white morsel,1
pitted prunes drained and mashed,1
apricots drained and mashed,1
savory southern seasoning,1
bars chocolate covered crispy peanut butter flavored candy,1
day old chocolate croissants cut into inch piece,1
honey melted,1
himalayan rock salt,1
loosely light brown sugar,1
plums pitted and cut into eighth,1
kickin cajun seasoning mix,1
pint double chocolate fudge ice cream softened,1
bag gummy worm candy,1
candy mellocreme pumpkin,1
dark jamaican rum,1
tunisian almond syrup,1
sofrito dominican republic,1
norwegian fish stock,1
square bittersweet chocolate melted,1
bottle vanilla cream soda,1
black olive oil,1
golden syrup such as roger s,1
mini crisped rice chocolate bars such as nestle crunch bar,1
fluid ounces cherry brandy,1
pink food coloring,1
habanero pico de gallo,1
nuoc cham vietnamese chili sauce for dipping,1
herb broth,1
lemon zest cut off in inch wide strip,1
basil tomato sauce,1
confectioners sugar plus more for decorating,1
habanero peach butter,1
cilantro vinaigrette,1
pint boysenberry,1
chocolate chunk brownie mix such as duncan hine,1
spicy root pickle,1
easiest moroccan harissa or hot sauce,1
planters dry peanut,1
blueberry extract,1
non fat peach yogurt,1
raspberry nonfat yogurt,1
snack pack vanilla pudding,1
prepared angel food cake cut into inch piece,1
assorted berries such as blueberries raspberries and blackberry,1
hot strong brewed coffee,1
cantaloupe cut into ball,1
brown rice for salad,1
almond syrup for flavored coffee,1
blackberry wine,1
reduced fat white cake mix,1
strong brewed coffee decaf is fine,1
easy sticky rice in a pasta pot,1
chocolate sweet potato frosting,1
no berry strawberry rhubarb cake,1
for the cake layer,1
kfc honey bbq sauce copycat,1
coarsely pretzel,1
frozen sweetened strawberries do not thaw,1
solid chocolate easter eggs unwrapped and frozen,1
food coloring any color,1
candy coated chocolate eggs such as cadbury mini egg,1
sweet and tangy cole slaw,1
prepared eggnog or see notes for recipe,1
sweetened tropical punch flavored drink mix powder,1
umami sauce,1
cherry puree,1
sweet cherries on stem,1
non fat greek yogurt such as kirkland,1
peanut half,1
yellow and white marbled cheddar cheese,1
chocolate cooky,1
italian three cheese blend,1
pinot grigio,1
mix together,1
prepared angel food cake cut into inch cube,1
fluid ounce container vanilla yogurt,1
blueberries rinsed,1
mango pepper salsa,1
rich chocolate cake individual serving size,1
bag individually wrapped caramels unwrapped,1
fudge brownie mix such as betty crocker,1
chocolate covered toffee bit,1
chicken seasoning,1
duncan hines creamy home style classic vanilla frosting,1
pickle for garnish,1
of pork tenderloin,1
black bean soup undiluted,1
finlandia unsalted butter softened,1
confectioners chocolate,1
candy coated milk chocolate,1
raisin paste,1
raspberry flavored gelatin such as jell o,1
yellow cake mix such as duncan hine,1
marshmallows lengthwise,1
ready to use pink frosting,1
ready to use white frosting,1
pink fruit rolls such as general mills fruit roll ups,1
pink paper bunny ear,1
corn relish,1
oval pita bread,1
vanilla wafers such as nilla,1
vanilla cake mix such as duncan hine,1
buttery sweet topping,1
cake base,1
dark brown candy coated milk chocolate piece,1
hershey s kisses brand milk chocolate,1
black gel food coloring,1
lemon s peel,1
carbonated mineral water,1
salt free garlic and herb seasoning such as mrs dash,1
reduced fat provolone cheese,1
zucchini cut in half lengthwise then diagonally,1
assorted colored decorating gel,1
beef flavored instant rice mix e g rice a roni,1
golden delicious apples cored and into inch piece,1
mccormick gluten free brown gravy mix,1
brownie mix with syrup pouch for x inch pan,1
untrimmed skirt steak,1
hershey s chocolate syrup from syrup pouch,1
powdered sugar for rolling,1
cream cheese with honey and nut,1
chinese rice vinegar,1
salsa mild,1
box strawberry cake mix,1
mixed field greens washed and,1
chicken italian sausage,1
seasonal fruit such as kiwi blueberries and or strawberry,1
squares baker s premium white baking chocolate melted cooled slightly,1
orange peel and pith removed,1
chicken broth such as swanson,1
pint raspberry sherbet softened,1
pint lime sherbet softened,1
sheet seaweed cut into strip,1
pickled ginger beni shoga,1
scoops vanilla fat free frozen yogurt,1
unwrapped caramel candies such as werther s each cut into piece,1
vanilla pudding,1
garlic flavored oil,1
beets drained with cup liquid reserved,1
hazelnut frosting,1
johnsonville andouille dinner sausage cut into inch slice,1
inch unbaked pie crust,1
flank steak cut into inch slices against the grain,1
gluten free baking mix such as bob s red mill all purpose gf baking flour,1
teriyaki sauce such as soy vay,1
peanut butter icing,1
cranberry grape juice,1
thai style peanut sauce,1
head green leaf lettuce leaves separated rinsed and patted dry,1
pork short sparerib,1
strawberries drained,1
garlic from a jar,1
hazelnuts plu,1
additional hazelnuts for garnish,1
turnip and quartered,1
english walnuts coarsely,1
jif chocolate flavored hazelnut spread,1
low fat evaporated milk,1
chinese black mushroom,1
puff,1
milk chocolate flavored topping,1
loquat preserve,1
dry red velvet cake mix,1
reduced fat cream cheese spread,1
lightly mustard greens spinach swiss chard,1
prepared strawberry frosting,1
beets drained and mashed,1
acini de pepe,1
strawberry licorice twists such as twizzler,1
muir glen tomatoes with basil,1
reynolds staybrite,1
cajun creole seasoning,1
tub whipped topping thawed,1
prepared whole berry cranberry sauce,1
chinese noodles heated briefly to crisp,1
reduced fat whipped topping,1
apricot ginger filling,1
vanilla sandwich cooky,1
tootsie roll,1
black raspberry jam,1
of peache,1
cut up asparagus inch length,1
crumbled store bought coconut macaroon,1
maple pecan glaze,1
pre ham,1
frozen chinese moo shu pancakes thawed and warmed,1
pilsner style beer such as budweiser,1
refrigerated buttermilk biscuits separated and cut into inch chunk,1
red paste food coloring,1
fruit wood chunks for smoking,1
green paste food coloring,1
blue paste food coloring,1
purple paste food coloring,1
charcoal,1
bone in boston butt roast,1
round angel food cake cut into layer,1
seasonal berry,1
coarsely pistachios or your favorite nut,1
no salt added tomatoes drained juice reserved,1
jambalaya rice mix,1
single serve ready made fat free chocolate pudding,1
peaches pitted and quartered,1
bananas cut into pieces each,1
blue candy coated milk chocolate piece,1
cajun seasoning blend,1
bittersweet chocolate bar with almond nougat,1
pink lemonade icing,1
game hen,1
long grain and wild rice mix with herb,1
red pear,1
strips maple flavored bacon,1
chocolate toffee pieces such as heath,1
standing rib roast,1
fluid ounce cherry brandy,1
bamboo skewers soaked in water for hour,1
chocolate cake crumb,1
bartlett pears and,1
frozen sweetened strawberries thawed but not drained,1
instant pudding mix any flavor,1
canned ham,1
kikkoman lite soy sauce,1
garlic butter sauce,1
powdered cocoa such as nestle,1
brick style cream cheese,1
fluid ounces root beer room temperature,1
fluid ounces root beer chilled,1
crumbled gorgonzola dolce,1
tart apple like granny smith,1
almond piece,1
bunch mint,1
yellow masa flour,1
trifle,1
inch gingersnap cooky,1
frozen non dairy whipped topping thawed and,1
cake cut into inch slice,1
tightly brown sugar,1
vanilla flavored candy coating,1
heavy cream scalded,1
honey garlic sauce,1
apricot spreadable fruit,1
blueberries raspberries and strawberries mixed,1
brisket rub,1
oval butter sandwich cookies with chocolate filling eg pepperidge farm milano,1
white kidney beans undrained,1
fluid ounce jigger creme de cassis liqueur,1
quart mint chocolate chip ice cream softened,1
blueberries raspberries strawberries and bananas mixed,1
paper cup,1
snow peas cut in half,1
strawberries hulled and lengthwise,1
bottles porter beer room temperature,1
sweet italian pork sausage link,1
frozen sweetened strawberries thawed and drained,1
pints strawberries rinsed and,1
envelope instant sugar free vanilla pudding mix,1
head cabbage cut into eighth,1
orange flavoring,1
purple yam powder,1
chicken flavored demi glace,1
fig bars such as nabisco fig newton,1
poppy seeds for sprinkling,1
sugar free cook and serve vanilla pudding mix,1
sugar free strawberry flavored jell o,1
canned chunk ham flaked,1
quick cooking irish oatmeal such as mccann s,1
sweet japanese plum wine,1
billowy vanilla whipped cream,1
strawberries washed and well,1
johnsonville italian mild sausage link,1
lasagna noodles broken into piece,1
italian sausage roll,1
pocket bread round cut in half,1
to tub style vegetable oil spread,1
sauerkraut preferably barrel aged drained,1
rhubarb jam,1
chocolate candy such as hershey s,1
quarts canola oil for deep frying,1
cake pop stick,1
pineapple jell o,1
mint for garnish,1
pint whipped cream,1
leeks white part only cut into inch piece,1
almond meringue cooky,1
box cornbread mix,1
half pint canning jar,1
creamed curd cottage cheese,1
baker s semi sweet chocolate shaved into curl,1
dark sweet cherries pitted,1
italian sandwich roll,1
bell peppers green,1
meat dripping,1
peanut butter such as skippy,1
bar milk chocolate candy bar such as hershey s into chunk,1
hellmann s real mayonnaise,1
frozen hatch new mexico green chile pepper,1
pastry for a double crust inch pie cut into inch strip,1
sodium reduced cream of mushroom soup,1
pork shank,1
pinto beans mashed,1
nabisco graham cracker crumb,1
coarsely planters pecan,1
bag kraft caramel,1
vanilla candy melts cut into piece,1
cellentani,1
coarsely broccoli rabe,1
chile paste with garlic,1
rice flake,1
chicken flavored ramen noodles with seasoning packet,1
apple mix,1
gallon orange soda,1
kung bao sauce,1
cut up strawberry,1
heated flour tortillas for serving,1
paper,1
worm shaped chewy fruit snack,1
grain jasmine rice,1
envelopes instant hot chocolate mix,1
fully ham lengthwise,1
cheddar and monterey jack cheese,1
mixed berries blueberries blackberries raspberries strawberry,1
thawed cool whip light whipped topping,1
frozen potatoes with peppers and onion,1
pastries for inch lattice top py,1
of swiss style processed cheese,1
italian green bean,1
turkey breast tenderloin,1
cold milk chilled,1
nonfat sweetened condensed milk chilled,1
frozen whipped dessert topping thawed,1
for the crumble,1
hawaiian style dinner rolls in half,1
milk chocolate covered caramel and nougat bar,1
sirloin steak cut into inch strip,1
dates pitted and left whole,1
slightly overripe bananas cut into chunk,1
coconut as garnish,1
pitted cherries as garnish,1
loaves stale french bread,1
malitol brown sugar substitute,1
instant vanilla flavor pudding mix,1
herbs thyme parsley,1
bulb fennel and cut into wedge,1
double chocolate chunk cookie mix,1
unsalted popped popcorn,1
tub ricotta,1
corn starch,1
berry cranberry sauce drained and juice reserved,1
red maraschino cherries with stem,1
red decorating candies dragee,1
very mushrooms broccoli florets and or red pepper,1
acesulfame potassium sweetener,1
coconut in syrup,1
mexican chile lime seasoning such as trader joe s chile lime seasoning blend,1
hickory smoked chicken,1
orange peel strip,1
for the shortcake,1
square fruit rolls such as general mills fruit roll ups,1
white chocolate brandy sauce,1
warm coffee,1
ice cold orange vodka,1
baker s sugar,1
gluten free graham cracker crust such as mi del,1
quart apple,1
freshly cut vegetable,1
lactaid mint chocolate chip ice cream,1
hidden valley original ranch dips mix,1
wooden skewers inch long soaked in water,1
tube orange decorating gel,1
silver nonpareil,1
spam with bacon cut into inch cube,1
tube green decorating gel,1
honey for drizzling,1
yucca,1
white chocolate cheesecake,1
strawberry cream cheese frosting,1
bars chocolate coated caramel peanut nougat candy bars such as snicker,1
calimyrna figs coarsely,1
inch porterhouse steak at room temperature,1
orange vanilla flavoring such as fiori di sicilia,1
sweet sherry,1
broiler chickens quartered,1
prepared cookie dough,1
vegetable oil butter spread such as smart balance,1
orange zested and,1
crumbled chocolate sandwich cookies such as oreo,1
bars milk chocolate with almonds candy,1
mini vanilla wafer cookies such as nilla,1
raspberry candy oil,1
hachiya persimmons pulp extracted,1
unpeeled banana,1
box wooden toothpick,1
scoops cocoa whey protein powder,1
duck breasts deboned and cut into cube,1
steak sauce such as dale s,1
loaf bread crumbled,1
low carb tortillas such as la tortilla factory smart deliciou,1
duncan hines moist deluxe fudge marble cake mix,1
pasilla chiles seeds discarded,1
red jell o mix,1
apple with peel,1
bars milk chocolate bars such as hershey s,1
guajillo chilies seeds discarded,1
french vanilla flavored liquid coffee creamer,1
coarse gingersnap cookie crumb,1
pepperoni and crumbed italian sausage,1
moist cake mix any flavor,1
mini phyllo shell,1
leftover bunny cake,1
mango garnish,1
red apple cored and cut into ring,1
frozen lingonberries thawed,1
lowfat fruit flavored yogurt,1
frozen mango not thawed,1
pancetta italian bacon,1
chocolate chips cacao,1
peaches in juice drained and juice reserved,1
sifted cocoa powder,1
hot fudge dessert topping,1
caramel dessert topping,1
bars chocolate covered crispy peanut butter candy such as butterfinger,1
instant coffee granules such as nescafe,1
belgioioso mozzarella cheese,1
rustic italian bread,1
spice cake,1
spiced gumdrop,1
tightly arugula,1
cox apple cored and cut into ring,1
bag birds eye recipe ready celery,1
canned beans with pork,1
prepared milk chocolate frosting,1
nabisco ginger snap,1
cherry chip cake mix,1
marionberry,1
blood oranges zested,1
pork stock,1
deli style roast beef,1
preserved stem ginger in syrup,1
ale,1
chicken broth or water,1
roll pillsbury refrigerated chocolate chip cookie dough,1
coarsely chuck,1
chocolate wafer cookie crumb,1
walnuts into quarter,1
blueberry quinoa,1
very bananas and crosswise,1
ube purple yam and,1
naan breads breads per g package,1
macapuno coconut preserve,1
evaporated milk chilled,1
violet food coloring,1
stale chocolate brownies crumbled,1
tub philadelphia savoury garlic cooking creme cream cheese product,1
top sirloin beef,1
dole pineapple in juice undrained,1
pear liqueur,1
any flavor of berry jam,1
digestive biscuit,1
center,1
lemon drop candy,1
whipping cream whipped until stiff,1
fluid ounce can white frosting,1
portuguese rolls split,1
cookie dough layer,1
red delicious apple very,1
mushroom sauce mix,1
pork shoulder boston butt steak,1
for the pastry,1
for the apple filling,1
pastry dough,1
no salt tomatoes in puree,1
apricot jam if using jam use less sugar,1
squares unsweetened baking chocolate melted and cooled,1
bag mixed frozen berry,1
buffalo ranch dressing,1
strawberry cake,1
strawberry flavored milk powder such as nesquik,1
kosher red wine,1
frozen pound cake cut into inch cube,1
inch bread cube,1
fluid ounce cans evaporated skim milk,1
dark turkey meat,1
acai berry sorbet,1
chicken in water,1
morton coarse sea salt,1
gallons clean snow,1
seedless black raspberry preserve,1
all purpose rice flour,1
heavy cream whipped to stiff peak,1
inch slices prepared pound cake crusts and cut into inch square,1
cobbler batter,1
melt buttery spread melted,1
pkg serving size jell o lemon flavor instant pudding pie filling,1
manwich original sloppy joe sauce,1
puffed millet cereal,1
delmonico rib eye steak,1
bags dark chocolate chips such as ghirardelli,1
semisweet chocolate melted,1
sugar free cherry flavored jell o mix,1
almonds split,1
prepared salsa con queso,1
smucker s seedless strawberry jam,1
blueberries drained juice reserved,1
koshi an sweetened red bean paste,1
coarsely whole wheat cereal biscuit,1
batch steakhouse lite ranch sauce recipe below,1
chocolate covered raisins such as raisinet,1
water room temperature,1
hot brewed strong maxwell house coffee,1
romaine,1
bars chocolate covered toffee such as heath,1
box cinnamon graham cracker,1
black cherry jam,1
deli smoked ham,1
for the crumble topping,1
meat base,1
so delicious dairy free coconut milk vanilla,1
bottle seasoning salt,1
chocolate cups for serving,1
chili seasoning such as brook,1
quarts green tomato,1
quarts cored apple,1
fudge brownie mix batter prepared as directed on box,1
karo light or dark corn syrup,1
garlic pepper seasoning such as suzyq s santa maria valley style seasoning,1
inches sausage casing,1
caramel apple dip,1
garden vegetable cream cheese,1
and mashed navy bean,1
amaretto liqueur such as disaronno,1
coarse pork shoulder,1
stevia brown sugar blend,1
chilled basil pesto,1
bag egg shaped malted milk balls such as whoppers robin egg,1
pkg serving size instant chocolate pudding mix,1
bars chocolate covered english toffee bar,1
chicken parmesan,1
prague powder number,1
squares unsweetened baking chocolate broken into piece,1
quarts ice water,1
ready to serve cream of mushroom soup,1
parkay original stick softened,1
fluid ounce cans vanilla frosting,1
roll of red fruit leather,1
caramels with stripe,1
coarse salt and freshly black pepper to taste,1
square white chocolate melted,1
cracked green peppercorn,1
sugar free lemon flavored jell o,1
cracked pink peppercorn,1
chocolate chunks such as ghirardelli bittersweet chocolate,1
frozen peaches such as cascadian farm thawed and drained,1
frozen blueberries such as cascadian farm thawed and drained,1
oatmeal bread such as pepperidge farm,1
orange cognac such as grand marnier,1
coffee liqueur,1
macadamia nuts whole,1
panini,1
angel food cake cut into bite sized piece,1
cold fat free milk,1
light whipped topping such as cool whip,1
yellow chewy fruit flavored candy square,1
pillsbury german chocolate cake,1
eggs plu,1
lactaid vanilla ice cream,1
sparkling water chilled,1
herb seasoned bread stuffing mix,1
chocolate covered hemp seed,1
tube prepared yellow frosting,1
inch round paper,1
heads romaine lettuce torn,1
beer with lime flavor,1
popped butter flavor popcorn,1
box devil s food chocolate cake mix,1
chocolate graham snacks such as nabisco teddy graham,1
fillet prime rib cut into bite size piece,1
blackberries rinsed and patted dry,1
extra green mangoes seeded and,1
clean ounce food can,1
chocolate macaroon cooky,1
roll of green fruit leather,1
california avocado seeded and,1
strawberry shortcake dessert cup such as hostess,1
inch lollipop stick,1
square prepared yellow cake,1
white chocolate coarsely,1
blue agave syrup,1
cut in half and white mushroom,1
imitation vanilla butter nut flavor,1
bags semi sweet chocolate chip,1
eagle brand low fat sweetened condensed milk,1
ham steaks inch,1
reduced fat margarine softened,1
pineapple extract,1
purple food coloring,1
naval oranges zested and juiced,1
unsweetened chocolate melted and cooled slightly,1
bottle ranch salad dressing,1
green giant mushroom pieces and stem,1
crystallized sugar cane juice such as sucanat,1
cake spice,1
chocolate covered crispy peanut butter candy such as butterfinger,1
milk chocolate candy bars such as hershey s,1
sausage mixture,1
curly endive,1
reduced fat nilla wafer,1
leaves radicchio,1
water orange juice,1
refrigerated crust for a inch pie,1
nestle nesquik chocolate flavor syrup,1
apple cinnamon granola,1
slices red and blue fruit leather,1
bottom crust,1
freestone peaches and,1
shaved chocolate to garnish,1
zesty zucchini relish,1
sheet puff pastry rolled to inch thickness,1
high quality milk chocolate,1
ridged potato chip,1
market pantry marshmallow,1
fluid ounces meyer lemon juice,1
pastry shell unbaked,1
quick amp easy pork sausage,1
stalks rhubarb cut into inch piece,1
karat gold dust,1
old fashioned rolled oats not instant,1
jack in the box taco sauce copycat,1
pizza dough and sauce,1
attar quot syrup quot middle east palestine,1
milk scalded and slightly cooled,1
vanilla ready to spread frosting,1
sheets of salted matzo,1
nestle carnation sweetened condensed milk,1
pint whipping cream whipped,1
crust ingredient,1
unsweetened dutch process cocoa powder,1
flaky sea salt such as maldon,1
cranberries preferably orange flavored,1
flaked coconut firmly,1
instant chocolate pudding and pie filling mix,1
lemon instant pudding and pie filling mix,1
easy and tasty barbecue chicken sandwiches in the crock pot,1
puffy pizza crust,1
box devil s food cake mix,1
candy lime slice,1
sheet cake,1
bacon with sriracha and brown sugar,1
dairy free pancake mix such as bisquick,1
for cupcake,1
white cake mix with pudding,1
bittersweet chocolate fine,1
hazelnuts skins removed,1
for ganache,1
for frosting,1
chocolate whipped cream,1
cake and pastry flour sifted,1
edible gold flake,1
italian meringue frosting,1
pinch cream of tartar,1
diamond crystal sea salt,1
butterscotch flavoured liqueur,1
mast o khiar persian yogurt and cucumber dip,1
white gumdrop,1
phyllo pastry cup,1
vegetable shortening such as butter flavor crisco,1
buddha s hand fingered citron,1
keebler grahams original cracker,1
kellogg s rice krispy,1
caramel flavored frosting,1
halloween colored chocolate sandwich cooky,1
white chocolate broken into square,1
orange and brown sprinkle,1
prepared pound cake cut into inch slice,1
brown paste food coloring,1
orange chewy fruit flavored candy square,1
leaf shaped spearmint gumdrop,1
red gumdrop,1
lavender jelly with chamomile,1
basic dough,1
scoops cookies n cream flavored whey protein powder such as body fortress,1
frozen non dairy whipped topping,1
shortcake dessert shell,1
yoplait greek whips vanilla cupcake yogurt,1
fruit such as blueberries bananas and strawberry,1
german quark,1
blueberries preferably wild,1
pastry for a double crust pie,1
three berry filling,1
prepared coconut pecan frosting,1
shortening such as tenderflake,1
phyllo dough thawed if frozen,1
orange pineapple flavored jell o,1
granulated sugar plu,1
note you will need parchment paper for this recipe,1
exotic orange blossom water and rose water make your own,1
chocolate fudge topping room temperature,1
of salt,1
yeast free wholemeal bread,1
cherries pits removed and cut in half,1
wet walnut,1
root beer flavoring such as zatarains root beer extract,1
frozen strawberries thawed and pureed,1
cream filled sponge snack cakes such as twinkies lengthwise,1
syrup from canned pineapple,1
pita bread using the master recipe,1
maraschino cherries coarsely,1
rolling sugar,1
himalayan sea salt,1
easy as versatile tofu chunks or sandwich slice,1
quick mix quick rise pizza dough,1
chocolate covered mint cooky,1
chocolate fudge frosting mix,1
fettuccine alfredo sauce,1
bars aerated milk chocolate candy bar,1
swirl filling,1
bars caramel milk chocolate candy bar,1
strawberry yogurt fruit spread,1
quart strawberries hulled and quartered lengthwise,1
garic string bean,1
luscious raspberry curd,1
lemon glaze for scones cookies biscuits and cake,1
hot fudge sauce heated as directed on jar,1
maraschino cherries well drained,1
bran flake,1
brewed strong maxwell house coffee cooled,1
pkg serving size jell o vanilla flavor instant pudding,1
square baker s semi sweet baking chocolate,1
tea biscuit,1
passion fruit pulp,1
golden syrup such as lyle s,1
fluid ounces galliano liqueur,1
pumpkin quick bread mix,1
unpeeled cored and apple,1
glutinous black rice,1
superfine sugar as needed,1
mango peach chutney,1
powdered thai tea mix,1
paprika pita chip,1
sister schubert parker house rolls defrosted and broken into crumb,1
walnuts hazelnut,1
assorted apples cored and,1
marzetti caramel apple dip,1
vanilla cinnamon,1
outback steakhouse style steak,1
meringue topping,1
citrus glaze,1
sheets reynolds parchment paper,1
mango sorbet softened,1
delicious pico de gallo salsa fresca,1
homemade rich ricotta cheese,1
wooden chopsticks for handle,1
advieh persian spice mix,1
persian saffron water,1
semisweet chocolate curl,1
brewed espresso at room temperature,1
chocolate covered espresso bean,1
tart baking apples such as granny smith braeburn,1
hearty whole wheat bread,1
coarsely gingersnap,1
rolled oats into flour,1
jake s bun,1
bottle concord grape wine,1
hot chocolate mix such as nestle,1
very lemon zest,1
easy light and lovely marinara sauce,1
advocaat german eierlikor,1
fruity mincemeat,1
chocolate mint layer candies such as ande,1
bars milk chocolate with almonds candy such as hershey s milk chocolate with almond,1
vanilla honey yogurt,1
cherry pie filling chilled,1
sheets heavy duty aluminum foil x inch,1
prepared sponge cake shell,1
quick amp easy tahini sauce,1
canned table cream media crema,1
lemon lime soda e g up,1
homemade creme fraiche,1
egg at room temperature,1
cinnamon for sprinkling,1
quarts strawberry ice cream softened,1
red candied cherries quartered,1
vanilla bean ice cream,1
black walnuts coarsely,1
chocolate sauce such as fran s,1
eggs cracked into a bowl and whisked to combine,1
chocolate covered almond buttercrunch candy,1
martha white chocolate chip muffin mix,1
foil wrapped chocolate covered caramel candies unwrapped,1
pepper jelly vinaigrette,1
freeze blueberry,1
cacao nib,1
vanilla bean split and seeds scraped out and reserved,1
serving size package instant pistachio flavor pudding mix,1
almond toffee bits e g heath bits o brickle,1
chocolate fudge sauce,1
mini round corn tortilla chip,1
bars milk chocolate,1
apricots pitted and pureed,1
box honey graham cereal,1
jell o raspberry flavor gelatin,1
frozen red raspberries do not thaw,1
round angel food cake cut into slice,1
fluid ounce warm water,1
bananas unpeeled stems removed,1
bag chocolate covered creamy caramel candy,1
pizza dough perfection,1
yellow peache,1
box pillsbury moist supreme devils food premium cake mix,1
flan,1
half and half chilled,1
strawberries chilled,1
strawberry flavored gelatin mix,1
sea cucumber,1
almond icing,1
mangoes cut into inch cube,1
shortcake,1
box yellow cake mix without pudding,1
aji colombian salsa,1
port wine flavored gelatin mix,1
butter as needed,1
vegetable shortening in pieces frozen,1
very cold cream cheese,1
water red tart pitted cherries drained and juice reserved,1
inch pie crust unbaked,1
nondairy cream cheese,1
easy pie dough,1
frozen vegetable shortening,1
frangipane,1
flat toothpick,1
green gumdrop,1
rolls of apricot fruit leather,1
vanilla frozen yogurt softened,1
watermelon rind white parts only,1
piece ice pop mold,1
treat bag,1
halloween candies nuts fruits etc,1
glazed doughnuts horizontally,1
melted margarine cooled,1
canned pumpkin pie mix,1
fruit preserver,1
peaches each cut into wedge,1
refrigerated pie pastry,1
lemon tea cookies such as trader joe s meyer lemon cooky,1
sweet baking chocolate such as baker s german s sweet chocolate broken into piece,1
white almond bar broken into piece,1
bing,1
hot pepper sauce for buffalo wing,1
cultured coconut milk coconut milk yogurt,1
chevre goat cheese at room temperature,1
gluten free gingersnap cooky,1
red velvet layer,1
stale croissants cut into cube,1
low carb chocolate cookie crumb,1
macadamia nuts pecan,1
low carbohydrate baking flour substitute,1
low carbohydrate dark chocolate melted,1
duncan hines moist deluxe swiss chocolate cake mix,1
tub duncan hines creamy home style classic vanilla frosting,1
miniature peanut butter cup candy,1
miniature dark chocolate chip,1
cinnamon sugar to taste,1
white candy coating coarsely,1
hot chocolate mix such as carnation rich and creamy,1
healthy cornbread,1
persimmons and pureed,1
pint chilled whipping cream,1
pillsbury mocha fudge brownie mix,1
garlic in honey,1
cartons non fat lemon yogurt,1
gingersnaps crumbled,1
exceptional pumpkin pie spice,1
vanilla wafer crust,1
cajun blackening spice,1
lemon juice and zest,1
gluten free flour blend such as namaste perfect flour blend,1
frisee lettuce,1
beso bbq sauce,1
basic cranberry sauce,1
kiwifruit lengthwise and,1
unsweetened cherry flavored drink mix powder,1
unsalted matzo board,1
crunchy peanut butter such as jif extra crunchy,1
pureed durian,1
mexican take out easy tomato and chipotle salsa,1
white chocolate broken into piece,1
chocolate sour cream frosting,1
sifted powdered sugar,1
biltong,1
margarine such as smart balance,1
pint blueberries rinsed,1
margarine melted and cooled,1
butterfinger bite,1
black paste food coloring,1
fruit cocktail juice reserved,1
low cost german pork schnitzel,1
brown sugar such as muscovado,1
nectarines into bite size piece,1
tangy homemade pimento cheese,1
karo lite syrup,1
unbaked pie crust see footnote for recipe link,1
baking cups size,1
fudge striped shortbread cooky,1
refrigerated cookie dough frozen,1
mini graham cracker crust,1
crystallized candied ginger,1
quinoa and oatmeal cereal heart healthy,1
slices raisin bread,1
peaches in juice drained reserving juice,1
yolk,1
rice krispies treat,1
day old glazed doughnuts cut into piece,1
marble crullers twisted stick doughnut,1
dry cream of wheat,1
pecans quartered,1
bag cone shaped corn snacks such as bugle,1
bar chocolate flavored confectioners coating,1
all purpose mexican seasoning,1
thermomix pizza dough,1
rock candy,1
cup fish bowl,1
gummy fish candy,1
mcintosh,1
rum or imitation rum flavoring,1
prepared caramel sauce,1
loaf bread cut into inch cube,1
frozen sweetened strawberries pureed,1
brandy sherry,1
victorious vegetable stock,1
shelled unsalted sunflower seed,1
for the panna cotta,1
for the berry sauce,1
bag frozen mixed berries thawed,1
lemon whipped cream,1
angel food cake cut into inch cube,1
apricot jam warmed,1
juice from a orange,1
instant flour wondra,1
heart shaped cinnamon candies into a fine powder,1
vanilla flavored cream sherry,1
perfect tenderloin steak filets with mushroom,1
unsweetened strawberry flavored drink mix,1
vanilla flavored almond bark,1
additional heavy cream for topping,1
chocolate sandwich cookie crumb crust,1
dark chocolate chips such as ghirardelli cacao,1
honey nut flavored cereal squares such as honey nut chex,1
and bosc pear,1
middle layer,1
apple flling,1
maple cream filling,1
apples any variety but red delicious and cored a sliver cut off bottoms so apples sit flat,1
pint strawberries hulled and quartered lengthwise,1
cloves king,1
salt leviticu,1
water genesi,1
honey proverb,1
figs samuel,1
raisins samuel,1
almonds genesi,1
down home champagne vinaigrette,1
squares baker s semi sweet baking chocolate melted cooled,1
pint strawberries pureed,1
chocolate cream filled sandwich cookies broken into chunk,1
prepared pie shell,1
rice cereal,1
bar bittersweet chocolate broken into piece,1
instant sugar free pistachio pudding mix,1
for the soaking syrup,1
carton egg substitute such as egg beater,1
dark chocolate kiss candy,1
chocolate flavored sweetened condensed milk,1
baker s semi sweet baking chocolate melted,1
extra creamy whipped dessert topping,1
prepared deep dish graham cracker pie crust,1
planters cocktail peanut,1
concord grape jelly,1
creamy peanut butter such as peter pan,1
oranges and cut into,1
matcha tea powder such as full leaf tea company,1
orange juice without pulp,1
cocoa roast almond,1
canned tart cherries drained,1
mace king,1
cinnamon king,1
baking powder luke,1
all purpose flour king,1
recipe frosting,1
cold eggnog,1
pillsbury baking spray with flour,1
pillsbury gingerbread mix,1
lemons zest only,1
black plums pitted and,1
fluid ounce can nonfat evaporated milk,1
cherry chip flavored cake mix,1
walnuts if desired,1
scoops chocolate flavored whey protein powder,1
bartlett pears about oz each,1
cocoa powder such as callebaut,1
homemade poultry seasoning,1
colombian tomato and onion sauce hogao,1
egg custard mix,1
shelled hazelnut,1
quart strawberries quartered,1
black cherry flavored gelatin mix such as jell o,1
caramel dessert sauce,1
mixed berry flavored gelatin mix such as jell o,1
lone star coleslaw,1
strawberry flavored gelatin,1
turkey meatball,1
crispy shallots ina garten back to basic,1
prepared mini graham cracker pie crust,1
red maraschino cherries quartered,1
how to make taco salad shell bowl,1
white sugar jeremiah,1
eggs isaiah,1
blue fruit flavored gelatin mix such as jell o,1
squares german chocolate,1
powdered french vanilla flavored coffee creamer,1
any color liquid food color,1
easy buttercream icing,1
full fat coconut milk chilled,1
himalayan black salt,1
honey sweetened granola,1
easy minute pizza dough ii,1
tofu mock cream cheese,1
semisweet chocolate cut in dice,1
egg yolks if using eggs is a concern for you,1
indonesian sweet soy sauce kecap mani,1
canned peaches syrup reserved,1
nestle toll house milk chocolate morsel,1
rice cereal square,1
pretzel twists broken into inch piece,1
tubes refrigerated biscuit dough,1
reduced fat buttermilk,1
ghirardelli unsweetened cocoa powder,1
easy chocolate icing vegan,1
fat free cream cheese at room temperature,1
bars milk chocolate with crispy rice,1
greek vinaigrette,1
bar chocolate bar,1
scoops ice cream flavor of your choice,1
reynolds wrap aluminum foil for the grill,1
cherry flavored candy cane,1
red confectioner s coating,1
walnut pieces for decoration,1
apple pie filling coarsely,1
casaba melon seeded and,1
chocolate chips such as dagoba chocodrop,1
turkish baharat spice mix,1
chocolate mousse,1
sticks salted butter,1
regular oat,1
envelope plain unflavored gelatin,1
sugar free strawberry jell o mix,1
granulated no calorie sugar substitute such as splenda,1
fruit apricots prunes raisin,1
king arthur unbleached all purpose flour,1
mayhaw jelly,1
lime zest garnish,1
bars chocolate candy bars broken into piece,1
cajun cake,1
strong espresso coffee,1
bars milk chocolate candy coarsely,1
kiwis and seeded,1
well drained maraschino cherry,1
mini oreo bite size cooky,1
french vanilla flavored coffee creamer,1
loaves angel food cake inch,1
ghirardelli cacao bittersweet chocolate baking chip,1
tubs frozen whipped topping thawed,1
glazed donut hole,1
shortdough pastry,1
arrachera beef marinade,1
hubbard squash,1
chocolate hazelnut spread almond butter,1
crunch,1
drizzle,1
coarsely chocolate creme filled sandwich cooky,1
sourball hard candy,1
seedless fruit preserve,1
almond flavoring,1
chocolate flavored confectioners coating,1
flourless chocolate cake,1
whipped cream beaten stiff,1
homemade crystallised rose petal,1
salted sweet cream butter,1
meyer lemon curd mousse,1
french vanilla flavored cake mix,1
pear flavored white balsamic vinegar,1
d anjou pear,1
bread crusts removed and bread cut into triangles diagonally,1
pint strawberries with leaf,1
box vanilla wafers such as nilla,1
cajun portobello sandwich with avocado and remoulade,1
bags milk chocolate candy kisses such as hershey s kisses unwrapped,1
prepared chocolate cookie pie crust such as oreo,1
taco bell taco seasoning mix copycat,1
quart strawberries stemmed and quartered,1
sugar free strawberry glaze,1
zesty italian dressing spice mix,1
maraschino cherries drained and quartered,1
easy peanut butter buttercream frosting,1
solid vegetable oil butter spread such as smart balance sticks softened,1
prunes pitted and,1
french vanilla cake mix such as duncan hines moist deluxe,1
dry onion soup mix substitute,1
and tart green apple,1
red apple cored and very,1
recipe unbaked inch pie crust,1
sweet baking chocolate such as baker s german s sweet chocolate,1
love honey,1
fluid ounce water,1
yummy low carb low fat eggplant aubergine,1
quarts strawberries lengthwise,1
margarine such as country crock,1
semi dry fruity red wine such as sangiovese,1
beets plain and simple,1
stems of lavender flower,1
taco bell mild taco sauce copycat,1
pie crust mix such as betty crocker,1
box moist pineapple cake mix,1
greek tomato sauce,1
amarula liqueur,1
sourdough dinner roll,1
coarsely peppermint candy,1
blueberry flavored gelatin such as jell o,1
flowers for garnish,1
warm evaporated milk,1
sparkling apple cider,1
shortbread tart crust,1
vanilla bean split in half lengthwise,1
how to prepare cabbage leaves for stuffing,1
peach puree,1
individual package chocolate graham cracker,1
rome beauty apples cored and,1
e z low fat bisquick mix,1
date filling,1
oatmeal crust,1
boiling water do not add cold water,1
pkg serving size jell o brand orange flavor gelatin,1
santa cruz blackberry pomegranate fruit spread,1
truroots chia seed,1
chinese peanut sauce,1
bars vanilla flavored candy coating,1
unwrapped milk chocolate candy kisses such as hershey s kisse,1
white bread crusts removed and cut into square,1
instant coffee granules dissolved in teaspoon water,1
shortcakes horizontally,1
pint strawberries hulled and berries cut in half,1
dairy free and gluten free chocolate chips such as enjoy life,1
peppermint starlight candy,1
pine nuts for decoration,1
gee whiz spread,1
jell o white chocolate flavor instant pudding,1
blueberry sauce,1
homemade condensed milk,1
perfect wacky cake,1
limoncello buttercream,1
poke drizzle,1
oranges with peel,1
smokey creole seasoning,1
walnut topping,1
mama s kitchen s raspberry chipotle sauce,1
for the fondant,1
citrus amp sweet wine marmalade,1
refrigerated cinnamon roll dough separated,1
sugar substitute with aspartame such as equal packet,1
coconut shelled and drained,1
baker s semi sweet chocolate morsel,1
bar chocolate covered english toffee,1
legume butter,1
homemade merguez sausage,1
chocolate pudding and pie filling mix not instant,1
ed s chicago cocoa chili,1
nutmeg or to taste,1
sifted whole wheat pastry flour,1
chile verdadero,1
frozen lemonade pink concentrate thawed,1
banana split lengthwise,1
cincinnati chili,1
finlandia perfectly salted butter softened,1
pumpkin puree plain,1
walnut streusel topping,1
cold finlandia perfectly salted butter,1
pints strawberries hulled and thickly,1
perfectly chocolate chocolate frosting,1
dark chocolate frosting,1
fluid ounce cans creamy vanilla ready to spread frosting,1
empress cincinnati chili,1
flour or matzo meal in a blender to a fine powder,1
extra paper muffin cups or use regular paper muffin cups which will make cake,1
raspberries barely moistened and rolled in about,1
sugar right before serving,1
pkg serving size jell o lemon instant pudding,1
philadelphia light brick cream cheese softened,1
simple beef stock a la julia child,1
semisweet chocolate chips such as hershey s special dark,1
recipe chocolate buttercream,1
north african ras el hanout spice mix,1
coarsely apple,1
parsley olive oil and garlic sauce,1
refrigerated sweet roll dough,1
lemon confit,1
chocolate malted milk ball,1
espresso,1
ball sweet pastry dough,1
sweet cheese mixture,1
ginger miso paste,1
strawberries and frozen,1
sheet heavy duty aluminum foil x inch,1
all purpose flour plus more if needed,1
grapefruit peel without white layer,1
vanilla bean slit lengthwise seeds scraped,1
pastry cream lite,1
vanilla flavored granola with almond,1
glutinous rice flour malagkit,1
vanilla pastry cream low fat,1
pie shells partially,1
pretzel crust,1
lemon juice strained,1
brownie,1
ice cream such as butter pecan,1
colored edible glitter,1
soynut,1
semisweet chocolate piece,1
saffron white wine pasta dough,1
earl grey tea in a coffee grinder,1
edible flowers for garnish,1
almond paste broken into piece,1
evaporated whole milk,1
for greasing pan,1
beeswax,1
baking apples and,1
cooking apples cored and cut into inch slice,1
pitted tart cherry,1
spiced triangle,1
pecan flavored extract,1
peppermint filling,1
maraschino cherries quartered juice drained and reserved,1
brown candy coated milk chocolate pieces such as m m s,1
purple colored sugar,1
green colored sugar,1
yellow colored sugar,1
fat free strawberry cream cheese,1
fat free pretzels broken,1
pastry shell cooled,1
all purpose flour spooned and leveled plus more for rolling and cutting out dough,1
pizza flavor herb and spice blend,1
dry mixed lentils soaked overnight,1
pinto beans soaked overnight,1
stale raised glazed donut,1
granny smith apples cut into inch dice,1
creole seasoning,1
strawberry frosting mix,1
hearty farmhouse style bread and cut into cube,1
candied and spiced almond,1
jalapeno cornbread waffle,1
berry color from mccormick color from nature,1
semi sweet baking chocolate coarsely,1
caramel apple circle,1
butterscotch chips nestle toll house,1
strawberry flavored carbonated beverage,1
white confectionery candy coating piece,1
plum sauce asian,1
kelly s kihei maui teriyaki sauce,1
graham cracker crust unbaked,1
halushky,1
whole grain quinoa well rinsed,1
world s easiest pie crust vegan,1
vanilla flavored candy coating melted,1
bing cherries with stem,1
canned sweetened mango pulp,1
red sugar sprinkle,1
nestle toll house peanut butter milk chocolate morsel,1
butterfinger bites coarsely,1
pizza dough whole wheat,1
apples and cinnamon muffin mix,1
tub marzetti s old fashioned caramel dip,1
and favorite apple,1
serving cooking spray with flour,1
lemon cake mix such as duncan hines lemon supreme,1
candied red cherry,1
green sugar crystal,1
red sugar crystal,1
sugar free lime jell o,1
yellow decorator sugar,1
flax egg,1
vanilla bean split and seeds scraped away,1
sister s sweet cinnamon swirl bread,1
molasses see note,1
prepared pie dough cut into piece,1
green apples and cored,1
pimenta moida portuguese red pepper sauce,1
mint coriander chutney,1
cakey cornbread for dessert,1
black jellybean,1
pastry for double crust pie see footnote for recipe link,1
rosemary crust,1
sweet potato parmesan filling,1
sifted cocoa,1
mint and parsley chutney,1
reynolds cut rite wax paper,1
chocolate pecan ice cream frosting,1
squares sweet baking chocolate,1
chamoy,1
shaved coconut,1
almond and sugar powder,1
orange juice and zest,1
mott s fruit punch rush,1
vanilla flavored nonfat greek yogurt,1
your favorite granola,1
plain buttermilk doughnut,1
meringue cooky,1
simple preserved lemon,1
peter pan crunchy peanut butter melted,1
parkay original spread tub melted,1
red and green candy coated chocolate piece,1
evaporated fat free milk,1
mango sauce nice and tart with sriracha or without,1
truvia baking blend plu,1
vegan strawberry curd slightly soused,1
mango and cut into cube,1
sweetened cocoa mix,1
peanut butter such as smucker s,1
quick and easy whole wheat sandwich bread,1
prepared sponge cake dessert cup,1
pints lime sherbet slightly softened,1
gallon raspberry sherbet slightly softened,1
couscous pudding,1
caramelized pecan,1
mini muffin paper cup,1
fluid ounce jigger irish cream liqueur such as bailey,1
granny smith apples cored quartered and,1
refrigerated prerolled pie crust,1
scottish mixed spice,1
lemon parmesan vinaigrette,1
squares sweet chocolate,1
quick cooking oats not instant,1
fruit glaze,1
mini candy coated chocolate pieces such as mini m m s,1
unsweetened flavored drink mix package,1
maureen s chicken broth with very low sodium,1
swirl,1
lactaid lowfat milk,1
tomato confit,1
america s test kitchen chunky tomato sauce for lasagna,1
white granulated sugar,1
hot fudge sauce warmed,1
pecan sandies cooky,1
double wide soda cracker,1
prepared angel food cake cut into chunk,1
tubs reduced fat frozen whipped topping thawed,1
prebaked deep dish pie shell,1
buffalo style beef taco,1
soused strawberry,1
kamut reg cookies for creme,1
tabil dry coriander spice mix from tunisia,1
heavy weight storage,1
bags milk chocolate candy kisses unwrapped,1
light frozen whipped topping thawed,1
leftover mashed potatoes prepared with butter,1
seedless raspberry jam heated,1
berry flavored gelatin such as jell o berry blue,1
teddy bear shaped graham snack,1
cocktail umbrella,1
nutmeg cake,1
caramel icing,1
fat free caramel sauce,1
pats unsalted butter,1
latik,1
maja blanca,1
shortening such as crisco melted and cooled slightly,1
bread without crusts and,1
piri piri or peri peri spice mix,1
vegallow fluff,1
pints vanilla ice cream softened,1
bar semisweet chocolate,1
edible flowers such as violet,1
rich and creamy ricotta,1
yellow cake mix without pudding,1
caramel cappuccino custard,1
gallon strawberry ice cream,1
fat free instant white chocolate pudding mix,1
tubs fat free whipped topping such as cool whip,1
box chocolate graham cracker,1
milk chocolate candy bar such as hershey s cut into piece,1
fluid ounces strawberry flavored carbonated beverage,1
tub duncan hines creamy home style vanilla icing,1
non pareil,1
pints heavy cream chilled,1
squares hershey s unsweetened chocolate cut into piece,1
strong brewed coffee boiling,1
arab spice mix,1
peach into piece,1
frosting for petits four,1
box chocolate wafer cooky,1
quart ice cream softened,1
brown butter icing,1
cajun beef burger,1
peanut butter dough,1
ginger molasses dough,1
creamy peanut butter such as reese s,1
red tomatillo salsa with chile,1
hard candy,1
mango ketchup,1
red chile de arbol lightly,1
of pineapple,1
vanilla flavored flax milk,1
sauerkraut rye bread,1
the dough,1
fluid ounce honey,1
the filling,1
for brushing,1
lard room temperature,1
cinnamon swirl coffee cake mix,1
coconut preserves such as phil supreme,1
hazelnut flavored syrup,1
herbes de provence simple spice mix from vegetarian time,1
ras el hanout moroccan spice mix from vegetarian time,1
pillsbury refrigerated pie crust softened as directed on box,1
pita pocket bread bread machine,1
vanilla ice cream sandwiches unwrapped,1
sugar syrup,1
strawberry cake mix such as betty crocker,1
mexican green sauce with tomatillos and avocado salsa verde,1
chocolate layer,1
sun tomato and kalamata olive tapenade,1
green olive basil and almond tapenade,1
box brownie mix for x pan to ounce,1
spice islands almond extract,1
bittersweet chocolate bar,1
bittersweet chocolate bar broken into inch piece,1
berbere spice mix ethiopian,1
green belt candy strip,1
sugar free chocolate fudge flavored instant pudding,1
pumpkin seeds pepita,1
pistachio nut meat,1
jell o lemon instant pudding,1
pint whipped cream beaten stiff,1
peppers how to roast a pepper on a gas range,1
dark chocolate such as ghiradelli,1
pints sour cream,1
orange butter frosting,1
plain tea biscuits broken into piece,1
perfect pie crust,1
warm peanut butter,1
flaked coconut for rolling,1
garbanzo beans drained and pureed,1
fat free frozen whipped topping,1
squares semi sweet baking chocolate such as baker s,1
homemade panko bread crumb,1
shaved coconut if desired,1
date coconut,1
date syrup,1
chocolate eggs unwrapped,1
peanut butter no sweetener added,1
grape flavored gelatin mix such as jello o,1
frozen puff pastry thawed in refrigerator,1
sweetened pastry tart shell,1
cauliflower puree,1
marble cake mix,1
pan seared chicken with mustard sauce,1
white peache,1
strudel dough,1
pecan muffins in blood orange syrup,1
pouch prepared chocolate frosting,1
white cake mix sifted,1
jellyrolls each cut into slice,1
fig filling,1
muddled cherry syrup,1
crisp,1
mott s apple juice,1
mark s chilli sauce,1
light whipped cream,1
tegelese tesmi eritrean herb butter,1
flaky sea salt such as maldon to garnish,1
good quality unsweetened cocoa such as guittard cocoa rouge not,1
recipe lemon custard filling,1
recipe orange cream frosting,1
strawberry margarita mix,1
pint fig,1
plums pitted and into eighth,1
prepared pie dough thawed if frozen,1
dulce de leche latin american caramel spread,1
prepared hot fudge topping,1
duncan hines red velvet cake mix,1
duncan hines creamy home style cream cheese frosting,1
dark chocolate kisse,1
cane sugar for sprinkling,1
tube decorating gel,1
halves walnut half,1
bisquick equivalent simple,1
baker s real milk dipping chocolate,1
sugar for sprinkling,1
chocolate whipped topping,1
high quality white chocolate coarsely,1
sweetened blueberries drained,1
peaches drained and mashed,1
papayas cut in half lengthwise and seeded,1
biscotti,1
english toffee flavored baking bits such as heath,1
persimmon puree,1
reduced fat plain yogurt,1
tart apples and cored,1
miniature white chocolate chip,1
chocolate covered peanut butter cups such as reese s,1
fluid ounces strong brewed coffee,1
envelopes swiss miss milk chocolate hot cocoa mix,1
quick,1
splenda brown sugar blend,1
box duncan hines red velvet cake mix,1
italian prune plums and pitted,1
quarts blueberry,1
to layer in jar,1
to mix the cooky,1
plain doughnut hole,1
peanut butter cookie mix,1
marinated tofu in the style of feta cheese,1
prepared chocolate,1
candies mixed fruit peel,1
watermelon flavored jell o,1
vanilla bean gelato,1
miniature marshmallows frozen,1
lemon bar mix,1
edible blood,1
sugar glass,1
milk chocolate candy wafer,1
dark chocolate candy wafer,1
bag square shaped pretzel,1
milk layer,1
coffee layer,1
cold brew coffee concentrate ratio for mixing with water,1
caramel layer,1
chocolate covered espresso beans coarsely,1
boxes confectioners sugar,1
quart lowfat milk,1
tart green apples and cored,1
all purpose flour sifted twice,1
sweet bean paste,1
egg roll wrap,1
butter for custard,1
almond brickle chip,1
bars white chocolate such as baker s broken into piece,1
squares baker s semi sweet baking chocolate melted cooled slightly,1
honey and nut flavor cornflakes cereal,1
bags gummy candy,1
cheater rsquo s mexican chocolate almond milk,1
bottle mccormick red food color,1
vanilla cream cheese frosting,1
vegetable shortening room temperature,1
yellow cake mix batter prepared as directed on package,1
bars chocolate candy such as hershey s,1
devil s food chocolate cake mix,1
turkish coffee kahve,1
my vegan parmesan,1
inch straw,1
chocolate coating wafers melted,1
pepper sauce for chacarero s pebre chilean name,1
mocha frosting,1
basic white stock,1
baking spice mix,1
savory herbed poultry dressing,1
mccormick red food color,1
fluid ounces guava nectar,1
sweet basil cream,1
sweet curry lemon curd,1
coconut cupcake,1
gomashio sesame salt,1
vegan pie shell such as wholly wholesome,1
eagle brand sweetened condensed milk not evaporated milk,1
gallon chocolate ice cream softened,1
unsweetened cocoa powder plus more for garnish,1
lard such as tenderflake,1
raisins rinsed and patted dry,1
white chocolate candy melt,1
pina colada candy oil,1
olive salad primarily for muffuletta,1
chilled full size chocolate covered nougat filled candy bars such as snicker,1
coarsely chocolate covered toffee candy bar,1
plum preserves for serving,1
so delicious dairy free dark chocolate truffle cashew milk frozen dessert,1
gluten free crackers such as mary s gone cracker,1
gluten free vegan graham crackers like mini s graham bite,1
jen s zen vegan chocolate sauce,1
creamy itatlian dressing vegan or not,1
parmesan style cheese vegan,1
frozen raspberry lemonade concentrate thawed,1
peanut shaped peanut butter sandwich cooky,1
cheese pumpkin,1
chocolate cake,1
cornmeal such as goya fine yellow corn meal,1
peaches in heavy syrup undrained,1
vegan smoked quot salmon quot spread,1
kittencal s balsamic vinaigrette,1
golden deliciou,1
classic crisco pie crust,1
queso fresco at room temperature,1
mini bacon meatball,1
cranberries rinsed and stems removed if necessary,1
pitted bing cherries in water,1
pitted medjool dates cut into piece,1
apricots cut into piece,1
apricot nectar such as kern s,1
cranberry sweet potato bun,1
splenda naturals sugar stevia sweetener blend,1
garnishes decorative candies and colored sugar,1
liquid unsweetened baker s chocolate,1
bill knapp s au gratin potato,1
chilled espresso,1
emeril s burger seasoning,1
salsa cruda iii,1
bananas and horizontally,1
quot all in quot meatless mincemeat,1
envelopes microwave popcorn without butter,1
corn cereal puffs e g kix,1
bag extruded corn chips e g frito,1
milk crumb,1
unfrosted cupcake,1
sprinkles colored sugar,1
strong hot brewed coffee,1
cold quinoa,1
bread pudding with jack daniels sauce,1
homemade garlic sausage,1
dad s famous barbecue sauce,1
prepared graham cracker,1
flavored jell o,1
golden butter cake mix such as pillsbury moist supreme,1
silken tofu undrained,1
instant decaffeinated coffee powder,1
egg yolks at room temperature,1
hazelnuts skinned and,1
freshly popped popcorn,1
frozen strawberries in syrup thawed,1
blackberries in syrup,1
yellow cake mix with pudding included,1
for the streusel,1
naval orange zested and juiced,1
jamaican vinaigrette,1
all purpose apples cored and,1
blue wedge shaped candy,1
strawberries in syrup undrained,1
realemon lemon juice,1
king size bar chocolate coated caramel peanut nougat candy,1
honey mustard mayonnaise,1
raspberries cherries and strawberries for garnish,1
flaky pastry,1
neufchatel light cream cheese,1
red delicious apples and,1
brewed espresso cooled,1
ladyfingers such as savoiardi,1
circular pretzel,1
prepared pie pastry such as pillsbury pie crust,1
hickory nut,1
quart milk room temperature,1
sized apple,1
sturdy cookie pop,1
salted,1
homemade noodles for,1
basic all purpose brine for meats chicken and turkey,1
ct s egg patties easy amp,1
canned mixed beans drained,1
caramel squares quartered,1
brownie mix with walnuts such as ghirardelli,1
unrefined coconut oil,1
prepared mincemeat drained,1
inch x inch strip lime peel,1
dry chimichurri master mix rub,1
baking apples and cut into inch slice,1
mexican style italian dressing,1
dark irish stout beer such as guinness,1
prepared meatless mincemeat,1
walnut butter,1
frozen unsweetened mango chunk,1
frozen unsweetened pineapple chunk,1
chocolate whipped cream such as chocolate reddi wip,1
kiwi pureed,1
oat cereal such as cheerios smashed,1
raspberry flavored gelatin mix,1
frozen raspberries thawed with juice retained,1
bananas into inch piece,1
lavender rose honey,1
low fat lemon yogurt,1
panch phoron bengali five spice,1
green mung bean,1
quart cooking oil,1
pastries for inch single crust py,1
ct s salsa pantry friendly amp easy,1
snack size chocolate covered wafer candy bars such as kit kat coarsely,1
heart shaped baking mold,1
chocolate chunk brownie mix,1
transparent apple,1
fluid ounce can very cold evaporated milk,1
chile negro pasilla soaked in boiling water for minutes and drained,1
meaty pork loin sparerib,1
black olives pitted,1
spice islands ancho chile,1
fl oz can caffeinated pepper type soda such as dr pepper,1
lettuce taco,1
pickle chip,1
x inch sheet frozen puff pastry thawed,1
golden currant,1
adobo seasoning rojo adobo,1
chili powder such as mccormick,1
gluten free oatmeal,1
raspberry jalapeno jelly,1
olive oil preferably drained from a tin of anchovy,1
octopus cut into bite sized piece,1
kosher salt such as morton,1
standing rib roast bone in,1
eggplant into bite size piece,1
seedless oranges and sectioned,1
charcoal briquet,1
kraft creamy caesar dressing,1
inch pita bread rounds cut in half,1
tightly romaine lettuce,1
tortilla chips if desired,1
mackerel in brine,1
bag pork rind,1
ounce baking russet potato,1
fillet smoked salmon,1
land o lakes deli american cut into inch piece,1
baguette slice,1
mushrooms such as porcini,1
crawfish tails with fat,1
tomato puree passata,1
dry cocoa almond,1
seeded anaheim chile,1
german style beer,1
sprig thyme leaves picked,1
mini bagels cut into inch slice,1
sprouted spelt flour,1
dry and robust red wine such as syrah,1
cold creamy goat cheese,1
tiny pinches cayenne pepper,1
sprigs lemon thyme,1
philadelphia light cream cheese product,1
kraft calorie wise rancher s choice dressing,1
sourdough baguette cut into inch slice,1
semi cheese with garlic and herbs such as alouette,1
frozen miniature tart shell,1
heads endive,1
mushrooms cleaned and quartered,1
flat cactus leaves nopale,1
dark chocolate flavored almond milk,1
empanada pastry round,1
your favorite barbecue sauce,1
pitted olives coarsely,1
jalapeno chile or more to taste,1
herb and butter flavored rice side dish such as knorr herb butter rice side,1
black olives undrained,1
borden pepper jack cheese,1
salsa such as newman s own,1
mccormick tex mex chili seasoning mix,1
boston lager beer such as samuel adam,1
pitted spanish manzanilla olive,1
escarole spinach may be substituted,1
bag microwave low fat popcorn,1
premium white baking morsels chip,1
seeded and coarsely watermelon,1
fruit bit,1
pork rub,1
salt plus more if needed,1
parmesan flavored fish shaped crackers such as pepperidge farm goldish,1
curing salt,1
thai mango dipping sauce,1
fluid ounce bottles lager beer,1
thai basil and or cilantro,1
veggie spring roll,1
vegetables such as cucumber,1
mild taco seasoning mix such as mccormick,1
peanut butter corn puff cereal such as reese s puff,1
round potato,1
quartered yellow cherry tomato,1
spaghetti according to package instruction,1
bottle cayenne pepper sauce such as frank s redhot,1
fire red bell pepper,1
jennie o italian seasoned turkey,1
dry ranch flavored seasoning mix,1
italian parsley for garnish,1
vegetable oil for pan roasting,1
potato s peeling,1
jerusalem artichokes sunchoke,1
hot bread roll mix with yeast,1
pitted mixed olives rinsed,1
salt such as real salt,1
hot popcorn,1
avocado fry,1
avocado into fry length,1
canned black olive,1
cleaned calamari tube,1
tomatoes seeded and cored,1
for the parmesan cannoli,1
fish shaped pretzel crackers such as pepperidge farm goldish,1
baguette cut into slice,1
puffed rice cereal,1
pickling spice such as mccormick,1
white popcorn kernel,1
popcorn salt,1
unopened oyster,1
reduced fat italian salad dressing,1
progresso reduced sodium chicken broth,1
of eggplant cut inch,1
unsweetened cranberry,1
unsweetened blueberry,1
canned plum tomatoes drained and coarsely,1
green olives pitted and coarsely,1
green garlic garlic scape,1
white cheddar cheese curd,1
tomatoes with garlic and herb,1
hot yellow peppers with brine,1
mccormick onion gravy mix,1
bag bag tortilla chip,1
serrano chili,1
kosher salt for grinding vegetable,1
meatless bacon and onion seasoning such as tastefully simple bacon bacon,1
to inches russet potato,1
coarse salt and freshly pepper to taste,1
miniature smoked sausage link,1
canned chipotle chily,1
chickens cut up,1
spinach stems removed torn into piece,1
salted soy beans soy nut,1
fluid ounce bottle lager beer,1
long seedless cucumber,1
long chives for tying,1
samosa pastry egg roll wrapper,1
dairy free mini chocolate chip,1
bunches chinese mustard greens gai choy cut into inch length,1
for the turkey,1
head cauliflower run through a ricer,1
low sodium turkey bacon,1
oven safe scallop shell,1
marmalade barbecue sauce,1
balls mozzarella cheese often labeled bocconcini,1
loaves italian country bread,1
crabmeat drained flaked,1
box buttery cracker,1
kraft light mayo reduced fat mayonnaise,1
bacon for garnish,1
japanese,1
pesto such as classico,1
mccormick gluten free taco seasoning mix,1
ditalini tube shaped pasta,1
pint grape tomatoes coarsely,1
tomatillos unhusked,1
chunky style red,1
breadcrumbs made from crustless french bread,1
fennel bulb cut in half and,1
spicy seasoning coating mix,1
freestone peach cut into slice,1
multi grain cereal squares such as chex brand,1
fiber cereal twigs such as fiber one brand,1
dark chocolate morsel,1
enriched margarine spread such as smart balance brand may use butter,1
appetizer pick,1
mozzarella balls ciliegine cut in half,1
juicy orange,1
sea salt such as diamond crystal coarse sea salt,1
bulb fennel bulb and,1
zatarain s red beans and rice,1
hard eggs mashed,1
vegetable juice e g v,1
black soy sauce siew dam,1
prepared beef,1
bunches chinese chive,1
frozen miniature pastry shell,1
petite tomatoes with chipotle,1
fat free sour cream for garnish,1
freeze peach slice,1
purple cherokee tomato,1
eggplant and lengthwise into inch slice,1
canned whole red pepper,1
fig spread,1
meat extract,1
seasoned coating mix,1
panquehue cheese,1
juice from jarred jalapeno pepper,1
garlic and rosemary focaccia bread,1
fat free greek style yogurt,1
pork stuffing mix,1
crispy tostada shells warmed,1
links sausage such as eckrich smok y breakfast sausage,1
oscar mayer bacon drained,1
stevia powder to taste,1
oscar mayer deli smoked turkey breast,1
extra virgin olive oil for brushing,1
grape tomatoes coarsely,1
red caviar,1
black caviar rinsed and drained,1
frozen kale thawed and drained,1
mediterranean sun tomatoes in oil,1
chilled rice,1
sweet and sour sauce such as kikkoman,1
apple pie filling with cinnamon,1
loaves french bread cut diagonally into inch slice,1
individual packets white sugar,1
herdez casera salsa,1
jicamas and,1
jones dairy farm all golden brown mild sausage links into coin,1
heavy cream or half and half,1
pistachios shelled,1
fluid ounce bottle mexican beer,1
mccormick chili seasoning,1
seasoned bread stuffing mix,1
butter flavored popcorn oil such as orville redenbacher,1
bite size cheddar cheese fish cracker,1
hard eggs shelled and left whole,1
mccormick zesty spaghetti sauce mix,1
mini pepperoni slice,1
green tomatoes cored and cut into inch slice,1
envelope fleischmann s active dry yeast,1
portuguese hot chourico sausage,1
mixed olives drained,1
unflavored jell o,1
rosemary plus sprigs for garnish,1
wing,1
frozen artichoke hearts thawed and quartered,1
chive and onion cream cheese spread,1
spring mix salad green,1
red and yellow bell peppers inches long,1
assorted frozen vegetable,1
country crock spread melted,1
pears quartered and,1
chinese yellow noodle,1
peaches pitted and cut into inch dice,1
mini sourdough pretzel,1
spice islands cayenne pepper,1
spice islands dill weed,1
maxwell house original roast coffee,1
kraft all peanut butter,1
walnuts to taste,1
instant cheddar cheese sauce mix,1
malted wheat hamburger bun,1
dark chocolate candy bar,1
jalapeno pepper sauce such as tabasco,1
light fruit pectin crystal,1
italian sausage meat,1
jalapeno cheese dip,1
green olives reserve brine,1
philadelphia neufchatel cheese less fat than cream cheese softened,1
kraft mayo light mayonnaise,1
zapallo squash,1
lobster flaked,1
loaf inch slices french bread lightly,1
quarts tomato paste,1
high quality unsweetened cocoa powder such as guittard cocoa rouge,1
quarts canned and tomato,1
shells puff pastry,1
smoked gouda,1
frozen spinach thawed and squeezed very dry,1
pimenton paprika,1
pint shelled oysters drained rinsed and patted dry,1
watermelon fruit removed with a melon baller,1
seeded and chipotle in adobo,1
plain flour tortilla,1
spinach flavored tortilla,1
low fat refried black bean,1
smoked black pepper,1
slices margherita deli prosciutto,1
canned green chily,1
asparagus spears each to inche,1
calamari tentacle,1
sweet thai basil,1
raspberry dipping sauce,1
raspberry flavored cranberry,1
bottle buffalo wing sauce,1
semi cheese with garlic and herbs such as allouette,1
browned butter,1
basil marinara sauce,1
coarsely cornmeal polenta,1
loaf round bread loaf hollowed to make a bowl,1
dry asian rice noodles rice vermicelli,1
avocados pitted and mashed,1
coarse garlic salt,1
salt for sprinkling,1
garlic and mushroom soup mix,1
banana into inch slice,1
serrano chilis seeded and,1
sheet reynolds wrap heavy duty aluminum foil,1
of cheesecloth,1
dry almonds no salt added,1
plain yogurt such as sheeps milk yogurt,1
strip celery,1
shelled frozen edamame,1
plum tomato puree,1
sour cream such as breakstone s,1
beet juice see cook s note,1
green and red cayenne chiles lengthwise,1
pitas inch rounds split then quartered,1
gouda cheese with chipotle peppers such as boar s head,1
sage flavored pork sausage such as neese s extra sage sausage,1
hot pork sausage such as neese s hot sausage,1
sazon seasoning such as sa son accent,1
chili sesame oil,1
cayenne hot pepper sauce,1
low sodium chickpeas such as goya drained and liquid reserved,1
gulf shrimp to per pound,1
combination fruit such as prunes apricots pears and apple,1
chive and onion flavored cream cheese,1
unsalted dry peanuts or honey peanuts walnut,1
pint strawberries hulled and cored,1
loaves sourdough bread,1
frozen margarita mix thawed,1
carton beef broth,1
tofu into inch piece,1
jalapeno salsa such as el pato,1
whole pea,1
green onions scallion,1
purchased fully pizza crust such as boboli,1
splash chardonnay wine,1
low fat string cheese,1
green olives such as italica,1
servings butter flavored cooking spray,1
assorted sweet pepper,1
ahi yellowfin tuna,1
loaf sourdough bread thickly,1
black pudding,1
loaf whole grain artisan bread cut into inch slice,1
ready to eat sun tomato,1
potato bread farl,1
honeydew melon and seeded,1
bag kettle potato chip,1
white chocolate covered pretzels broken into piece,1
soda bread farl in half horizontally,1
slices irish bacon,1
almond breeze unsweetened vanilla or any almond breeze almond cashew blend,1
brown sugar and cinnamon cream cheese,1
sprigs italian parsley with long stem,1
pita bread pocket,1
vino seco white cooking wine,1
square konbu kelp,1
crisp rice cereal squares such as rice chex,1
red chili bean,1
ro tel tomatoes and green chilies drained,1
dry soy vermicelli,1
corn jalapenos chicken,1
bags butter flavored corn puff snack,1
gluten free pancake mix such as arrowhead mill,1
gluten free crackers such as glutino,1
lobster tail shelled cleaned and,1
longhorn colby cheese,1
spears asparagus and coarsely,1
bags coleslaw mix,1
beets assorted color,1
coconut lime rice,1
light beer such as miller lite,1
split pea flour,1
cholesterol free egg product,1
sage flavored bulk sausage,1
lump crab meat,1
spanish serrano ham,1
garlic and butter flavor crouton,1
eggland s best eggs hard and,1
green beans french cut,1
high quality ahi tuna,1
wasabi fumi furikake rice seasoning,1
pickle relish drained,1
smoked paprika for garnish,1
pizza sauce such as ragu homestyle,1
freshly squeezed tangerine juice,1
sushi grade tuna,1
leeks and outer leaves removed,1
no bean chili,1
parmesan flavored cracker,1
crisco peanut oil,1
plain panko bread crumb,1
spears stemmed asparagu,1
mexican style stewed tomatoes drained,1
ketchup for garnish,1
mustard for garnish,1
whole mushrooms stems removed,1
top round pounded,1
oyster mushroom cap,1
assorted mushrooms brown oyster portobello,1
spring onion green part only,1
refrigerated butter flavored crescent roll,1
pickled pepper,1
frozen beef meatball,1
broad egg white noodles such as no yolk,1
gyoza dipping sauce,1
slices artisanal style bread,1
loaves french bread cut diagonally in inch slice,1
loaf french bread cut into inch piece,1
long green chiles such as new mexican seeded and,1
vanilla flavored candy coating almond bark,1
head iceberg lettuce cored and quartered,1
colored sprinkle,1
vanilla chex cereal,1
fish shaped pretzel cracker,1
candy coated milk chocolate pretzel,1
slices oz each cheddar cheese,1
martha white all purpose flour,1
vanilla flavored hemp protein powder,1
martha white yellow cornbread mix,1
kernel corn with red and green bell peppers such as mexicorn,1
crosse blackwell major grey s chutney,1
raisins and or cherry,1
quart shucked oysters drained,1
besan chickpea flour,1
instant cheesecake flavored pudding mix,1
pimento stuffed green olives rinsed and drained,1
black beans such as bush s rinsed and drained,1
kiwi and mashed,1
balsamic vinegar glaze such as trader joe s,1
knorr menu flavors rice side,1
apple chunk,1
fluid ounces dry sherry,1
dry sago,1
wasabi mayonnaise,1
soy nut,1
crispy brown rice cereal,1
canola oil such as smart balance omega,1
processed american cheese food,1
pickled banana pepper ring,1
tube refrigerated crescent roll,1
sheets frozen phyllo pastry thawed in refrigerator,1
honey nut chex cereal,1
cone shaped corn snacks such as bugle,1
mini wheat cereal square,1
shiny eggplant,1
hass avocado and pitted,1
green plantains and into fifth,1
frank s redhot sweet chili sauce,1
jicama and cut into bite sized piece,1
skirt steak cut into inch piece,1
mccormick original chili seasoning mix,1
drained canned low sodium garbanzo beans half of the liquid reserved,1
drained canned low sodium black beans half of the liquid reserved,1
harissa sauce,1
mashed bean,1
black olives rinsed and drained,1
rib,1
polenta coarse,1
flaked smoked whitefish,1
cloves garlic clove,1
lengthwise and seeded,1
pita bread rounds cut into triangle,1
sea bass fillets inch,1
hass avocados and pitted,1
nonfat cream cheese,1
clams drained with liquid reserved,1
dill pickle slices with brine,1
heads bibb lettuce leaves separated,1
brussels sprouts cored and,1
seeded and jalapeno peppers wear glove,1
white mushrooms stems cut into dice,1
quinoa cooled,1
juice from the jar of olive,1
bottled red bell pepper,1
smoked trout skin removed flaked,1
ramps wild leek,1
box frozen spinach thawed and drained well,1
italian style dry bread crumbs for rolling,1
dole italian blend,1
dole broccoli florets blanched,1
strawberry tomato,1
light dry salami cut into strip,1
loaf baguette,1
crab boil seasoning,1
drained jackfruit,1
hulled strawberries tips removed,1
shake n bake extra crispy seasoned coating mix,1
bitter ale such as goose island honkers ale,1
garlic and herb salad dressing mix,1
knorr beef flavored bouillon cube,1
oranges and cut into chunk,1
chicken cutlets see tip,1
string cheese,1
green chiles such as old el paso,1
baguette loaves into about to pieces each,1
fluid ounces guinness draught beer,1
dubliner irish cheese,1
lightly salted whole almond,1
vanilla yogurt covered raisin,1
quarts chicken broth see footnote for recipe link,1
dill pickles drained,1
dry breading mix such as drake s crispy frymix,1
melted chicken fat,1
pickled garlic cloves such as sonoma farm tex mex sweet hot garlic clove,1
orange juice no pulp,1
silk coconutmilk original,1
tomatoes and seeded,1
canned peaches drained and,1
capers rinsed,1
ready to use pie crust,1
turkey chili such as hormel,1
olive oil marinated red pepper,1
extra tofu drained and frozen,1
whipped cream cheese with chive,1
snipped dill leaf,1
sweet potato noodle,1
stir fry ingredient,1
cleaned crawfish tail meat,1
coarsely cilantro leaves lightly,1
red onion inch piece,1
avocados from mexico cut into inch piece,1
leek split in half then cut into inch piece,1
of pumpkin calabaza,1
cheese flavored crackers such as cheez it duoz sharp cheddar and parmesan,1
canned beets juice reserved,1
cooled chicken,1
jalapenos stemmed seeded and,1
sicilian,1
wheat phyllo dough,1
inch mango cube,1
petite tomatoes with garlic and olive oil,1
spicy chunky style salsa,1
brown paper bag,1
white horseradish,1
green olives with pimiento,1
frozen french toast,1
maple syrup plus extra for brushing,1
ciabatta,1
kraft red pepper italian with parmesan dressing,1
frozen bone in chicken breast half,1
prawns and deveined tail on,1
honey mustard and onion pretzel,1
sandwich style dill pickle slice,1
hot mustard such as sweet hot mister mustard,1
pimento stuffed green olives cut in half,1
spicy vegetable juice such as v,1
loaves cuban french,1
butterball breast of turkey roast thawed,1
green plantains and cut into inch chunk,1
box frozen spinach thawed and well drained,1
water chestnuts rinsed drained and,1
round loaf french bread,1
assorted vegetable sticks cut up for dipping,1
fluid ounce cans spinach drained,1
cloves cloves garlic,1
mini pretzel stick,1
dry fiesta style ranch dressing mix,1
zucchini blossoms stamen removed,1
rainbow chard stems removed and leaf,1
garbanzo beans liquid reserved,1
crab meat drained well,1
bottle hot sauce such as pico paca,1
chili powder for garnish,1
olives each cut into slice,1
shoyu soy and wheat soy sauce,1
reduced sodium bacon,1
unpeeled red apple,1
soy chorizo crumbled,1
black beans and rice,1
cut applewood smoked bacon,1
bottle cream style horseradish sauce,1
aleppo red pepper flake,1
anaheim chile seeded and,1
for the garlic sauce,1
for the lamb sauce,1
archer farms cinnamon,1
light red kidney beans drained liquid reserved,1
mesquite wood chip,1
corn chips such as tostitos cantina,1
broccoli florets cut in half,1
chicken breast halves and cut into quarter,1
dry extra wide egg noodle,1
stale italian bread crumbled,1
hillshire farm lit l smoky,1
refrigerated crescent dough roll,1
leek washed and white and green part,1
loaf round whole wheat bread,1
quarts canola oil for frying,1
bagel chip,1
prosciutto crosswise,1
scallions cut into matchstick,1
water tofu cut into inch slab,1
hot taco seasoning mix such as mccormick,1
dandelion flower,1
gallons crisco peanut oil,1
tangerine zested,1
shelled pecan half,1
miniature pretzel,1
several dashes hot pepper sauce,1
salted dry peanut,1
blooming onion,1
spice injection mixture,1
dry risotto mix,1
bourbon such as jim beam,1
pink hawaiian salt,1
honey oat cereal,1
carob chip,1
miniature phyllo dough shell,1
loaf cocktail size rye bread,1
just bare chicken breast fillets cut into inch piece,1
sage to taste,1
caribbean jerk seasoning,1
carcass,1
wheat bread crusts removed,1
roma tomatoes and cored,1
french fry,1
college inn fat free lower sodium chicken broth,1
prepared yellow mustard such as plochman s,1
seasoned coating mix such as shake n bake,1
assorted chicken pieces such as breast,1
pistachios for sprinkling,1
crackers pita chip,1
herb seasoned stuffing mix into crumb,1
red orange,1
unsalted style peanut butter,1
bacon flavored cracker,1
mozzarella string cheese stick,1
sofrito sauce such as goya,1
fire tomatoes such as hunt s,1
plum tomatoes seeded and cut into dice,1
goya oregano,1
french baguettes cut into inch diagonal slice,1
black eyed peas such as bush s drained,1
thawed frozen artichoke heart,1
precooked prawns and deveined,1
kummelweck dinner rolls split,1
kraft crunchy peanut butter,1
cold beef broth,1
pouches salmon,1
freshly sharp cheddar cheese,1
gala apple cored and horizontally into disc,1
canned tomatoes with green chile peppers and onion,1
bulk spicy sausage such as bob evan,1
sweet and sour dip,1
bean with bacon soup,1
mccormick paprika smoked,1
lawry s seasoned salt,1
corn bread mix such as krusteaz honey corn bread mix,1
mexican style corn such as green giant,1
miniature pickle,1
tomatoes with mild green chile,1
meat mixture,1
nuts such as pecans pistachios walnuts etc,1
seeds such as sunflower seed,1
carnation breakfast essentials rich milk chocolate powdered drink mix,1
fruit such as raisins cherry,1
blue cheese dip,1
hot dogs cut into bite size piece,1
japanese eggplant cut into inch cube,1
goya black pepper to taste,1
goya discos yellow,1
goya corn oil for frying,1
extra crispy frozen potato rounds such as tater tot,1
original,1
envelopes taco seasoning mix such as mccormick original,1
paper cupcake liners in different color,1
ears corn on the cob with husk,1
bottle honey teriyaki barbeque sauce,1
fine salt to taste,1
fusilli,1
gram flour chickpea flour,1
radishes shaved,1
yuca root and into french fry,1
apple and fine,1
mesclun salad greens with spinach and or arugula,1
pepitas green pumpkin seed,1
quarts corn oil for frying,1
quartered artichoke hearts in water drained and,1
seafood mix such as octopus squid shrimp,1
buffalo wing sauce such as sweet ray s,1
strip of orange peel,1
kraft cocktail sauce,1
bag dole greener selection,1
low fat lemon blueberry dressing,1
green egg dye,1
stalks celery from the heart,1
blackening spice,1
loaf garlic sourdough bread,1
portobello mushrooms stems reserved and gills removed,1
ball park original hamburger bun,1
sharp processed cheese food,1
cocktail sausages such as lit l smoky,1
links mexican chorizo sausage,1
panko breading,1
clean clam shell,1
flat leaf kale,1
peanuts coarsely,1
lemon lemon zested,1
crab meat drained and chunked,1
sauvignon blanc wine,1
lamb stew meat in inch chunk,1
quart ice water,1
no yolks dumpling,1
wheel of brie about to inches chilled,1
sheet frozen puff pastry thawed plus extra for design,1
bulk pork breakfast sausage such as bob evan,1
tempura batter,1
rock shrimp,1
bolillo rolls and lightly,1
salted mini pretzel,1
mild honey,1
dill pickles diagonally,1
gold sugar sprinkle,1
white sugar pearl,1
chipotle cooking sauce such a knorr,1
dark beer such as guinness,1
bottles barbecue sauce your choice,1
inch slices sourdough baguette,1
pita breads cut into triangle,1
frozen shrimp to per pound,1
canned tomatoes and green chiles drained,1
buttery spread such as smart balance,1
baguette slices such as trois petits cochons petits toast,1
hot sauce such as dave s insanity sauce,1
strawberries washed and,1
ragu chunky tomato garlic onion sauce,1
peanut butter such as nuttzo,1
habanero garlic hot pepper sauce,1
sea salt plus more to taste,1
eggplants lengthwise into inch,1
part skim ricotta,1
kosher all beef hot dog,1
gluten free baking flour such as premium gold flax and ancient grains all purpose flour,1
dry red wine such as sangiovese,1
refrigerated cookie dough,1
cod fillets or other white fish like halibut,1
hunt s no salt added petite tomatoes drained,1
herbs basil mint and cilantro,1
greek olive,1
queen size pitted green olives drained,1
coarsely fig,1
red spaghetti sauce,1
head cauliflower cored and cut into inch floret,1
labneh cheese,1
salted deluxe mixed nuts without peanut,1
freshly squeezed lemon juice plus a lemon wedge for serving,1
bottle your favorite barbecue sauce,1
yves veggie cuisine garden veggie crumble,1
spectrum naturals sesame oil unrefined,1
beef tips preferably black angu,1
sesame seeds such as sun luck,1
thickly deli style corned beef,1
log of goat cheese chevre,1
envelopes onion soup mix,1
loaf crusty italian bread and,1
lardo such as lardo di colonnata,1
freshly pink peppercorns to taste,1
parsley sauce,1
candy coated dark chocolate pieces such as m m s dark chocolate,1
thyme leaves plus more for serving,1
fl oz can chicken chunk,1
smoked sausages such as lit l smoky,1
dry bread stuffing mix such as brownberry traditional sage and onion flavor,1
refrigerated seamless crescent dough sheets such as pillsbury,1
sausage stuffing,1
dry alfredo sauce mix,1
envelopes ranch dressing mix,1
multigrain saltine cracker,1
shelled pecan,1
corn chex rice chex,1
greens seasoning,1
bite size cheese cracker,1
ranch dressing and seasoning mix,1
apples such as honeycrisp,1
leaves collard green,1
green onion white and pale green parts only,1
oysters on the half shell,1
garlic herb cheese spread,1
cranberry orange gravy,1
confectioners sugar for dusting if desired,1
sheets frozen puff pastry,1
red onions with peel,1
bulbs fennel tops reserved,1
fat free garlic salad dressing,1
spiced gouda cheese,1
chili without beans such as skyline chili,1
barbeque sauce such as marko s original smokin bbq sauce,1
smoked pork,1
green salsa such as bobby salazar s chile verde salsa,1
spring mix lettuce,1
garlic parmesan snack factory pretzel crisp,1
chipotle chile flake,1
plum vinegar,1
lamb stew meat cut into inch strip,1
pork sausage such as odom s tennessee pride,1
tomatoes and green chiles such as ro tel undrained,1
round yellow corn tortilla chip,1
non alcoholic pina colada mix,1
negro pasilla chile pepper,1
turkey salisbury steak,1
powdered honey,1
cinnamon flavored bear shaped graham cooky,1
for the seasoned flour,1
plain croissant,1
loaf round pumpernickel,1
loaf unsliced white bread,1
strawberry marshmallow fluff,1
strawberries hulled and cut into third,1
square sweet chocolate baking bar,1
frozen phyllo pastry thawed in refrigerator,1
loaf french bread cut lengthwise in half,1
ear leftover corn,1
prepared margarita cocktail,1
canned italian plum tomato,1
french bread toast,1
refried beans with jalapeno pepper,1
chi chi s burrito size flour tortilla,1
pimento cheese food,1
saffron threads crumbled,1
avocado from mexico pitted,1
kalbi style steak marinade,1
gulf shrimp,1
pickled okra rinsed and,1
virginia ham,1
high quality dark chocolate broken into inch piece,1
mayonnaise such as trader joe s real mayonnaise,1
salami rolled,1
squash cut into inch slice,1
chilled ketchup such as heinz,1
hulled strawberries coarsely,1
spreadable cream cheese,1
spinach and cheese tortellini such as ronzoni ricotta and spinach,1
broken salted pretzel,1
sauerkraut and drained,1
naval orange and cut into piece,1
of garlic,1
spicy nacho cheese sauce,1
hot pork sausage,1
pico de gallo seasoning,1
additional cocktail sauce for dipping,1
asian style hot sauce,1
frozen broccoli florets thawed and drained,1
cottage ham,1
garlic flavor bite size bagel chip,1
coarsely rosemary,1
to pound cut up whole chicken,1
kraft queso quesadilla cheese with a touch of philadelphia,1
poblano chile lengthwise seeded and,1
drained giardiniera pickled carrot,1
artichoke hearts quartered,1
turkey pepperoni such as hormel,1
smoked bluefish,1
coarsely coriander seed,1
green plantains and inch,1
chickpeas undrained,1
veggies such as carrot and celery stick,1
potato pancake mix,1
helix snails without shell,1
asian bean thread vermicelli noodle,1
firmly greens such as spinach chard,1
light brown sugar lightly,1
artichoke hearts with hard leaf tips removed,1
dill pickle spear seeded and,1
great northern,1
chive blossoms for garnish,1
and shallot,1
ritz everything cracker,1
slices day old sourdough french bread,1
cucumbers cut lengthwise in half seeded,1
tomatillos husked and rinsed,1
pinch kosher salt plus more to taste,1
juice from one lemon,1
refrigerated caramel roll,1
sea salt for finishing,1
quart chicken broth carton,1
cheerios protein oats honey cereal,1
candy coated chocolate covered peanut candy,1
freshly parmigiano cheese,1
rinsed drained canned black bean,1
spinach squeezed dry and,1
eggplants and quartered,1
fire red pepper,1
sweet spanish onion,1
gallon goat s milk,1
great northern beans drained reserve liquid,1
sun tomatoes drained and,1
multigrain baguette cut into inch slices on the bia,1
red raspberry preserves such as smucker s,1
wild alaskan salmon,1
green chiles and seeded liquid reserved,1
salami cut into pieces each,1
whole green bean,1
black cherry balsamic vinegar,1
green pear cored and,1
freshly cilantro plus more for garnish,1
mexican style hot sauce to taste,1
artichoke hearts drained and mashed,1
frozen phyllo tart cup,1
little smoked cocktail sausage,1
plums quartered,1
chipotle cream sauce,1
frozen chicken thigh,1
mesquite flavored seasoning,1
bottles barbeque sauce such as sweet ray s,1
shichimi togarashi japanese seven spice,1
frozen edamame thawed,1
hass avocados and,1
liverwurst sausage,1
spinach artichoke dip such as tgi friday s,1
berry flavored syrup,1
pitted black olives drained and coarsely,1
pitted green olives drained and coarsely,1
meat from rotisserie chicken,1
bourbon whiskey such as maker s mark,1
costeno amarillo chile pepper,1
bulb fennel and thickly,1
meatloaf mix beef veal pork,1
belgioioso romano cheese,1
belgioioso mild provolone cheese slice,1
baguette cut into slices split,1
sun tomatoes very,1
dry hollandaise sauce mix,1
breaded tofu,1
dry fine whole wheat bread crumb,1
thyme crumbled,1
final assembly,1
chilled shrimp,1
chilled tomato and clam juice cocktail such as clamato,1
mushrooms tough end,1
box honey graham cereal such as golden graham,1
box crispy rice cereal squares such as rice chex,1
round inch diameter round brie cheese,1
kombu seaweed such as emerald cove,1
chickpeas garbanzo beans drained and mashed with fork,1
capers in brine and drained,1
good quality smoked salmon,1
crabmeat flaked and cartilage removed,1
bottom round roast cut into inch slice,1
weiners cut into bite size piece,1
italian eggplant,1
fully pork,1
tub philadelphia less fat than cream cheese,1
ritz reduced fat cracker,1
cranberry sauce warmed,1
fancy lump crabmeat well drained and picked through for cartilage,1
zest of one lemon,1
cracked pepper to taste,1
inch x inch strips red bell pepper,1
x inch sourdough bread slice,1
sweet bread roll,1
fish sauce such as thai kitchen,1
hot chili sesame oil,1
seafood breader such as house autry original,1
green hulled pumpkin seeds pepita,1
frozen pepper and onion stir fry vegetable blend,1
psyllium husk,1
zucchini flower,1
mild white cheddar cheese such as vermont white cheddar,1
bite size square cheese cracker,1
cheese popcorn,1
fluid ounces italian dressing,1
green giant broccoli cheese veggie tot,1
idahoan buttery golden selects flavored mashed potato,1
louisiana style hot pepper sauce,1
red chile stemmed and most seeds discarded,1
frozen vegetarian bacon strip,1
carton yogurt with berry,1
apricots cut into inch dice,1
pistachios coarsely,1
crystallized ginger cut into piece,1
white chocolate chips or bar cut into dice,1
seafood cocktail sauce,1
real maple syrup fine light grade,1
inch french baguette cut into inch slice,1
garlic flavored spaghetti sauce,1
chipotle chile peppers in adobo sauce,1
honeydew melon and,1
cantaloupe and,1
skin on chicken piece,1
for the mango couli,1
jamaican hot pepper sauce,1
for the summer roll,1
vietnamese spring roll wrappers rice paper,1
ocean greens sea vegetable,1
hearts of palm cut into inch stick,1
liquid from the jar of jalapeno pepper,1
korean soju,1
popcorn chicken piece,1
smoked oyster,1
queso chanco or swiss cheese,1
salami casing removed,1
bottle prepared barbecue sauce,1
lobster meat drained and flaked,1
low fat french vanilla yogurt,1
chunky tomato sauce such as prego,1
assorted snack cracker,1
kettle potato chip,1
tomatoes and coarsely,1
round gyoza potsticker wrapper,1
hot dogs into pieces each,1
leaves sweet basil,1
mini mozzarella ball,1
aunt sue s unfiltered honey plus more to finish,1
chives plus chive batons to garnish,1
bush s black beans rinsed and drained,1
fruit apples berries pear,1
somen noodle,1
capers plu,1
mixed olives with pit,1
gallon tomato juice,1
lightly sharp cheddar cheese,1
lightly freshly parmesan cheese,1
cannellini white kidney beans drained and mashed,1
canned whole green chile,1
artichokes and chokes removed,1
caramelized sugar,1
tortilla crisp,1
seasoned salt eg lawry s,1
brickle dip,1
poblano chiles seeded and coarse,1
bite sized pretzel,1
parmesan flavored goldfish cracker,1
bite sized garlic flavored bagel chip,1
plantains ends cut off and peels removed,1
blended strawberry yogurt,1
vegetable oil spray,1
four cheese pasta sauce such as classico,1
mild italian sausage such as johnsonville,1
pink grapefruit and membranes removed,1
pizza crust homemade from a can,1
spinach stems removed leaves torn into bite size piece,1
cilantro with root,1
mccormick french onion dip seasoning mix,1
slices baguette,1
cola flavored carbonated beverage such as coke,1
kale stems removed and leaves ripped into bite size piece,1
salt and cracked pepper to taste,1
pimento slice,1
puppy chow,1
links lop chong chinese style sausage,1
athenos traditional crumbled feta cheese,1
tub philadelphia garden vegetable less fat than cream cheese,1
sheets frozen phyllo dough x thawed,1
pimento drained,1
red sockeye salmon,1
teriyaki ginger chicken meatball,1
stick butter cut into inch cube,1
sourdough crouton,1
green chutney,1
shrimp shelled deveined and,1
kucai chinese chives cut into inch piece,1
hush puppy mix,1
oat cereal ring,1
white mushrooms stems removed and,1
summer squash cut into inch piece,1
dry vegetable dip mix,1
cacho de cabra pepper,1
style cream cheese with pineapple,1
cold pack aged sharp cheddar cheese such as maclaren s imperial sharp cold pack cheddar cheese product,1
sheet frozen pre rolled puff pastry sheet,1
cracker barrel habanero heat cheese,1
poblano chiles stemmed,1
black olives drained and liquid reserved,1
servings ounce sleeves buttery round cracker,1
vegetarian burger patty,1
chocolate covered peanuts such as m m s,1
cauliflower floret stem removed,1
sweet and sour chutney,1
prepared thai sweet chili sauce,1
pretzel bit,1
slim pretzel,1
crusty roll,1
avocado and slightly mashed,1
drained canned white hominy,1
tilapia cut into inch piece,1
bibb,1
frilled toothpick,1
thickly deli margherita genoa,1
drained sun tomatoes in oil,1
smoked provolone,1
pitted calamata olive,1
kosher dill pickle chip,1
belgioioso mozzarella ciliegine cheese,1
pickled sweet cherry pepper,1
jumbo,1
low sodium buttery round cracker,1
smoked deli ham cut in half,1
mixed yellow and white corn,1
mexican style tomatoes and green chilies with cilantro and lime juice such as ro tel drained,1
fully pulled pork without the sauce,1
maui sweet onion,1
creole style butter injectable marinade such as tony chachere s garlic herb marinade,1
sourdough english muffins split,1
chick peas garbanzo beans rinsed and drained,1
razor clam,1
julienne cut basil,1
chile ginger sauce,1
shrimp with tails intact,1
lemon grass tough outer stalks removed and inner stalk,1
buffalo style hot pepper sauce such as tabasco,1
seasoned tomato,1
milk chocolate toffee bit,1
purchased cinnamon bun,1
pita breads split,1
bittersweet chocolate such as ghirardelli,1
white chocolate chips such as ghirardelli,1
irish stout beer such as guinness extra stout room temperature and foam skimmed off,1
swiss chocolate cake mix such as duncan hine,1
turkey style bacon,1
coarsely salad greens iceberg romaine etc,1
coarse sea salt such as diamond crystal,1
bag chocolate chips at least cocoa,1
avocado dressing,1
lemon peels cut into inch strip,1
zucchini and cut into dice,1
prepared inch pastry shells and cooled,1
wheat flour plu,1
marinated mozzarella cheese,1
leaves chard,1
head lettuce torn,1
parsley and mint,1
white pita breads inch cut in half warmed,1
dry unseasoned bread crumb,1
vanilla flavored confectioners candy coating,1
jell o pumpkin spice flavor instant pudding,1
envelope dream whip whipped topping mix,1
bottle red table wine,1
broken mushroom,1
grainy french mustard such as moutarde de meaux,1
macaroni and cheese dinner mix such as kraft,1
tangy coconut and chili vindaloo sauce such as maya kaimal,1
white cheddar cheese such as babybel,1
sweet dough,1
reduced fat margarine such as smart balance,1
shucked clams with liquid,1
twinky,1
flank steak cut into inch square,1
pecan shortbread cookies such as keebler sandy,1
canning jars with lid,1
squares unsweetened baking chocolate such as baker s,1
pumpkin and mashed,1
semi sweet chocolate squares coarsely,1
fajita seasoning such as fiesta,1
fluid ounce bottles tzatziki sauce,1
matzo cake flour,1
bar toblerone swiss milk chocolate coarsely,1
day old french bread cut into inch cube,1
japanese mayonnaise,1
chili seasoning mix such as french s chili o original seasoning mix,1
kaiser rolls split and heated,1
golden vanilla cake mix,1
green zucchini cut in half lengthwise and into inch slice,1
black beans with green chilies drained,1
seeded and guava,1
fully deli ham,1
whipped pineapple cream cheese,1
nonfat spicy refried bean,1
yams and cut into inch piece,1
coconut amino,1
conversation heart candies such as necco,1
pink sprinkle,1
apple and core cut out,1
chicken flavored stuffing mix such as stovetop,1
irish cream flavored non dairy creamer liquid,1
green gel food coloring,1
blue gel food coloring,1
purple gel food coloring,1
homemade salsa,1
hamburger bun top,1
hamburger bun bottom,1
vanilla beans split lengthwise and seeds scraped,1
chocolate liqueur such as godiva,1
mint chocolate chips such as hershey s,1
white candy melts confectioners coating,1
smoked turkey carcass,1
round sandwich roll,1
habanero based hot sauce such as backdraft fire sauce,1
barbeque rub such as great american spice co pit master,1
beans undrained,1
skillet chicken and quinoa,1
red candy coated milk chocolate pieces such as m m s,1
coarsely pumpkin seed,1
friendship fruit starter,1
pink gel food coloring,1
cut up vegetable,1
melted coconut oil,1
campbell s condensed cream of potato soup,1
squares unsweetened baking chocolate such as baker s melted,1
chocolate covered caramel candies such as hershey s kisse,1
polenta pasta,1
unsweetened vanilla almond breeze almondmilk,1
rib rub,1
brown sugar light,1
zucchini and lengthwise,1
jell o lime flavor gelatin,1
jell o strawberry flavor gelatin,1
bars milk chocolate coarsely,1
golden sauce,1
bars milk chocolate candy bar such as hershey s broken into square,1
graham crackers such as honey maid,1
miniature white chocolate chips such as nestle toll house,1
coarse sugar crystals for sprinkling,1
assorted candy,1
cherry peppers in brine such as peppadew,1
cod fillets cut into inch piece,1
reduced sodium condensed cream of chicken soup,1
german sweet chocolate chip,1
dense white bread,1
queso fresco cheese,1
chocolate fudge cake mix with pudding such as betty crocker triple chocolate fudge cake mix,1
cream cheese flavored frosting such as betty crocker rich and creamy,1
creme de menthe candy flavoring such as wilton,1
dark chocolate and mint chips such as nestle toll house dark chocolate and mint morsel,1
crispy apple,1
seeded and yellow squash,1
unsweetened chocolate coarsely,1
purchased refrigerated cookie dough,1
smithfield peppercorn garlic seasoned pork sirloin roast cut into inch cube,1
vanilla rum,1
yellow summer squash cut into spirals using a spiral slicer,1
peaches no sugar added drained juice reserved,1
pod cardamom seed,1
peanuts skins removed,1
tea biscuits such as marie biscuit,1
caster superfine sugar,1
leg of lamb boned and butterflied to a more,1
bananas and dipped in,1
turkey drippings from turkey,1
lemon flavored gelatin,1
multi colored sprinkles as needed,1
giblets neck and clipped wing tips from turkey,1
bulgarian style buttermilk,1
blackberry jam at room temperature,1
smithfield garlic herb seasoned loin filet,1
pepperoni cut into bite sized piece,1
reddi wip prepared frosting ice cream topping,1
sprinkle suggestion,1
candy sprinkles nuts coconut fruit candy piece,1
apricot halves drained with juice reserved,1
turnip and cut into bite size piece,1
asparagus inch tips only,1
coarsely mixed peppercorn,1
corned beef hash,1
chocolate fettuccine,1
chocolate ice cream topping,1
hot enchilada sauce,1
topping and filling,1
curly endive frisee,1
scallions white part only,1
any shape pasta such as penne,1
extra moist cake mix any flavor,1
cinnamon raisin bread crusts removed cut into inch cube,1
rum sauce,1
snack factory gluten free original pretzel crisps mini,1
asian chili sauce sriracha sauce,1
purchased peanut sauce,1
almond or soy,1
lucky leaf premium blueberry fruit filling,1
vermicelli rice noodle,1
bottle chili sauce such as heinz,1
ready to bake pie shell,1
dry sugar cookie mix,1
warm beef stock,1
quarts clam juice,1
yellow apples and,1
topping suggestion,1
bag birds eye recipe ready tri color pepper onion blend,1
tub philadelphia indulgence milk chocolate,1
mexican style chorizo,1
quart strawberry ice cream softened,1
white tapioca pearl,1
taro root and cut into inch cube,1
rock sugar candy,1
turkey legs without skin,1
rosewater to taste,1
honey nut oat cereal such as honey nut cheerio,1
cold land o lakes butter cut into piece,1
sanding sugar,1
refrigerated fully chicken breast strip,1
swanson chicken stock heated,1
orange marmalade warmed,1
thai chilies serrano,1
fajita seasoning to taste,1
aji peruvian pepper,1
butt end smoked ham,1
unsweetened lemonade flavor drink mix such as kool aid,1
strong brewed vanilla hazelnut tea such as yogi,1
beans in tomato sauce,1
sugar free instant vanilla pudding mix such as jell o,1
coarsely broken soda cracker,1
unsweetened vanilla flavored almond milk such as almond breeze,1
chilled mango,1
unsweetened canned pumpkin puree,1
english muffins cut into inch dice,1
strawberries cut into inch piece,1
cake flour more as needed,1
red and green sprinkles jimmy,1
balls of buffalo mozzarella,1
parmesan cheese rind,1
canned whole chestnuts drained,1
high quality white chocolate,1
powdered red food coloring,1
very peppermint candy,1
ladyfingers lightly,1
inch size italian pizza crust,1
hillshire farm beef smoked sausage,1
scoops ice cream different flavor,1
chocolate flavor nestle nesquik syrup,1
coarsely unpeeled pear,1
and salted sunflower seed,1
pkg serving size instant vanilla pudding mix,1
envelope dry italian style salad dressing mix,1
greek style vinaigrette with feta,1
greek seasoning to taste,1
wheat pie crust,1
turkey breast with skin,1
salt free garlic and herb seasoning blend such as mrs dash,1
italian style salad dressing such as wishbone,1
squares white chocolate melted,1
envelope spaghetti sauce seasoning mix,1
salted chocolate orange sauce,1
fluid ounces orange juice concentrate undiluted,1
and bananas frozen,1
reduced fat graham cracker pie crust,1
bittersweet chocolate cacao,1
steak seasoning such as kc masterpiece steak seasoning with garlic,1
rhubarb stalks only inch,1
frozen crowder pea,1
red gold vegetable juice from concentrate,1
pinto beans according to package direction,1
strawberry puree made from frozen sweetened strawberry,1
heavy clay bricks wrapped tightly in aluminum foil,1
lorna doone shortbread cooky,1
favorite barbecue seasoning rub,1
chili seasoning blend,1
hot dogs cut in quarters crosswise,1
bag salad green,1
pkg serving size jell o brand strawberry flavor gelatin,1
loaf pound cake cut into slice,1
mandarin oranges undrained,1
quart lukewarm water,1
snipped rosemary,1
pork top loin roast single loin,1
swedish arrack punsch,1
coconut lightly,1
grape jam,1
recipe kentucky fruit filling,1
nuts flaked coconut chocolate sprinkles colored sprinkles unsweetened cocoa powdered sugar,1
marbled colby monterey jack cheese,1
pink decorator sugar,1
mesquite smoked turkey breast,1
canned pineapple juice,1
inch asparagu,1
king arthur gluten free flour,1
coconut flavoring for stronger flavor,1
splash of orange juice,1
marrons glaces candied chestnut,1
marrons glace candied chestnut,1
sirloin cut into inch slice,1
dreyer s slow churned peppermint ice cream,1
red leaf lettuce rinsed and torn,1
brownies crumbled,1
sirloin cold,1
cabbage for garnish,1
pizza sauce or marinara sauce,1
prepared pancake mix,1
sourdough bread cube,1
and orange,1
unsalted almond butter,1
japanese style bread crumbs panko,1
skirt steak and cut into inch wide strip,1
slab bacon with rind removed,1
melt buttery spread melted over low heat,1
erythritol such as now food,1
vanilla stevia extract,1
frozen single pie crust,1
erythritol powdered,1
vanilla stevia,1
green grapes frozen,1
mustard powder such as keen s,1
pouches red decorating cookie icing,1
pouches white decorating cookie icing,1
red candy coated chocolate piece,1
crescent roll dough,1
sugar garnish,1
bag spicy cheese flavored cornmeal snack such as cheetos flamin hot,1
black beans rinsed and slightly,1
vegetable oil such as crisco for frying,1
milk chocolate morsel,1
vanilla sugar free yogurt,1
canned white frosting,1
pre made churros such as tio pepe s,1
inch tall peppermint candy cane,1
holiday sprinkle,1
stone whole white wheat flour,1
chili mixture,1
blueberry cream,1
broccoli and cheese flavored rice mix,1
assorted fruit flavored jell o mix,1
baguettes to inches crosswise and split,1
liver pate,1
cornbread crumbled,1
bitter almond,1
rhubarb about inch,1
store bought refrigerated pie dough at room temperature,1
champagne cake,1
ice cream cake,1
bunches watercress torn,1
beef marinade,1
barbeque chicken seasoning,1
coconut milk but very good,1
glazed doughnut,1
peaches not drained,1
yam and cut into wedge,1
beet and cut into wedge,1
garbanzo beans drained and coarsely,1
turkey chili without bean,1
fluid ounce can nestle carnation evaporated milk,1
heinz chili sauce chunky with sweet pepper,1
key limes zested and juiced,1
prepared green salsa,1
vanilla wafers crumbled,1
tablespoon teaspoon all purpose flour,1
hominy do not drain,1
birds eye recipe ready onions garlic,1
low calorie chocolate cake mix,1
banana nut coconut cake,1
banana nut frosting,1
hot red chile pepper donne sali,1
bread dough,1
miniature semi sweet chocolate morsel,1
additional reddi wip original whipped light cream and candy,1
prepared blue cheese dressing,1
scoops vanilla ice cream softened,1
italian style tomatoes such as hunt s tomatoes with basil garlic and oregano,1
tomatoes with juice such as hunt s,1
hot pork sausage such as jimmy dean,1
pink yellow and blue food coloring paste,1
strawberries partially frozen,1
unsweetened fruit flavored drink mix such as kool aid,1
kosher for passover vanilla flavoring,1
bag semisweet chocolate chips such as hershey s,1
bag milk chocolate chips such as hershey s,1
bag european blend salad green,1
crumb layer,1
berry layer,1
inner stalk of celery with leaf,1
cinnamon chip streusel,1
spiral zucchini,1
deli slices applewood smoked ham,1
bar semisweet baking chocolate,1
x pieces of parchment paper,1
cake flour plu,1
apples with peel cored and cut into wedge,1
buttermilk well shaken,1
kikkoman stir fry sauce,1
scallions cut into inch length,1
any color food coloring paste,1
korean red chili pepper flakes gochugaru,1
korean red chili pepper paste gochujang,1
bags chocolate chip,1
sweet sour slaw,1
smucker s chocolate sundae syrups ice cream topping,1
plain mustard,1
sugar cookie dough room temperature,1
prepared margarita mix,1
nilla vanilla wafer,1
maxwell house instant coffee,1
fat free caramel dip,1
rippled potato chip,1
wheat pita breads cut crosswise in half,1
pitted cherries in water,1
jelly beans in assorted color,1
sweet cocoa,1
canned tomato paste,1
slices hickory smoked bacon,1
marbled spice,1
grape flavored jell o mix,1
artichoke hearts water quartered,1
round wheat crackers such as dare breton original cracker,1
breaded pork chop,1
banana chilled,1
frozen potstickers with sauce such as ling ling potsticker,1
black olives liquid reserved,1
stick crisco baking sticks butter flavor all vegetable shortening,1
sandwich pepperoni,1
pillsbury funfetti garland green vanilla flavored frosting,1
well drained mashed beet,1
frozen passion fruit juice concentrate,1
bottle merlot wine,1
for the matzo ball,1
for the chicken soup,1
jalapeno cream cheese,1
johnsonville original bratwurst removed from casing,1
confectioner s sugar for dusting on top of cooled cake,1
biscuit mix e g bisquick,1
tub whipped cream cheese,1
cold parkay original stick,1
apples such as braeburn cored,1
pears in juice,1
peaches in juice,1
canned fava beans drained,1
frozen banana slice,1
chick pea flour,1
sukiyaki ingredient,1
warm water to cover,1
pastry for single crust pie,1
bag rippled potato chips such as lay s wavy,1
cranberry applesauce,1
bottle hot red pepper sauce,1
hot fudge,1
green onion negi,1
mixed with,1
enoki mustrooms roots removed,1
yam noodles shirataki drained,1
dole pineapple well drained,1
dole carrot,1
head chinese cabbage cut into bite size piece,1
p te choux cream puff dough,1
light corn syrup such as crown lily white,1
chocolate sundae syrup such as smucker s,1
bars dark chocolate candy,1
pineapple chunks in heavy syrup,1
citrus flavored sparkling water,1
red plum jam,1
sugar free fruit flavored gelatin mix,1
carton campbell s creamy herb garlic with chicken stock soup,1
pint shucked oysters drained,1
smithfield cut bacon,1
bulk sweet italian sausage or links with casings removed,1
red apples cored,1
bag semi sweet chocolate chunks such as saco,1
box stuffing mix,1
semisweet chocolate for garnish,1
beer nut mix,1
caramel sundae syrup such as smucker s,1
low fat low sodium condensed cream of mushroom soup,1
butter such as kerrygold,1
chocolate covered raisins or plain raisin,1
long red chilli seeded if desired,1
patak s mild curry paste,1
ladyfinger cookies broken in half,1
steak marinade such as a marinades new york steakhouse,1
bread cut into inch piece,1
cajeta,1
lettuce leaves torn into inch wide strip,1
brownie mix without nut,1
cauliflower green,1
broccoli rabe and,1
rolls chocolate covered caramel candy,1
bar sweet chocolate,1
fully whole ham,1
orange essence plums prune,1
sea scallops cut into third,1
smucker s hot fudge microwaveable ice cream topping,1
parsley paste,1
aji chile,1
additional melted butter and sugar for garnish,1
flour tortilla cut into strips resembling tombstone,1
white confectioners coating white almond bark broken up,1
red onion ring,1
butterball original seasoned frozen turkey burger,1
fudge brownie mix such as duncan hine,1
canned figs with juice,1
sweet chili mayo,1
loaf,1
pitted bing cherries drained,1
submarine rolls split,1
prepared chocolate pie crust,1
fat free beef broth,1
walnuts pecan,1
melted not hot butter,1
kernel corn with pepper,1
bars white baking chocolate,1
vanilla bean whipped cream,1
creamy peanut butter such as jif,1
bag birds eye recipe ready green peppers onion,1
bars german sweet chocolate,1
onion wedge,1
oriental flavor ramen noodle soup mix,1
frozen california blend vegetable,1
chocolate covered raisin,1
sugar nut topping,1
french bread torn into piece,1
pitted and quartered plum,1
boxes long grain and wild rice mix,1
whole unsalted almond,1
cheese mixture,1
jarred,1
apple mixture,1
dry lemonade mix,1
yellow apples cored and,1
bars ruth candy bar,1
chocolate hazelnut truffles such as ferrero rocher,1
boston pork butt roast,1
bottles red food coloring,1
white wheat flour,1
chocolate extract,1
multicolored candy sprinkles jimmy,1
reduced salt chicken broth,1
sour cream not reduced fat,1
fluid ounce can frozen margarita mix such as bacardi thawed,1
french style green beans undrained,1
white chocolate mousse,1
graham cracker crumbs such as keebler,1
madagascar vanilla bean,1
lemon zest plus more for icing,1
fat free italian dressing,1
fl oz can chunk chicken,1
bananas crosswise and then lengthwise,1
lumpia wrappers defrosted,1
chickens skinned and of fat,1
scoops frozen yogurt,1
joconde biscuit,1
coffee buttercream,1
clear plastic latex free disposable glove,1
butter flavored microwave popcorn popped,1
twist ty,1
plastic insect,1
cherry flavored sweetened cranberries such as cherry flavor craisin,1
orange unpeeled,1
pam for baking spray,1
slices prosciutto cut into half,1
ice water plus more as needed,1
apple and cut into inch slice,1
stevia extract in the,1
fun size bars milk chocolate covered caramel and nougat candy,1
serving crisco original no stick cooking spray,1
very cold evaporated milk,1
chocolate malt powder,1
bell peppers any color stems and seeds removed,1
inch steak fillet,1
mai fun angel hair rice noodle,1
refrigerated pie crust from ounce package,1
coconut macaroon filling,1
bottle tequila lime marinade,1
servings hot dog,1
green candied pineapple,1
sandwich bread cut into round,1
leftover roast beef chuck,1
little wiener,1
bag split pea,1
and seeded cucumber,1
honey sriracha glaze,1
hot wide noodles such as tagliatelle,1
seeded roma plum tomato,1
pre cornmeal,1
unseasoned tomato sauce,1
juice from canned jalapeno pepper,1
multigrain tortilla chip,1
caribbean jerk marinade,1
thickly white onion,1
jalapeno chili,1
red peppers in oil with garlic,1
aji nori furikake seasoned seaweed and sesame rice topping,1
sesame seed burger bun,1
head romaine lettuce leaf,1
flank steak cut into bite size piece,1
sister schubert s mini loaf thawed,1
pinch black pepper,1
pretzel sticks broken in half,1
bite size cheddar cheese cracker,1
shelled lobster tail,1
mushrooms stems removed and,1
black mission figs lengthwise,1
french onion bouillon,1
ring bologna and into chunk,1
refrigerated reduced fat biscuit dough torn into piece,1
fruit cocktail drained and fine,1
cucumber wasabi dip,1
pepperoni sausage stick,1
garbanzo beans half the liquid reserved,1
snow crab drained,1
jalapenos drained,1
vidalia sweet onion,1
cherries pitted and coarsely,1
spanish peanuts with skin,1
seeded watermelon do not puree,1
width rice vermicelli noodle,1
bite size chunks pineapple,1
red gel food color,1
betty crocker gluten free devil s food cake mix,1
betty crocker rich creamy cream cheese frosting,1
portobello mushrooms cut into quarter,1
refrigerated bread dough,1
red enchilada sauce such as old el paso,1
tex mex style tomato,1
italian bread roll,1
bulk hot italian pork sausage,1
assorted crackers for dipping,1
bunches dino kale cut into inch piece,1
halibut fillets cut into inch cube,1
sea scallops cut into piece,1
very,1
instant oat,1
frozen edamame soybeans in their pod,1
avocado lengthwise into piece,1
loaf french bread cut in half lengthwise,1
hot bean dip such as fritos brand,1
cubanella pepper,1
leftover steelhead trout,1
blueberry gastrique,1
vine ripened tomatoes cut into inch piece,1
sugar snap peas and,1
japanese wasabi powder,1
green bean fry,1
and deveined extra shrimp,1
overripe tomato,1
tyson and ready fully refrigerated chicken breast strip,1
heads bok choy in inch sections green leaves intact,1
recipe pastry for double crust pie inche,1
mexican style tomato sauce,1
slab back pork rib,1
pint vanilla frozen yogurt,1
white almond bark broken in half,1
lollipop sticks from a craft,1
unsalted and almond,1
apples and into inch cube,1
sheets pie crust pastry,1
brussels sprouts cut into inch slice,1
banana cupcake,1
split peas picked over,1
half and half warmed,1
thickly button mushroom,1
bulk sage flavored pork sausage,1
quart milk scalded,1
pitted and castelvetrano olive,1
bulb fennel cut into inch sliver,1
red onion chunk,1
black string licorice,1
red miniature candy coated chocolate piece,1
sister schubert s parker house style rolls into section,1
green beans cut into inch pieces and blanched,1
additional cheddar cheese,1
salsa drained of excess juice,1
ladyfingers crumbled,1
bag dole all southwest salad kit,1
corn tortillas approx inche,1
links chorizo sausage such as johnsonville,1
envelope hot taco seasoning mix,1
unbaked refrigerated single inch pie crust,1
roma plum tomatoes and seeded,1
green zucchini thickly,1
pickled jalapeno peppers with juice,1
mild harissa paste,1
asian sweet chile sauce such as mae ploy sweet chilli sauce,1
turkish bay leaf,1
sour cream and chive dip,1
cocktail size smoked link sausages such as hillshire farm lit l smoky,1
sunkist,1
clamato original,1
ham shank,1
cream of chicken soup such as campbell s,1
granny smith apples cored and into very round,1
refrigerated buttermilk biscuit dough separated and each portion cut into quarter,1
hoagie rolls torn into pieces for dipping,1
pressurized canned cheddar cheese spread,1
taco seasoning mix such as lawry s,1
imitation crabmeat cut into inch piece,1
bottle thousand island salad dressing,1
packaged corned beef,1
ling cod fillet,1
cocktail rye bread quartered,1
chicken spread,1
bagels cut into inch slice,1
vine ripened tomatoes cut into inch slice,1
diagonally pieces baguette,1
flaked salt to taste,1
crumbled leftover stuffing,1
refrigerated flaky biscuits such as pillsbury grand,1
stewed strawberry,1
flour tortillas each cut into triangle,1
radishes cut into inch chunk,1
strawberry cheesecake flavored yogurt such as yoplait,1
thickly zucchini,1
white hamburger bun,1
loaf processed cheese i e velveeta,1
loaves round pumpernickel loaf,1
bone in pork shoulder blade roast,1
dry barbeque rub,1
hard eggs and in half lengthwise,1
wonton wrappers cut into triangle,1
pickled beets juice only,1
frozen hash brown potatoes with peppers and onion such as ore ida potatoes o brien,1
bottle creamy caesar salad dressing,1
box mini penne pasta,1
spaghettini spaghetti,1
cocoa powder such as fry s,1
artichoke hearts drained and cut into uniform bite size piece,1
cane vinegar,1
grain baguette,1
loaves french bread inch,1
crumbled tofu,1
chick peas drained and rinsed,1
garlic flavored hummu,1
bottled pepperoncini pepper,1
unpeeled cucumber,1
thousand island salad dressing such as kraft,1
jalapeno pepper including seed,1
tightly cilantro,1
day old baguette,1
artichoke hearts in oil,1
brie cheese round,1
eggplant and coarsely,1
button mushrooms stems removed,1
lemon including peel seeded and,1
summer squash the long way and seeded,1
loaf baguette cut into to inch slice,1
tomatillo husked and,1
bottle honey mustard barbecue sauce,1
refrigerated crescent rolls such as pillsbury grands big and flaky,1
coarsely black peppercorn,1
salsa such as pace,1
pitted black olives drained and quartered,1
t bone steaks at room temperature,1
idahoan garlic parmesan red,1
water artichoke heart,1
mixed vegetables broccoli,1
bottles hickory smoke flavored barbeque sauce,1
apple apricot preserve,1
vanilla protein powder such as muscletech whey protein plu,1
brewed sweet and spicy black tea such as good earth sweet spicy,1
tempeh cut into piece,1
frozen brussel sprout,1
golden beet and paper,1
fluid ounce bottle dark beer such as stout,1
cheese for serving,1
crackers for serving,1
pint shucked oysters and juice,1
chipotle chile in adobo sauce seeded,1
rib eye steak inch,1
roma tomatoes coarsely,1
old fashioned quaker oat,1
roast beef in gravy,1
leaf spinach cut into strip,1
dry cheddar broccoli rice mix,1
beet and paper,1
turnip and paper,1
parsnip and paper,1
deli margherita deli genoa salami,1
paprika for dusting,1
black olives drained and cut in half horizontally,1
mango and inch,1
prosciutto cut into chunk,1
sesame oil for brushing,1
escargots drained,1
blue crab meat,1
whole wheat saltine cracker,1
green beans drained juices reserved,1
hard eggs quartered and,1
artichoke hearts drained and excess juice squeezed out,1
bbq spice rub,1
ghirardelli caramel flavored baking chip,1
seasoning blend such as everglades seasoning,1
leaves whole radicchio leaf,1
refrigerated cheese ravioli about,1
warm marinara sauce for dipping,1
kosher dill pickles patted dry,1
kimchi cut into strip,1
log of goat cheese,1
cherry tomatoes cut in half on the diagonal,1
precooked breakfast sausage link,1
coarsely sweetened cranberry,1
whipped chive and onion cream cheese spread,1
granny smith apple into inch round,1
red apple such as paula into inch round,1
fleur de sel sea salt to taste,1
loaf bread thickly,1
yellow saffron rice,1
hot sauce such as texas pete,1
homemade mayonnaise,1
bunches kale washed and,1
chickpeas garbanzo beans drained with cup of the liquid reserved,1
tomato lentil couscous mix,1
lemon cream sauce,1
slices sandwich bread crusts removed,1
coleslaw mix cabbage and carrot,1
italian plum tomatoes seeded if desired,1
boxes frozen spinach thawed and squeezed dry,1
pre mini phyllo dough shell,1
carrots with greens still attached,1
radishes with green,1
stalks celery hearts with leaf,1
grape leaves in brine,1
fillets catfish cut into inch piece,1
hickory bacon flavored salt,1
tupelo honey,1
broth from oxtail,1
rye meal pumpernickel flour,1
untoasted walnut half,1
untoasted pecan half,1
unsalted dry almond,1
sweetened honey corn and oat cereal,1
bear shaped graham cooky,1
rice chex corn chex,1
spring green lettuce,1
mini wonton wrapper,1
mozzarella balls drained,1
deli margherita deli hard salami,1
margarita mortadella,1
margherita pepperoni,1
bottled red and or yellow bell pepper,1
stuffed green olives anchovy almond garlic,1
belgioioso unwrap roll mozzarella sheet,1
italian,1
oscar mayer butcher cut applewood smoked bacon crumbled,1
sugar free lemonade flavored drink mix such as crystal light,1
bear meat,1
red candied pineapple,1
candied pineapple ring,1
water chestnuts drained and quartered,1
bottle bottled coleslaw dressing,1
pillsbury moist supreme devils food premium cake mix,1
pillsbury creamy supreme chocolate fudge flavored frosting,1
yellow bell pepper strip,1
green bell pepper strip,1
yellow chili pepper preferably peruvian aji amarillo,1
tomatoes seeded and into strip,1
swanson tuscan chicken flavor infused broth,1
and parsnip,1
fluid ounce bottle pilsner style lager,1
creamy almond butter,1
applesauce such as mott s,1
fluid ounces whiskey and honey liqueur such as jack daniel s tennessee honey,1
reduced fat condensed broccoli cheese soup,1
herb seasoned chicken broth,1
struesel topping,1
duck dressed,1
bouquet garni of parsley and thyme,1
hot biscuits split,1
pheasant breast halves cut into strip,1
butter based wing sauce such as hooter,1
vanilla bean split lengthwise and,1
seasonal colored sprinkle,1
brown sugar glaze,1
bag frozen bell pepper strip,1
jamaican curry powder,1
frozen bite size seasoned potato nuggets such as crispy crown,1
for shortcake,1
lamb chops inch,1
bottle bottled bloody mary mix,1
pork flavored seasoning coating mix e g,1
mini peppermint patties quartered,1
leeks cut into inch chunk,1
oat cereal such as cheerio,1
sugar pumpkin cut in half,1
pie dough for a single crust pie,1
silk original,1
flaked coconut sweetened,1
loaf whole grain bread cut into inch cube,1
asiago cheese shaving,1
box caramel and coconut cookies such as girl scout samoa,1
eggs at room temperature lightly beaten,1
taiwanese pickled cucumbers with brine,1
soy sauce paste,1
unbaked cup volume deep dish pie shell,1
mini sweet peppers to inches long,1
truroots accents sprouted rice trio,1
maxwell house instant coffee original roast,1
dry red wine such as cabernet sauvignon merlot,1
cake flour such as swans down,1
orange juice strained,1
carnation breakfast essentials classic french vanilla powdered drink mix,1
grain puffed cereal such as kashi brand,1
brewed espresso coffee cooled,1
savoiardi biscuits ladyfinger,1
squares semisweet chocolate chip,1
korean soon tofu,1
banana into round,1
ice cold peach nectar,1
sheets frozen phyllo dough thawed,1
kielbasa sausage ring,1
salted potato chip,1
spicy chorizo casings removed and discarded,1
drained canned chicken,1
to assemble,1
unsweetened frozen raspberries blackberries blueberry,1
kosher salt as needed,1
nilla water,1
envelopes swiss miss simply cocoa dark chocolate hot cocoa mix,1
fully pork shoulder or other favorite barbecued meat,1
lamb roast drippings cooled to room temperature,1
coarse colored sugar,1
prepared dough for inch single crust pie,1
white daikon radish cut into inch matchstick,1
bar chocolate covered toffee bar,1
candy coated peanut butter piece,1
leftover scalloped potato,1
freshly black peppercorn,1
peaches with peel and pitted,1
bananas into inch round,1
unprocessed wheat bran,1
carrot cake cupcake,1
raspberries blackberry,1
asian bitter melon goya,1
hot picante sauce,1
mccormick lemon extract,1
inch round steaks cut into pieces and pounded,1
slices of sourdough baguette,1
lavender flower head,1
bone in pork chops inch,1
head bok choy cut into inch piece,1
eggplant cut into inch chunk,1
bottled balsamic salad dressing to taste,1
nestle toll house refrigerated chocolate chip cookie bar dough,1
coarsely assorted nestle candy such as ruth goobers butterfinger nestle crunch nestle raisinet,1
wild raspberry,1
low sodium chicken base such as better than bouillon,1
cheesecake flavor sugar free instant pudding mix,1
unsweetened cocoa powder for garnish,1
pint prepared coleslaw homemade,1
favorite barbecue sauce,1
pork loin rib chop,1
green cardamom pods lightly to remove seed,1
butterscotch pudding,1
prune cake,1
sunsweet amaz n prune juice,1
rolled oats such as quaker oat,1
italian cherry pepper,1
bars chocolate covered toffee bars frozen and,1
pint strawberries from top to bottom,1
fluid ounces nonfat evaporated milk,1
dietz watson deli ham coarsely,1
crustless white bread cubes inch piece,1
loaf processed cheese food i e velveeta,1
egg bun,1
freshly asiago cheese for topping,1
simple beef mixture,1
instant vanilla pudding and pie filling,1
non dairy whipped topping thawed,1
quart strawberries cleaned hulled and,1
bars milk chocolate covered caramel and nougat candy,1
nacho cheese flavored tortilla chip,1
garlic light cream cheese,1
frozen miniature phyllo shells thawed,1
pint citrus sorbet of your choice,1
gluten free baking mix,1
jalapeno sauce,1
unsweetened chocolate melted and cooled,1
sheet frozen puff pastry cut into four square,1
zucchini squashe,1
breakstone s reduced fat,1
leaves kale rinsed and,1
goya mojo chipotle,1
serving light adobo seasoning such as goya,1
maraschino cherries with stems drained,1
maple syrup for serving,1
lightly cilantro,1
chocolate hazelnut gelato,1
fine quality bittersweet chocolate,1
bananas quartered,1
quince cored and,1
quick cooking long grain and wild rice with seasoning packet,1
hatch green chile pepper,1
zucchini cut into inch chunk,1
hundred year egg,1
asparagus tough ends snapped off,1
nacho flavor tortilla chips into bite size piece,1
dark green savoy cabbage leaf,1
pepperidge farm garlic texas toast prepared as directed on package,1
mini chocolate candy coated easter egg,1
bouqet garni spice ball,1
link pork sausage with jalapeno pepper,1
canned peache,1
fruit flavored hard candy,1
swiss cheese such as sargento,1
chunky style pasta sauce such as prego,1
bamboo skewers soaked in water,1
round steak cut into inch slice,1
calf s liver skinned deveined and,1
pheasant meat,1
additional ketchup,1
bison dog,1
refrigerated crescent roll dough such as pillsbury recipe creation,1
macadamia nuts coarsely,1
prepared chocolate crumb crust,1
envelope dry whipped topping mix,1
tarragon leaves torn,1
strawberries stemmed and quartered,1
bone in pork chops inch to inch,1
caramels such as kraft caramel bit,1
chocolate such as candiquick,1
burger trimmings as desired including lettuce tomato,1
eggs separated whites beaten stiffly,1
cut smoked bacon,1
herbed mayonnaise,1
sun tomatoes in olive oil,1
for the shortbread crust,1
for the lemon layer,1
stewed tomatoes cut up,1
box spanish rice mix,1
bottle lager beer such as corona,1
loaf day old french bread broken into piece,1
and seasoned seaweed torn into inch piece,1
oscar mayer center cut bacon crumbled,1
chocolate hazelnut spread such as nutella melted,1
marshmallow cream such as marshmallow fluff melted,1
french vanilla flavored instant coffee granule,1
sweetened chestnut puree,1
grain white rice such as calrose,1
granola with nuts and raisin,1
low sodium canned luncheon meat such as spam cut into inch cube,1
rosemary flavored chocolate,1
meaty pork knuckle,1
salsa your choice of hotness,1
crisco baking sticks all vegetable shortening,1
dry mustard powder such as colman s,1
chocolate sandwich cookie crumb crust such as an oreo crust,1
quart coffee ice cream,1
inch slice beef shank,1
mini paper muffin cup,1
flank steak pounded until,1
unsweetened pomegranate juice,1
chocolate candy spheres with chocolate filling such as lindt lindor truffles refrigerated until cold,1
decorative candy eyeball,1
pitted green olives of liquid reserved,1
rump roast cut into cube,1
red raspberry preserve,1
lettuce as desired,1
old el paso taco seasoning mix from oz package,1
betty crocker supermoist yellow cake mix,1
frog s legs skin removed,1
glaze and garnish,1
dill pickle brine,1
additional candy sprinkle,1
extra long asparagus drained,1
slider rolls horizontally,1
quart sauerkraut,1
dry red wine such as carlo rossi paisano,1
cookie crust,1
sharp cheddar cheese such as tillamook,1
wheat based liquid seasoning such as maggi seasoning,1
day old white bread torn into piece,1
chocolate peppermint filling,1
cracker barrel part skim mozzarella cheese,1
boned skinned chicken breast half,1
flaked sea salt such as maldon,1
strong coffee made from instant is fine,1
rum dark,1
gallon coffee ice cream softened on microwave s defrost setting for minute,1
granny smith apple cut into dice,1
cranberry flavored gelatin mix such as jell o,1
center cut lamb leg steaks inch,1
green swiss chard,1
pinch of red pepper,1
loaves artisan bread cut into inch strips with crusts removed,1
chocolate sandwich cookies with extra creme filling such as double stuf oreo,1
gluten free chicken bouillon granule,1
italian prune plums pitted and left whole,1
sweet potato starch,1
shaoxing wine chinese rice wine,1
balsamic vinegar for drizzling,1
sandwich rolls partially split,1
ice water with ice cube,1
day old biscuits crumbled,1
foil wrapped milk chocolate pieces such as hershey s kisse,1
whipping cream whipped to peak,1
mandarin oranges drained and patted dry,1
prepared pastry dough for inch pie,1
leftover green bean,1
bar milk chocolate coarsely,1
pureed garlic,1
white chocolate almond bark broken into piece,1
peanut shaped sandwich cookies such as nutter butter,1
black and orange candy sprinkle,1
tubes decorating gel any color,1
sweet crust,1
deli roast pork loin,1
barbeque sauce plus more for basting,1
sugar free lime flavor jell o,1
celery try to include celery leaf,1
mayonnaise style sandwich spread with sweet pickle,1
cooking apples cored and,1
pimiento peppers with liquid,1
alligator meat cut into cube,1
butterfly pork chop,1
jalapeno and habanero peanut brittle such as klondike candy,1
