feature,value,type
calories,"[0.0, 4999.8]",numeric
prep_time,"[0.0, 1440.0]",numeric
cook_time,"[1.0, 4320.0]",numeric
total_time,"[1.0, 1440.0]",numeric
who_score,"[0, 3]",numeric
fsa_score,"[-9, 40]",numeric
cuisine,"['african', 'american', 'asian', 'european', 'fusion', 'latin', 'mediterranean', 'unknown']",category
difficulty,"['advanced', 'beginner', 'intermediate']",category
protein_content,"['high', 'low', 'medium']",category
fiber_content,"['high', 'low', 'medium']",category
fat_content,"['high', 'low', 'medium']",category
carbohydrate_content,"['high', 'low', 'medium']",category
sodium_content,"['high', 'low', 'medium']",category
cooking_method,"['bake', 'boil', 'braise', 'broil', 'fry', 'grill', 'poach', 'roast', 'sautee', 'simmer', 'sous_vide', 'steam', 'stew', 'stir_fry', 'unknown']",category
ingredients,"['absinthe', 'absolut kurant vodka', 'acini di pepe pasta', 'acorn squash', 'acorn squash and seeded', 'active dry yeast', 'adobo sauce', 'adobo sauce from chipotle pepper', 'adzuki bean', 'agar agar', 'agar agar flake', 'agave nectar', 'agave syrup', 'aged balsamic vinegar', 'aged cheddar cheese', 'aged white cheddar cheese', 'ahi', 'ahi tuna steak', 'aioli', 'ajinomoto', 'ajwain', 'albacore tuna in water', 'aleppo pepper', 'alfalfa', 'alfalfa sprout', 'alfredo sauce', 'alfredo sauce mix', 'alfredo sauce with parmesan cheese', 'alfredo style pasta sauce', 'alize red passion liqueur', 'all beef hot dog', 'all beef wiener', 'all purpose baking mix', 'all purpose baking mix such as bisquick', 'all purpose biscuit baking mix', 'all purpose dinner crepes batter', 'all purpose flour', 'all purpose flour for coating', 'all purpose flour for dredging', 'all purpose flour for dusting', 'all purpose white flour', 'alligator meat', 'alligator tail steak', 'allspice', 'allspice berry', 'almond', 'almond butter', 'almond flour', 'almond milk', 'almond paste', 'alphabet pasta', 'alphonso mango', 'alum', 'amaranth', 'amaranth flour', 'amaretti', 'amaretti cookie', 'amaretti cookie crumb', 'amaretti cooky', 'amaretto', 'amaretto di saronno liqueur', 'amchoor powder', 'amchur', 'amchur powder', 'american cheese', 'american cheese spread', 'american processed cheese', 'amish friendship bread starter', 'anaheim chile pepper', 'anaheim chily', 'anaheim pepper', 'ancho chile', 'ancho chile pepper', 'ancho chile powder', 'ancho chili pepper', 'ancho chily', 'ancho pepper', 'anchovy', 'anchovy filet', 'anchovy fillet', 'anchovy paste', 'and almond', 'and apple', 'and butternut squash', 'and carrot', 'and chicken', 'and cucumber', 'and deveined prawn', 'and deveined shrimp per pound', 'and macadamia nut', 'and mashed sweet potato', 'and pear', 'and potato', 'and pumpkin', 'and shrimp', 'and sweet potato', 'and tomato', 'and tomatoes drained', 'and tomatoes with juice', 'and whole crawfish tail', 'andouille sausage', 'andouille sausage link', 'anejo cheese', 'angel food cake', 'angel food cake mix', 'angel hair pasta', 'angelica', 'angostura bitter', 'anise oil', 'anise seed', 'anisette', 'annatto oil', 'annatto seed', 'another sweetener', 'any color food coloring', 'any flavor fruit jam', 'appenzeller cheese', 'apple', 'apple and', 'apple butter', 'apple cider', 'apple cider vinegar', 'apple cored and', 'apple jelly', 'apple juice', 'apple juice in a spray bottle', 'apple pie spice', 'apple ring', 'apple without peel', 'apples and', 'apples and cored', 'apples cored and', 'apples cored and with peel', 'applesauce', 'applewood smoked bacon', 'apricot', 'apricot chutney', 'apricot gelatin', 'apricot halves drained', 'apricot jam', 'apricot marmalade', 'apricot nectar', 'apricot preserve', 'apricot puree', 'apricots pitted and', 'aquavit', 'arbol chili powder', 'arborio rice', 'argan oil', 'argo corn starch', 'armagnac', 'aromatic bitter', 'arrowroot', 'arrowroot flour', 'arrowroot powder', 'artichoke', 'artichoke bottom', 'artichoke heart', 'artichoke hearts drained', 'artichoke hearts drained and', 'artichoke hearts drained and quartered', 'artichoke hearts in water', 'artichoke hearts in water drained', 'artificial sweetener', 'artificial vanilla flavoring', 'arugula', 'arugula leaf', 'asadero cheese', 'asafoetida powder', 'asiago cheese', 'asiago parmesan cheese', 'asian chile pepper sauce', 'asian chile pepper sauce such as sambal oelek', 'asian fish sauce', 'asian pear cored and', 'asian sesame oil', 'asparagu', 'asparagus', 'asparagus and coarsely', 'asparagus and cut into inch piece', 'asparagus cut into inch piece', 'asparagus drained', 'asparagus spear', 'asparagus spears and cut into inch piece', 'asparagus tip', 'assembly', 'assorted herb', 'at least beef', 'au gratin potato', 'aubergine', 'aunt jane s krazy mixed up salt', 'avocado', 'avocado and', 'avocado and pitted', 'avocado dip', 'avocado mashed', 'avocado oil', 'avocado pitted and', 'azuki bean', 'bacardi dark rum', 'back pork rib', 'bacon', 'bacon bit', 'bacon dripping', 'bacon fat', 'bacon grease', 'bacon slice', 'bacon strip', 'bag broccoli floret', 'bag chocolate chip', 'bag coleslaw mix', 'bag cranberry', 'bag mixed salad green', 'bag semi sweet chocolate chip', 'bag semisweet chocolate chip', 'bag tortilla chip', 'bagel', 'baguette', 'baharat', 'baharat aka middle east mixed spices the real mix', 'baileys irish cream', 'baileys original irish cream', 'baker s german s chocolate', 'baker s special dry milk', 'baker s yeast', 'baking apple', 'baking mix', 'baking mix such as bisquick', 'baking potato', 'baking powder', 'baking soda', 'ball', 'ball park hamburger bun', 'balsamic vinaigrette', 'balsamic vinegar', 'bamboo shoot', 'bamboo shoots drained', 'bamboo shoots drained and', 'bamboo skewer', 'bamboo skewers soaked in water for minute', 'bamboo toothpick', 'banana', 'banana and', 'banana broken into chunk', 'banana cream pudding and pie filling mix', 'banana cut in chunk', 'banana cut into chunk', 'banana extract', 'banana frozen and chunked', 'banana instant pudding', 'banana liqueur', 'banana pepper', 'banana pulp', 'banana rum', 'bananas and', 'bananas and frozen', 'bananas and lengthwise', 'bananas broken into chunk', 'bananas lengthwise', 'bananas mashed', 'barbecue sauce', 'barbecued chicken', 'barbeque sauce', 'barbeque sauce such as sweet ray s', 'barberry', 'barley', 'barley malt', 'barley malt syrup', 'barley miso', 'bars chocolate covered english toffee', 'bars chocolate covered toffee bar', 'basic cookie mix', 'basil', 'basil leaf', 'basil olive oil', 'basil pesto', 'basket cherry tomato', 'basmati rice', 'batter', 'bay leaf', 'bay leaf crumbled', 'bean soup mix', 'bean sprout', 'bean sprouts drained', 'bean thread', 'bean thread vermicelli', 'beans such as bush s original', 'bear shaped graham cracker', 'beau monde seasoning', 'bechamel sauce', 'beef', 'beef base', 'beef bones with marrow', 'beef bouillon powder', 'beef brisket', 'beef broth', 'beef burger', 'beef chuck', 'beef chuck roast', 'beef chuck shoulder pot roast', 'beef chuck steak', 'beef consomme', 'beef cube steak', 'beef dripping', 'beef eye of round roast', 'beef eye round', 'beef fat', 'beef flank steak', 'beef flavored rice a roni', 'beef frankfurter', 'beef gravy', 'beef kielbasa', 'beef liver', 'beef mince', 'beef oxtail', 'beef rib eye steak', 'beef roast', 'beef round rump roast', 'beef round steak', 'beef round tip steak', 'beef rump roast', 'beef schnitzel', 'beef shank', 'beef short ribs with bone', 'beef silverside', 'beef sirloin', 'beef sirloin steak', 'beef skirt steak', 'beef soup bone', 'beef steak', 'beef stew meat', 'beef tenderloin', 'beef tenderloin filet', 'beef tenderloin steak', 'beef tip roast', 'beef tongue', 'beef top loin steak', 'beef top round', 'beef top round steak', 'beef top sirloin', 'beef top sirloin steak', 'beef tri tip roast', 'beef with onion soup mix', 'beefsteak tomato', 'beer', 'beet', 'beetroot', 'beets and', 'beets drained', 'beets drained and', 'bel paese cheese', 'belgian endive', 'bell pepper', 'bella crimini mushroom', 'bella mushroom', 'berbere', 'bermuda onion', 'berry', 'berry blue gelatin mix', 'berry cranberry sauce', 'besan', 'besan flour', 'bibb lettuce', 'biscuit', 'biscuit baking mix', 'biscuit baking mix such as bisquick', 'biscuit mix', 'bison', 'bisquick', 'bisquick baking mix', 'bisquick reduced fat baking mix', 'bite size broccoli floret', 'bite size mozzarella cheese ball', 'bitter', 'bittersweet chocolate', 'bittersweet chocolate chip', 'bittersweet chocolate piece', 'black and red pepper blend', 'black bean', 'black bean sauce', 'black beans drained', 'black beans drained and rinsed', 'black beans rinsed and drained', 'black beans undrained', 'black caviar', 'black cherry gelatin', 'black cumin', 'black currant jam', 'black currant jelly', 'black currant liqueur', 'black eyed pea', 'black eyed peas drained', 'black eyed peas drained and rinsed', 'black eyed peas rinsed and drained', 'black eyed peas undrained', 'black eyed peas with jalapeno', 'black fig', 'black forest ham', 'black gram', 'black mission fig', 'black mustard seed', 'black olive', 'black olives drained', 'black olives drained and', 'black olives pitted and', 'black pepper', 'black pepper to taste', 'black peppercorn', 'black peppercorns coarsely', 'black plum', 'black raspberry', 'black rice', 'black salt', 'black sesame seed', 'black soy sauce', 'black soybean', 'black tea bag', 'black vinegar', 'black walnut', 'black walnut extract', 'blackberry', 'blackberry brandy', 'blanched almond flour', 'blended oatmeal', 'bleu cheese spread', 'bleu s minute easy pizza sauce', 'blue cheese', 'blue cheese crumble', 'blue cheese dressing', 'blue cheese salad dressing', 'blue corn tortilla', 'blue curacao', 'blue food coloring', 'blue potato', 'blueberry', 'blueberry gelatin', 'blueberry pie filling', 'blueberry vinegar', 'bocconcini', 'bock beer', 'boil in the bag rice', 'boiling onion', 'boiling potato', 'boiling water', 'boiling water to cover', 'bok choy', 'bone in chicken breast', 'bone in chicken part', 'bone in chicken piece', 'bone in chicken thigh', 'bone in chicken thighs with skin', 'bone in pork chop', 'bone in pork shoulder roast', 'bone in skin on chicken thigh', 'bonito flake', 'borage', 'borlotti bean', 'boston lettuce', 'boston lettuce leaf', 'boston pork roast', 'bottle barbecue sauce', 'bottle barbeque sauce', 'bottle beer', 'bottle catalina salad dressing', 'bottle champagne', 'bottle chili sauce', 'bottle clam juice', 'bottle dry white wine', 'bottle ginger ale', 'bottle ginger ale chilled', 'bottle italian salad dressing', 'bottle ketchup', 'bottle lemon lime flavored carbonated beverage', 'bottle ranch dressing', 'bottle ranch style salad dressing', 'bottle red wine', 'bottle vodka', 'bottle white wine', 'bottle zesty italian dressing', 'bottled chili sauce', 'bottled clam broth', 'bottled clam juice', 'bottled lemon juice', 'bottled water', 'bottlegourd', 'bottles barbeque sauce', 'bottles clam juice', 'bottom layer', 'bottom round beef roast', 'bottom round roast', 'bottom round steak', 'bouquet garni', 'bourbon', 'bourbon whiskey', 'boursin cheese', 'bow tie farfalle pasta', 'bow tie pasta', 'bow tie pasta farfalle', 'box barilla gluten free penne', 'box barilla gluten free spaghetti', 'box confectioners sugar', 'box couscou', 'box frozen spinach thawed and drained', 'box frozen spinach thawed and squeezed dry', 'box jumbo pasta shell', 'box penne pasta', 'box raisin', 'box yellow cake mix', 'braeburn apple', 'bran cereal', 'bran flakes cereal', 'brandy', 'brandy based orange liqueur such as grand marnier', 'bratwurst', 'bratwurst sausage', 'braunschweiger sausage', 'brazil nut', 'bread', 'bread and butter pickle juice', 'bread crumb', 'bread crumbled', 'bread crumbs seasoned', 'bread crusts removed', 'bread cube', 'bread flour', 'bread machine flour', 'bread machine quick acting active dry yeast', 'bread machine yeast', 'bread torn into piece', 'breadcrumb', 'breadfruit', 'breakfast sausage', 'breakstone s', 'breast milk', 'bresaola', 'brewed black tea', 'brewed espresso', 'brewer s yeast', 'brewers yeast', 'brick cheese', 'brie cheese', 'brine', 'broad bean', 'broad egg noodle', 'broccoli', 'broccoli coleslaw mix', 'broccoli cut into floret', 'broccoli floret', 'broccoli raab', 'broccoli rabe', 'broccoli slaw mix', 'broccoli sprout', 'broth', 'brown and serve sausage', 'brown and wild rice mix', 'brown basmati rice', 'brown cardamom pod', 'brown flour', 'brown gravy mix', 'brown lentils rinsed and drained', 'brown mustard', 'brown mustard seed', 'brown rice', 'brown rice flour', 'brown sugar', 'brown sugar firmly', 'brown sugar replacement such as splenda brown sugar blend', 'brown sugar twin', 'brownie mix', 'browning sauce', 'browning sauce such as kitchen bouquet', 'browny', 'brussels sprouts and', 'brussels sprouts and cut in half', 'brussels sprouts and lengthwise', 'bucatini pasta', 'buckwheat flake', 'buckwheat flour', 'buckwheat groat', 'buckwheat honey', 'buckwheat noodle', 'bud light beer', 'budweiser beer', 'buffalo wing sauce', 'bulb fennel', 'bulb garlic', 'bulbs garlic', 'bulbs shallot', 'bulgar wheat', 'bulgur', 'bulk breakfast sausage', 'bulk chorizo sausage', 'bulk hot italian sausage', 'bulk italian sausage', 'bulk kfc original recipe seasoning copycat', 'bulk mild italian sausage', 'bulk pork breakfast sausage', 'bulk pork sausage', 'bulk sausage', 'bulk spicy pork sausage', 'bulk taco seasoning mix', 'bumble bee solid white albacore tuna in water drained', 'bunches cilantro', 'bunches collard green', 'bunches green onion', 'bunches parsley', 'burger', 'burgundy wine', 'burrata cheese', 'burrito size flour tortilla', 'burrito size whole wheat tortilla', 'butter', 'butter bean', 'butter cake mix', 'butter flavored cooking spray', 'butter lettuce', 'butter lettuce leaf', 'butter or margarine', 'butter pecan ice cream', 'butterflied leg of lamb', 'buttermilk', 'buttermilk at room temperature', 'buttermilk baking mix', 'buttermilk biscuit mix', 'buttermilk room temperature', 'butternut squash and', 'butternut squash and seeded', 'butternut squash cube', 'butternut squash lengthwise and seeded', 'butterscotch chip', 'butterscotch pudding mix', 'buttery round crackers such as ritz', 'button mushrooms quartered', 'cabbage', 'cabbage and carrot coleslaw mix', 'cabbage coleslaw blend', 'cabbage leaf', 'cabernet sauvignon wine', 'cabrales cheese', 'cacao powder', 'cachaca', 'cactus piece', 'caerphilly cheese', 'caesar flavor crouton', 'caesar salad dressing', 'cajun seasoning blend such as tony chachere s', 'cajun seasoning such as tony chachere s', 'cajun style stewed tomato', 'cake', 'cake and pastry flour', 'cake compressed yeast', 'cake flour', 'cake mix with candy bits such as pillsbury funfetti', 'cake tofu', 'cake yeast', 'cakes compressed yeast', 'calabaza squash', 'california walnut', 'calrose rice', 'calvado', 'camembert cheese', 'campanelle pasta', 'campbell s condensed cream of chicken soup regular', 'campbell s condensed cream of mushroom soup', 'campbell s condensed cream of mushroom soup regular', 'campbell s condensed cream of mushroom soup regular fat free', 'canada dry ginger ale', 'canadian bacon', 'canadian cheddar cheese', 'canadian style bacon', 'candied citron', 'candied ginger', 'candied lemon peel', 'candied mixed citrus peel', 'candied mixed fruit', 'candied mixed fruit peel', 'candied orange peel', 'candied pineapple', 'candy cane', 'candy coated chocolate piece', 'candy coated milk chocolate piece', 'candy coated milk chocolate pieces such as m m s', 'candy corn', 'cane sugar', 'canned anchovy fillet', 'canned and tomato', 'canned artichoke bottoms in water', 'canned asparagu', 'canned black bean', 'canned black beans drained', 'canned black beans rinsed and drained', 'canned broth', 'canned cannellini', 'canned chick pea', 'canned chicken broth', 'canned chipotle chile in adobo sauce', 'canned chipotle pepper', 'canned chipotle peppers in adobo sauce', 'canned coconut milk', 'canned corn', 'canned corn niblet', 'canned cranberry', 'canned cranberry sauce', 'canned green chile', 'canned green chile pepper', 'canned italian tomato', 'canned jalapeno pepper', 'canned kidney bean', 'canned kidney beans drained', 'canned lychee', 'canned milk', 'canned mushroom', 'canned mushrooms drained', 'canned pea', 'canned peaches drained', 'canned pimiento', 'canned pineapple', 'canned pinto bean', 'canned plum tomato', 'canned potato', 'canned pumpkin', 'canned pumpkin puree', 'canned red kidney bean', 'canned sauerkraut', 'canned shrimp', 'canned stewed tomato', 'canned sweet potato', 'canned tomato', 'canned tomato sauce', 'canned tomatoes drained', 'canned tomatoes with their juice', 'canned unsweetened coconut milk', 'canned vegetable broth', 'canned whole cranberry sauce', 'canned whole kernel corn', 'canned whole tomato', 'cannellini', 'cannellini bean', 'cannellini beans drained', 'cannellini beans rinsed and drained', 'cannellini beans with liquid', 'canning jars with lids and ring', 'canning salt', 'canola oil', 'canola oil cooking spray', 'cantal cheese', 'cantaloupe', 'cantaloupe and seeded', 'cape gooseberry', 'caper', 'caper berry', 'caper juice', 'caperberry', 'capers drained', 'capers drained and rinsed', 'capers in salt', 'capers rinsed and drained', 'capers with liquid', 'captain morgan s spiced rum', 'carambola', 'caramel', 'caramel sauce', 'caramel swirl ice cream', 'caramel topping', 'caraway seed', 'carbonated water', 'cardamom', 'cardamom pod', 'cardamom powder', 'cardamom seed', 'carnaroli rice', 'carnation evaporated milk', 'carnation instant milk', 'carob powder', 'carrot', 'carrot curl', 'carrot food', 'carrot juice', 'carton beef stock', 'carton chicken broth', 'carton cottage cheese', 'carton low sodium chicken broth', 'carton sour cream', 'cartons chicken broth', 'cashew', 'cashew butter', 'cashew cream regular and', 'cashew half', 'cashew nut', 'cashew nuts paste', 'cassava', 'caster sugar', 'castor sugar', 'catalina salad dressing', 'catfish fillet', 'catfish fillets cut into inch piece', 'catsup', 'cauliflower', 'cavatappi pasta', 'cayenne', 'cayenne pepper', 'cayenne pepper sauce', 'cayenne pepper sauce such as frank s redhot', 'cayenne pepper to taste', 'cayenne powder', 'celeriac', 'celery', 'celery flake', 'celery leaf', 'celery powder', 'celery rib', 'celery root', 'celery seed', 'celery stalk', 'celery stick', 'celery with leaf', 'center cut pork loin roast', 'center cut salmon fillet', 'chai concentrate', 'chai tea', 'chai tea bag', 'chai tea mix', 'chai tea teabag', 'chambord raspberry liquor', 'champagne', 'champagne vinegar', 'champagne yeast', 'champignon mushroom', 'chanterelle mushroom', 'chard leaf', 'chardonnay wine', 'chayote', 'cheddar', 'cheddar and american blend cheese', 'cheddar and colby cheese', 'cheddar cheese', 'cheddar cheese powder', 'cheese', 'cheese curd', 'cheese filled tortellini', 'cheese flavored crackers such as cheez it', 'cheese ravioli', 'cheese tortellini', 'cheese whiz', 'cheesecake', 'cheesecake flavor instant pudding and pie filling', 'cheesecake flavor instant pudding and pie filling mix', 'cheesecloth', 'cherimoya', 'cherries in syrup', 'cherries pitted', 'cherries pitted and', 'cherry', 'cherry flavored jell o', 'cherry flavored jell o mix', 'cherry gelatin', 'cherry jell o', 'cherry juice', 'cherry pie filling', 'cherry preserve', 'cherry tomato', 'cherry tomato half', 'cherry tomatoes cut in half', 'cherry tomatoes quartered', 'cherrystone clam', 'chervil', 'cheshire cheese', 'chestnut', 'chestnut puree', 'chia seed', 'chicken', 'chicken back', 'chicken bouillon', 'chicken bouillon cube', 'chicken bouillon granule', 'chicken bouillon mix', 'chicken bouillon powder', 'chicken bouillon such as knorr', 'chicken breast', 'chicken breast cutlet', 'chicken breast fillet', 'chicken breast half', 'chicken breast halve', 'chicken breast strip', 'chicken breast tender', 'chicken breast tenderloin', 'chicken broth', 'chicken chunk', 'chicken cutlet', 'chicken drumette', 'chicken drumstick', 'chicken feet', 'chicken fillet', 'chicken flavored ramen noodle', 'chicken flavored vegetarian seasoning', 'chicken giblet', 'chicken gizzard', 'chicken gravy', 'chicken gumbo soup', 'chicken half', 'chicken leg', 'chicken leg quarter', 'chicken liver', 'chicken meat', 'chicken neck', 'chicken part', 'chicken piece', 'chicken portion', 'chicken sausage', 'chicken soup base', 'chicken stock', 'chicken stove top stuffing mix', 'chicken tender', 'chicken tenderloin', 'chicken thigh', 'chicken thigh fillet', 'chicken thigh piece', 'chicken wing', 'chickpea', 'chickpea flour', 'chickpea flour besan', 'chickpeas drained', 'chickpeas drained and rinsed', 'chickpeas garbanzo bean', 'chickpeas garbanzo beans drained', 'chickpeas garbanzo beans drained and rinsed', 'chickpeas garbanzo beans rinsed and drained', 'chickpeas rinsed and drained', 'chicory lettuce', 'chihuahua cheese', 'chile de arbol pepper', 'chile garlic sauce', 'chile garlic sauce such as sriracha', 'chile oil', 'chile pequin', 'chile powder', 'chile salsa', 'chile sauce', 'chili', 'chili bean', 'chili bean paste', 'chili bean sauce', 'chili beans in spicy sauce', 'chili flavored olive oil', 'chili garlic sauce', 'chili oil', 'chili pepper', 'chili pepper flake', 'chili powder', 'chili powder to taste', 'chili sauce', 'chili seasoning mix', 'chili with bean', 'chili without bean', 'chilled butter', 'chilled heavy cream', 'chilled unsalted butter', 'chily', 'chimayo chili powder', 'chinese barbecue pork', 'chinese barbecue sauce', 'chinese celery', 'chinese chili sauce', 'chinese eggplant', 'chinese five spice powder', 'chinese hot mustard', 'chinese mustard', 'chinese red vinegar', 'chinese rice wine', 'chinese spice powder', 'chinese wine', 'chinkiang vinegar', 'chipotle chile in adobo sauce', 'chipotle chile pepper', 'chipotle chile powder', 'chipotle chiles in adobo', 'chipotle chiles in adobo sauce', 'chipotle chili pepper', 'chipotle chilies in adobo sauce', 'chipotle hot sauce', 'chipotle paste', 'chipotle pepper', 'chipotle pepper in adobo sauce', 'chipotle pepper powder', 'chipotle peppers in adobo sauce', 'chipped beef', 'chive', 'chive blossom', 'chive onion cream cheese', 'chives for garnish', 'chocolate', 'chocolate bar', 'chocolate cake mix', 'chocolate cake mix with pudding', 'chocolate chip', 'chocolate chip ice cream', 'chocolate confectioners coating', 'chocolate cookie crumb', 'chocolate cool whip', 'chocolate covered coffee bean', 'chocolate covered graham cracker cooky', 'chocolate covered peanut', 'chocolate curl', 'chocolate flavor instant pudding and pie filling mix', 'chocolate frosting', 'chocolate fudge instant pudding mix', 'chocolate fudge pudding mix', 'chocolate graham cracker square', 'chocolate hazelnut spread', 'chocolate hazelnut spread such as nutella', 'chocolate ice cream', 'chocolate milk', 'chocolate pudding mix', 'chocolate sandwich cookies such as oreo', 'chocolate sandwich cookies with creme filling', 'chocolate sandwich cooky', 'chocolate sauce', 'chocolate shaving', 'chocolate sprinkle', 'chocolate syrup such as hershey s', 'chocolate wafer', 'chocolate wafer cooky', 'chorizo', 'chorizo sausage', 'choy sum', 'chuck', 'chuck roast', 'chunk chicken', 'chunk light tuna in water', 'chunky peanut butter', 'chutney', 'cider vinegar', 'cilantro', 'cilantro coarsely', 'cilantro for garnish', 'cilantro leaf', 'cilantro leaves for garnish', 'cilantro salsa', 'cilantro stem', 'cinnamon', 'cinnamon bark', 'cinnamon chip', 'cinnamon for garnish', 'cinnamon graham cracker crumb', 'cinnamon ice cream', 'cinnamon red hot candy', 'cinnamon stick', 'cinnamon sugar', 'cinnamon to taste', 'citric acid powder', 'citron', 'clam', 'clam broth', 'clam chowder', 'clam juice', 'clamato tomato cocktail', 'clams drained', 'clams drained with juice reserved', 'clams in shell', 'clams in shell scrubbed', 'clams with juice', 'clarified butter', 'classic pie crust idiot proof step by step photo tutorial', 'classico alfredo with sun tomato', 'classico tomato and basil sauce', 'clear imitation vanilla extract', 'clementine', 'clementine zest', 'clove', 'club soda', 'coarse black pepper', 'coarse grain mustard', 'coarse grained prepared mustard', 'coarse granulated sugar', 'coarse kosher salt', 'coarse salt', 'coarse salt and black pepper to taste', 'coarse salt to taste', 'coarse sea salt', 'coarse sea salt to taste', 'coarsely almond', 'coarsely basil', 'coarsely black pepper', 'coarsely black pepper to taste', 'coarsely buttery round cracker', 'coarsely carrot', 'coarsely cashew', 'coarsely cilantro', 'coarsely onion', 'coarsely parsley', 'coarsely peanut', 'coarsely pepper', 'coarsely zucchini', 'coating', 'cocktail rye bread', 'cocktail sauce', 'cocoa', 'cocoa nib', 'cocoa powder', 'coconut', 'coconut butter', 'coconut cream', 'coconut cream pudding mix', 'coconut flake', 'coconut flavored rum', 'coconut flour', 'coconut ice cream', 'coconut meat', 'coconut milk', 'coconut milk powder', 'coconut oil', 'coconut pudding mix', 'coconut sugar', 'coconut water', 'cod', 'cod fillets cut into chunk', 'cod fish fillet', 'cod steak', 'coffee', 'coffee bean', 'coffee flavored liqueur', 'coffee flavored liqueur such as kahlua', 'coffee ice cream', 'cognac', 'cointreau', 'cointreau liqueur', 'cola flavored carbonated beverage', 'colby', 'colby cheese', 'colby jack cheese', 'colby monterey jack cheese', 'cold brewed coffee', 'cold butter', 'cold coffee', 'cold cream cheese', 'cold heavy whipping cream', 'cold mashed potato', 'cold milk', 'cold rice', 'cold strong brewed coffee', 'cold unsalted butter', 'cold water', 'cold water to cover', 'cold white rice', 'coleman s dry mustard', 'coleslaw mix', 'collard green', 'colored candy sprinkle', 'colored sugar for decoration', 'comice pear', 'comino', 'compressed yeast', 'compressed yeast cake', 'comte cheese', 'concord grape', 'condensed beef broth', 'condensed cheddar cheese soup', 'condensed chicken broth', 'condensed chicken gumbo soup', 'condensed cream of broccoli soup', 'condensed cream of cheddar cheese soup', 'condensed cream of mushroom soup', 'condensed cream of shrimp soup', 'condensed french onion soup', 'condensed new england clam chowder', 'condensed vegetable soup', 'confectioners sugar for decoration', 'confectioners sugar for dusting', 'confectioners sugar for rolling', 'confectioners sugar sifted', 'contadina tomato paste', 'contadina tomato sauce', 'converted long grain rice', 'converted long grain white rice', 'converted rice', 'converted white rice', 'cook and serve butterscotch pudding mix', 'cookies cream ice cream', 'cooking apple', 'cooking oil', 'cooking onion', 'cooking spray', 'cooking spray such as pam', 'cooking wine', 'cooky', 'cool water', 'cool whip', 'cool whip free', 'cool whip lite', 'cool whip topping', 'coors beer', 'copha', 'cored and apple', 'cored and pear', 'coriander', 'coriander leaf', 'coriander powder', 'coriander seed', 'corn', 'corn and black bean salsa', 'corn bread mix', 'corn bread mix such as jiffy', 'corn bread muffin mix', 'corn bread stuffing mix', 'corn chip', 'corn chips such as frito', 'corn chowder', 'corn flake', 'corn flake cereal', 'corn flakes cereal', 'corn flour', 'corn kernel', 'corn meal', 'corn muffin mix', 'corn oil', 'corn syrup', 'corn tortilla', 'corn tortilla chip', 'corn tortilla strip', 'cornbread stuffing mix', 'corned beef', 'corned beef brisket with spice packet', 'cornflake crumb', 'cornflakes cereal', 'cornflakes cereal crumb', 'cornflour', 'cornish game hen', 'cornmeal', 'cornmeal for dusting', 'cornstarch', 'cornstarch dissolved in', 'cornstarch paste', 'corona beer', 'cos lettuce', 'cotija cheese', 'cottage cheese', 'cottage roll', 'country sausage', 'country style dijon mustard', 'courgette', 'couscou', 'couscous', 'crab', 'crab meat', 'crab meat drained', 'crabmeat', 'crabmeat drained', 'crabmeat drained and flaked', 'crabmeat flaked', 'cracked black pepper', 'cracked black pepper to taste', 'cracked black peppercorn', 'cracked bulgur wheat', 'cracked pepper', 'cracked wheat', 'cracker', 'cracker barrel sharp cheddar cheese', 'cracker crumb', 'craisin', 'cranberry', 'cranberry bean', 'cranberry jelly', 'cranberry juice', 'cranberry juice cocktail', 'cranberry juice concentrate', 'cranberry sauce', 'cranberry vodka', 'crawfish', 'crawfish fat', 'crawfish meat', 'crawfish tail', 'crawfish tail meat', 'crayfish', 'crazy salt', 'cream', 'cream cheese', 'cream cheese at room temperature', 'cream cheese filling', 'cream cheese frosting', 'cream cheese spread', 'cream cheese such as philadelphia', 'cream of celery soup', 'cream of tartar', 'cream sherry', 'cream style cottage cheese', 'cream style horseradish sauce', 'creamed honey', 'creamy peanut butter', 'creamy salad dressing such as miracle whip', 'creme de cacao', 'creme de cassi', 'creme de menthe', 'creme de menthe liqueur', 'creme fraiche', 'crenshaw melon', 'creole essence bayou blast', 'creole mustard', 'creole seasoning such as tony chachere s', 'creole style seasoning', 'crepe', 'crisco all vegetable shortening', 'crisco original no stick cooking spray', 'crisco vegetable oil', 'crisp bacon', 'crisp red apple', 'crisply bacon', 'crispy bacon', 'crispy corn cereal square', 'crispy rice cereal square', 'crispy rice cereal squares such as rice chex', 'crispy rice cereal such as rice krispy', 'croissants split', 'crouton', 'crumb topping', 'crumble topping', 'crumbled blue cheese', 'crumbled cornbread', 'crumbled cotija cheese', 'crumbled feta', 'crumbled feta cheese', 'crumbled feta cheese with basil and sun tomato', 'crumbled goat cheese', 'crumbled gorgonzola cheese', 'crumbled oregano', 'crumbled queso fresco', 'crumbled queso fresco cheese', 'crumbled reduced fat feta cheese', 'crumbled sage', 'crumbled thyme', 'crunchy peanut butter', 'crystallized ginger', 'cubanelle pepper', 'cucumber', 'cucumber slice', 'cucumbers and', 'cucumbers seeded and', 'cucuzza', 'cultured buttermilk', 'cumin', 'cumin powder', 'cumin seed', 'cupcake', 'curd cottage cheese', 'curly endive lettuce', 'currant', 'currant juice', 'curry', 'curry leaf', 'curry paste', 'curry powder', 'custard', 'custard mix', 'custard powder', 'cut green bean', 'cut green beans drained', 'cut up chicken piece', 'danish blue cheese', 'dannon oikos plain greek nonfat yogurt', 'dark amber maple syrup', 'dark beer', 'dark chicken meat', 'dark chili powder', 'dark chocolate cake mix', 'dark chocolate chip', 'dark corn syrup', 'dark muscovado sugar', 'dark red kidney bean', 'dark red kidney beans drained and rinsed', 'dark semi sweet chocolate', 'dark sesame oil', 'dark soy sauce', 'dark soya sauce', 'dark sweet cherry', 'date', 'date sugar', 'dates pitted', 'dates pitted and', 'day old bread', 'day old bread torn into piece', 'decoration', 'deep dish pie crust', 'deep dish pie crust and cooled', 'dekuyper triple sec', 'deli corned beef', 'deli roast beef', 'deli rotisserie chicken', 'deli turkey', 'deli turkey meat', 'delicata squash lengthwise and seeded', 'delmonte stewed tomato', 'demerara sugar', 'demi glace', 'desired pasta', 'dessert apple', 'dessert pear', 'devil s food cake mix', 'diamond crystal fine sea salt', 'diamond crystal kosher salt', 'diamond walnut', 'diet ginger ale', 'dijon mustard', 'dijon style mustard', 'dill', 'dill leaf', 'dill pickle', 'dill pickle juice', 'dill pickle relish', 'dill pickle slice', 'dill pickle spear', 'dill seed', 'dill weed', 'dill weed to taste', 'dipping sauce', 'distilled vinegar', 'distilled water', 'distilled white vinegar', 'ditali pasta', 'ditalini pasta', 'dolcelatte', 'double acting baking powder', 'double crust ready to use pie crust', 'double gloucester cheese', 'dragee', 'drained caper', 'drained pineapple', 'dressing', 'dry active yeast', 'dry apple cider', 'dry au jus mix', 'dry basil leaf', 'dry black bean', 'dry black eyed pea', 'dry bow tie pasta', 'dry bread cube', 'dry bread stuffing mix', 'dry brown gravy mix', 'dry brown lentil', 'dry cashew', 'dry chinese noodle', 'dry coconut powder', 'dry corn bread mix', 'dry corn muffin mix', 'dry couscou', 'dry crab boil', 'dry curd cottage cheese', 'dry egg noodle', 'dry english style mustard', 'dry fajita seasoning', 'dry fettuccine pasta', 'dry fettuccini noodle', 'dry fettuccini pasta', 'dry garbanzo bean', 'dry great northern bean', 'dry hot mustard', 'dry ingredient', 'dry instant coffee', 'dry italian salad dressing mix', 'dry italian salad dressing mix such as good season', 'dry italian style salad dressing mix', 'dry jasmine rice', 'dry kidney bean', 'dry lasagna noodle', 'dry leek soup mix', 'dry lentil', 'dry lentils rinsed', 'dry marsala wine', 'dry mesquite flavored seasoning mix', 'dry milk', 'dry milk powder', 'dry mustard', 'dry mustard powder', 'dry navy bean', 'dry non fat buttermilk', 'dry northern white bean', 'dry onion soup mix', 'dry onion soup mix such as lipton', 'dry oregano leaf', 'dry pancake mix', 'dry parmesan cheese', 'dry parsley flake', 'dry pasta', 'dry pectin', 'dry penne pasta', 'dry pinto bean', 'dry polenta', 'dry ranch dressing mix', 'dry ranch salad dressing mix', 'dry ranch style dressing mix', 'dry red lentil', 'dry red pepper', 'dry red wine', 'dry rub', 'dry sherry', 'dry spaghetti', 'dry sunflower seed', 'dry taco seasoning mix', 'dry thyme leaf', 'dry unsalted peanut', 'dry vegetable soup mix', 'dry vermouth', 'dry white bean', 'dry white wine', 'dry yeast', 'dry ziti pasta', 'duck', 'duck breast half', 'duck confit', 'duck sauce', 'duckling', 'dulce de leche', 'dulce de leche ice cream', 'durian', 'dutch process cocoa powder', 'eagle brand sweetened condensed milk', 'ear corn', 'ears corn on the cob', 'ears sweet corn', 'eau de vie', 'edam cheese', 'edamame', 'eel', 'egg', 'egg noodle', 'egg replacer dry', 'egg substitute', 'egg tomato', 'egg wash', 'egg white', 'egg white substitute', 'egg yolk', 'eggnog', 'eggnog ice cream', 'eggplant', 'eggplant and', 'eggplant and cut into inch slice', 'eggplant cut into inch cube', 'eggplant cut into inch slice', 'eggplant into inch round', 'eggplant lengthwise', 'eggplants lengthwise', 'eggs beaten', 'eggs room temperature', 'eggs separated', 'eggs well beaten', 'eggs whisked', 'eggshell', 'elbow macaroni', 'elderberry', 'elderberry flower', 'elephant garlic', 'emeril lagasse s essence', 'emmentaler cheese', 'enchilada sauce', 'english muffin', 'english muffins split', 'english muffins split and', 'english mustard', 'english mustard powder', 'english pea', 'enoki mushroom', 'enriched flour', 'enriched rice', 'envelope active dry yeast', 'envelope dry onion soup mix', 'envelope fleischmann s pizza crust yeast', 'envelope fleischmann s rapidrise yeast', 'envelope instant hot chocolate mix', 'envelope onion soup mix', 'envelope tablespoon unflavored gelatin', 'envelope taco seasoning mix', 'envelope unflavored gelatin', 'envelopes active dry yeast', 'envelopes dry onion soup mix', 'envelopes fleischmann s rapidrise yeast', 'envelopes unflavored gelatin', 'envelopes whipped topping mix', 'epazote', 'epazote leaf', 'erythritol', 'escarole', 'evaporated milk', 'evaporated skim milk', 'extra beef', 'extra dry vermouth', 'extra egg', 'extra granulated sugar', 'extra light olive oil', 'extra onion', 'extra pork', 'extra sharp cheddar cheese', 'extra sharp white cheddar cheese', 'extra shrimp', 'extra silken tofu', 'extra strong coffee', 'extra tofu', 'extra tofu cut into inch cube', 'extra tofu drained', 'extra tofu drained and', 'extra turkey breast', 'eye of round roast', 'fajita seasoning', 'farfalle bow tie pasta', 'farfalle pasta', 'farina', 'farmer cheese', 'farro', 'fast rise yeast', 'fast rising active dry yeast', 'fast rising yeast', 'fat cottage cheese', 'fat free american cheese', 'fat free cheddar cheese', 'fat free cheese', 'fat free chicken broth', 'fat free chocolate flavor instant pudding and pie mix', 'fat free condensed cream of mushroom soup', 'fat free cottage cheese', 'fat free cream cheese', 'fat free crouton', 'fat free evaporated milk', 'fat free flour tortilla', 'fat free graham cracker', 'fat free graham cracker crust', 'fat free half and half', 'fat free ham', 'fat free instant vanilla pudding mix', 'fat free italian style dressing', 'fat free milk', 'fat free monterey jack cheese', 'fat free mozzarella cheese', 'fat free parmesan', 'fat free parmesan cheese', 'fat free plain yogurt', 'fat free ranch dressing', 'fat free reduced sodium chicken broth', 'fat free refried bean', 'fat free ricotta cheese', 'fat free sharp cheddar cheese', 'fat free sour cream', 'fat free sugar free instant butterscotch pudding mix', 'fat free sugar free instant cheesecake pudding mix', 'fat free sugar free instant chocolate fudge pudding mix', 'fat free sugar free instant chocolate pudding mix', 'fat free sugar free instant pistachio pudding mix', 'fat free sugar free instant vanilla pudding mix', 'fat free sugar free vanilla pudding mix', 'fat free swiss cheese', 'fat free tortilla', 'fat free vanilla ice cream', 'fat free vanilla pudding', 'fat pork', 'fat ricotta cheese', 'fatty bacon', 'fatty pork', 'faux maple sugar', 'fava bean', 'fava beans drained', 'featherweight baking powder', 'feijoa', 'fennel', 'fennel bulb', 'fennel bulb and', 'fennel head', 'fennel leaf', 'fennel powder', 'fennel seed', 'fenugreek', 'fenugreek leaf', 'fenugreek seed', 'fermented black bean', 'feta', 'feta cheese', 'fettuccine', 'fettuccine pasta', 'fettuccini pasta', 'fig', 'file powder', 'filet mignon steak', 'filet of beef', 'fillet of sole', 'fillets catfish', 'fillets cod', 'fillets halibut', 'fillets of sole', 'fillets red snapper', 'fillets sea bass', 'fillets sole', 'fillets swai fish', 'fillets tilapia', 'fillets tilapia fillet', 'filling', 'filo pastry', 'filter coffee', 'fine bread crumb', 'fine cornmeal', 'fine graham cracker crumb', 'fine herb', 'fine salt', 'fine sea salt', 'fine sugar', 'fines herb', 'fingerling potato', 'fire tomato', 'fire tomatoes with juice', 'firmly brown sugar', 'firmly light brown sugar', 'fish bouillon cube', 'fish sauce', 'fish stock', 'five spice powder', 'five spice seasoning', 'flageolet bean', 'flaked coconut', 'flaked sea salt', 'flaked sweetened coconut', 'flank steak', 'flank steak cut into strip', 'flavored sugar or splenda', 'flax seed', 'flax seed meal', 'flax seed oil', 'flaxseed', 'flaxseed meal', 'fleischmann s margarine', 'fleur de sel', 'flounder fillet', 'flour', 'flour for dredging', 'flour tortilla', 'flour tortillas warmed', 'floury potato', 'fluid ounce amaretto liqueur', 'fluid ounce banana liqueur', 'fluid ounce blue curacao', 'fluid ounce bottle dark beer', 'fluid ounce butterscotch schnapp', 'fluid ounce can', 'fluid ounce can beer', 'fluid ounce can chicken broth', 'fluid ounce can cola flavored carbonated beverage', 'fluid ounce can evaporated milk', 'fluid ounce can fat free evaporated milk', 'fluid ounce can frozen cranberry juice concentrate', 'fluid ounce can frozen lemonade concentrate', 'fluid ounce can frozen limeade concentrate', 'fluid ounce can frozen orange juice concentrate', 'fluid ounce can frozen orange juice concentrate thawed', 'fluid ounce can pineapple juice', 'fluid ounce can tomato juice', 'fluid ounce cans beer', 'fluid ounce cans evaporated milk', 'fluid ounce cans tomato juice', 'fluid ounce coconut flavored rum', 'fluid ounce coconut rum', 'fluid ounce coffee flavored liqueur', 'fluid ounce coffee flavored liqueur such as kahlua', 'fluid ounce cointreau', 'fluid ounce container beef broth', 'fluid ounce container chicken broth', 'fluid ounce container chicken stock', 'fluid ounce container liquid pectin', 'fluid ounce container vegetable broth', 'fluid ounce containers chicken broth', 'fluid ounce cranberry juice', 'fluid ounce creme de cacao', 'fluid ounce dark rum', 'fluid ounce dry vermouth', 'fluid ounce gin', 'fluid ounce grenadine syrup', 'fluid ounce half and half cream', 'fluid ounce heavy cream', 'fluid ounce irish cream liqueur', 'fluid ounce jigger amaretto liqueur', 'fluid ounce jigger brewed espresso', 'fluid ounce jigger coconut flavored rum', 'fluid ounce jigger coffee flavored liqueur', 'fluid ounce jigger gin', 'fluid ounce jigger irish cream liqueur', 'fluid ounce jigger irish whiskey', 'fluid ounce jigger peach schnapp', 'fluid ounce jigger rum', 'fluid ounce jigger spiced rum', 'fluid ounce jigger tequila', 'fluid ounce jigger triple sec', 'fluid ounce jigger vanilla flavored vodka', 'fluid ounce jigger whiskey', 'fluid ounce jiggers tequila', 'fluid ounce jiggers vodka', 'fluid ounce lemon juice', 'fluid ounce light rum', 'fluid ounce lime juice', 'fluid ounce melon liqueur', 'fluid ounce orange flavored liqueur such as cointreau', 'fluid ounce orange juice', 'fluid ounce orange liqueur', 'fluid ounce peach schnapp', 'fluid ounce peppermint schnapp', 'fluid ounce pineapple juice', 'fluid ounce proof rum', 'fluid ounce raspberry flavored liqueur', 'fluid ounce rum', 'fluid ounce simple syrup', 'fluid ounce sour apple schnapp', 'fluid ounce sweet and sour mix', 'fluid ounce sweet vermouth', 'fluid ounce tequila', 'fluid ounce triple sec', 'fluid ounce triple sec liqueur', 'fluid ounce triple sec orange flavored liqueur', 'fluid ounce vanilla flavored vodka', 'fluid ounce whiskey', 'fluid ounce white creme de cacao', 'fluid ounces amaretto liqueur', 'fluid ounces beer', 'fluid ounces bourbon whiskey', 'fluid ounces brandy', 'fluid ounces carbonated water', 'fluid ounces champagne', 'fluid ounces citron vodka', 'fluid ounces club soda', 'fluid ounces coffee flavored liqueur', 'fluid ounces cola flavored carbonated beverage', 'fluid ounces cranberry juice', 'fluid ounces dark rum', 'fluid ounces gin', 'fluid ounces ginger ale', 'fluid ounces grapefruit juice', 'fluid ounces half and half', 'fluid ounces heavy cream', 'fluid ounces irish cream liqueur', 'fluid ounces lemon juice', 'fluid ounces lemon lime flavored carbonated beverage', 'fluid ounces light rum', 'fluid ounces lime juice', 'fluid ounces milk', 'fluid ounces orange juice', 'fluid ounces peach schnapp', 'fluid ounces pineapple juice', 'fluid ounces rum', 'fluid ounces simple syrup', 'fluid ounces sweet and sour mix', 'fluid ounces tomato juice', 'fluid ounces triple sec', 'fluid ounces vanilla flavored vodka', 'fluid ounces water', 'fluid ounces whiskey', 'fluid ounces white rum', 'fluid ounces white wine', 'focaccia bread', 'foie gra', 'fontina', 'fontina cheese', 'food coloring', 'for the cake', 'for the dough', 'for the filling', 'for the garnish', 'for the sauce', 'for the topping', 'framboise eau de vie', 'framboise liqueur', 'frankfurter', 'french', 'french baguette cut into inch slice', 'french cut green bean', 'french cut green beans drained', 'french dijon mustard', 'french dressing', 'french dressing not catalina style', 'french mustard', 'french onion', 'french potato', 'french s mustard', 'french salad dressing', 'french style green bean', 'french style green beans drained', 'french style ladyfinger cooky', 'french vanilla cool whip', 'french vanilla ice cream', 'french vanilla pudding mix', 'freshly asiago cheese', 'freshly black pepper', 'freshly black pepper to taste', 'freshly cracked black pepper', 'freshly cracked black pepper to taste', 'freshly ginger', 'freshly lemon zest', 'freshly orange zest', 'freshly parmesan cheese', 'freshly parmigiano reggiano cheese', 'freshly pepper', 'freshly pepper to taste', 'freshly romano cheese', 'freshly squeezed lemon juice', 'freshly squeezed lime juice', 'freshly squeezed orange juice', 'freshly white pepper', 'frisee', 'frosting', 'frozen asparagus cut', 'frozen avocado dip', 'frozen banana cut into chunk', 'frozen bite size potato nuggets such as tater tot', 'frozen blackberrie', 'frozen blueberries thawed', 'frozen broccoli cut', 'frozen broccoli floret', 'frozen broccoli florets thawed', 'frozen broccoli thawed and drained', 'frozen brussels sprout', 'frozen cheese ravioli', 'frozen chicken breast half', 'frozen coconut milk', 'frozen corn', 'frozen crab', 'frozen cut green bean', 'frozen cut green beans thawed', 'frozen english pea', 'frozen french cut green bean', 'frozen french fry', 'frozen green bean', 'frozen green pea', 'frozen green peas thawed and drained', 'frozen hash brown', 'frozen hash brown potato', 'frozen hash browns with onions and pepper', 'frozen italian style meatball', 'frozen lemon juice', 'frozen lemonade concentrate', 'frozen lemonade concentrate thawed', 'frozen lima bean', 'frozen limeade concentrate', 'frozen limeade concentrate thawed', 'frozen lobster tail', 'frozen mango chunk', 'frozen meatball', 'frozen meatballs thawed', 'frozen miniature phyllo tart shell', 'frozen mixed berry', 'frozen mixed peas and carrot', 'frozen mixed vegetable', 'frozen mixed vegetables carrot', 'frozen orange juice concentrate', 'frozen pea', 'frozen peach slice', 'frozen peache', 'frozen pearl onion', 'frozen peas and carrot', 'frozen petite pea', 'frozen petite peas thawed', 'frozen pierogy', 'frozen pineapple chunk', 'frozen pineapple juice concentrate', 'frozen pink lemonade concentrate thawed', 'frozen potato and onion pierogy', 'frozen potato pierogy', 'frozen potato round', 'frozen puff pastry sheets thawed', 'frozen raspberries in light syrup', 'frozen raspberries thawed', 'frozen shelled edamame green soybean', 'frozen shoestring french fry', 'frozen snow pea', 'frozen southern style hash brown potato', 'frozen spinach thawed and drained', 'frozen spinach thawed and squeezed dry', 'frozen spinach thawed and well drained', 'frozen spinach thawed drained and squeezed dry', 'frozen stir fry vegetable', 'frozen strawberries in syrup', 'frozen strawberries thawed', 'frozen sugar snap pea', 'frozen sweet corn', 'frozen sweetened strawberries thawed', 'frozen tiny pea', 'frozen unsweetened mixed berry', 'frozen whipped topping', 'frozen whipped topping thawed', 'frozen whole kernel corn', 'frozen yogurt', 'fructose', 'fructose fruit sugar', 'fruit', 'fruit cocktail', 'fruit cocktail drained', 'fruit flavored gelatin', 'fruit flavored jell o mix', 'fruit preserves any flavor', 'fruit salsa', 'fruit vinegar', 'fuji apple', 'full bodied red wine', 'full cream milk', 'full fat milk', 'fully bone in ham', 'fully luncheon meat e g spam', 'fully luncheon meat such as spam', 'funghi porcini', 'fusilli pasta', 'fusilli spiral pasta', 'fuyu persimmon', 'gala apple', 'galanga root', 'galangal', 'galangal root', 'gallon apple cider', 'gallon apple juice', 'gallon cold water', 'gallon milk', 'gallon vanilla ice cream', 'gallon vanilla ice cream softened', 'gallon water', 'gallon whole milk', 'gallons water', 'ganache', 'garam masala', 'garam masala powder', 'garbanzo bean', 'garbanzo bean flour', 'garbanzo beans chickpeas drained', 'garbanzo beans chickpeas drained and rinsed', 'garbanzo beans chickpeas rinsed and drained', 'garbanzo beans drained', 'garbanzo beans drained liquid reserved', 'garbanzo beans rinsed and drained', 'garbanzo flour', 'garlic', 'garlic alfredo sauce', 'garlic amp pearl onions with herb', 'garlic and herb seasoning blend', 'garlic and herb seasoning blend such as mrs dash', 'garlic bagel chip', 'garlic basil spread see footnote for recipe link', 'garlic clove', 'garlic flake', 'garlic flavored olive oil', 'garlic flavored red wine vinegar', 'garlic granule', 'garlic head', 'garlic infused olive oil', 'garlic juice', 'garlic oil', 'garlic paste', 'garlic pepper', 'garlic pepper seasoning', 'garlic powder', 'garlic powder to taste', 'garlic salt to taste', 'garlic sausage', 'garlic scape', 'garlic sprout', 'garnishe', 'gebhardt reg chili powder', 'gelatin', 'gelatin powder', 'gelatin sheet', 'gem lettuce', 'gemelli pasta', 'genoa salami', 'german chocolate', 'german chocolate bar', 'german chocolate cake mix', 'german chocolate cake mix with pudding', 'german mustard', 'gevalia cold brew concentrate', 'ghee', 'ghee clarified butter', 'gherkin pickle', 'gin', 'ginger', 'ginger ale', 'ginger and', 'ginger cube', 'ginger garlic paste', 'ginger juice', 'ginger marmalade', 'ginger paste', 'ginger powder', 'ginger root', 'ginger root and', 'ginger syrup', 'ginger wine', 'gingerroot', 'gingersnap cookie crumb', 'gingersnap cooky', 'ginkgo nut', 'glace de viande', 'glaze', 'globe eggplant', 'gluten flour', 'gluten free all purpose baking flour', 'gluten free all purpose flour', 'gluten free baking powder', 'gluten free cornflour', 'gluten free flour', 'gluten free flour blend', 'gluten free oat', 'gluten free rolled oat', 'gluten free vanilla extract', 'glutinous rice', 'glutinous rice flour', 'glutinous white rice', 'gnocchi', 'goat cheese', 'gochujang korean hot pepper paste', 'gold medal all purpose flour', 'gold tequila', 'golden brown sugar', 'golden delicious apple', 'golden sultana raisin', 'golden syrup', 'goose', 'gooseberry', 'gorgonzola', 'gorgonzola cheese', 'gorgonzola dolce blue cheese', 'gouda cheese', 'goya adobo with pepper to taste', 'goya cumin', 'goya extra virgin olive oil', 'goya garlic', 'graham cracker', 'graham cracker crumb', 'graham cracker pie crust', 'graham cracker square', 'graham cracker tart shell', 'grain bread', 'grain mustard', 'grain rice', 'grain white rice', 'grains of paradise', 'grainy mustard', 'gram flour', 'grand marnier', 'granny smith apple', 'granny smith apple cored and', 'granny smith apples and', 'granny smith apples cored and', 'granola', 'granola bar', 'granola cereal', 'granular fructose', 'granular no calorie sucralose sweetener e g splenda', 'granular no calorie sucralose sweetener such as splenda', 'granular sucralose sweetener such as splenda', 'granular sucrolose sweetener such as splenda', 'granulated artificial sweetener', 'grape', 'grape gelatin', 'grape jelly', 'grape juice', 'grape leaf', 'grape leaves drained and rinsed', 'grape tomato', 'grape tomatoes quartered', 'grapefruit', 'grapefruit and sectioned', 'grapefruit juice', 'grapefruit juice concentrate', 'grapefruit juice of', 'grapefruit peel', 'grapefruit zest of', 'grapeseed oil', 'gravy', 'great northern bean', 'great northern beans drained', 'great northern beans drained and rinsed', 'great northern beans rinsed and drained', 'great northern beans undrained', 'greek feta cheese', 'greek seasoning', 'greek seasoning such as cavender s', 'greek style yogurt', 'green', 'green apple', 'green apple vodka', 'green banana', 'green bean', 'green beans and', 'green beans and cut into inch piece', 'green beans and snapped', 'green beans cut into inch length', 'green beans drained', 'green beans rinsed and', 'green beans washed and', 'green bell pepper', 'green cabbage head', 'green candied cherry', 'green cardamom powder', 'green cherry', 'green chile', 'green chile pepper', 'green chiles drained', 'green chiles undrained', 'green chili', 'green chili powder', 'green chili sauce', 'green chilies drained', 'green chily', 'green curry paste', 'green decorator sugar', 'green enchilada sauce', 'green giant frozen broccoli cut', 'green ginger', 'green grape', 'green leaf lettuce', 'green olives in brine', 'green onion', 'green onion for garnish', 'green onion for topping', 'green onion stem', 'green onion top', 'green pea', 'green salsa', 'green salsa salsa verde', 'green serrano chily', 'green sweet pepper', 'green tea powder matcha', 'green tomato', 'green tomatoes inch', 'grenadine', 'grey poupon dijon mustard', 'grey poupon mustard', 'grill seasoning', 'grinds black pepper', 'grit', 'grouper', 'grouper fillet', 'gruyere', 'gruyere cheese', 'guacamole', 'guava', 'guava jelly', 'guava juice', 'guava nectar', 'guava paste', 'gum arabic', 'gumbo file', 'habanero', 'habanero chile', 'habanero chile pepper', 'habanero pepper', 'habanero sauce', 'haddock fillet', 'haldi powder', 'half and half', 'half and half cream', 'half and half milk', 'half and half or whole milk', 'half cream', 'half half light cream', 'half pint canning jars with lids and ring', 'halibut', 'halibut fillet', 'halibut steak', 'halloumi cheese', 'ham', 'ham bone', 'ham bone with some meat', 'ham bouillon cube', 'ham cut into strip', 'ham fat', 'ham hock', 'ham steak', 'hamburger', 'hamburger bun', 'hamburger meat', 'handful hickory', 'hard cheese', 'hard eggs and', 'hard eggs quartered', 'hard salami', 'hard shelled clam', 'haricot bean', 'harissa', 'hash brown patty', 'hash brown potato', 'hatch chile pepper', 'havarti cheese', 'havarti with dill', 'hawaiian sea salt', 'hazelnut', 'hazelnut butter', 'hazelnut extract', 'hazelnut flavored coffee', 'hazelnut liqueur', 'hazelnut oil', 'hazelnut syrup', 'head bok choy', 'head broccoli broken into floret', 'head broccoli cut into bite size piece', 'head cabbage', 'head cabbage coarsely', 'head cabbage cored', 'head cabbage cored and', 'head cabbage cored and coarsely', 'head cabbage cored and cut into wedge', 'head cabbage cut into wedge', 'head cabbage into strip', 'head cabbage quartered', 'head cauliflower', 'head cauliflower coarsely', 'head cauliflower cut into bite size piece', 'head cauliflower into bite size piece', 'head cauliflower separated into floret', 'head escarole', 'head green cabbage', 'head green cabbage cored and', 'head iceberg lettuce', 'head iceberg lettuce torn into bite sized piece', 'head leaf lettuce', 'head lettuce', 'head napa cabbage', 'head of celery', 'head of lettuce', 'head red cabbage', 'head red cabbage cored and', 'head romaine lettuce', 'head romaine lettuce rinsed and', 'head romaine lettuce torn', 'head romaine lettuce torn into bite size piece', 'head white cabbage', 'heads belgian endive', 'heads bok choy', 'heads broccoli', 'heads broccoli cut into floret', 'heads cauliflower', 'heads garlic', 'heads of cabbage', 'heads romaine lettuce', 'hearts of palm', 'hearts of palm drained and', 'heather honey', 'heavy cream', 'heavy cream chilled', 'heavy cream whipped', 'heavy sweet cream', 'heavy whipping cream', 'heavy whipping cream whipped', 'heinz chili sauce', 'heinz tomato ketchup', 'heinz worcestershire sauce', 'heirloom tomato', 'hellmanns mayonnaise', 'hemp seed', 'hemp seed heart', 'herb', 'herb flavored vinegar', 'herb seasoned dry bread stuffing mix', 'herb seasoned salt', 'herb seasoned stuffing mix', 'herb seasoning mix', 'herb stuffing cube', 'herb stuffing mix', 'herbes de provence', 'herbs of choice', 'herman sourdough starter', 'herring fillet', 'herring in wine sauce', 'hi gluten flour', 'hickory flavored barbecue sauce', 'hickory flavored barbeque sauce', 'hickory flavored liquid smoke', 'hickory smoke salt', 'hidden valley original ranch salad dressing seasoning mix', 'hillshire farm smoked sausage', 'hillshire farm smoked sausage diagonally cut into inch slice', 'himalayan pink salt', 'hing', 'hoagie rolls split lengthwise', 'hoisin sauce', 'holland house sherry cooking wine', 'homemade chicken broth', 'hominy', 'hominy drained', 'hominy grit', 'homogenized milk', 'honey', 'honey barbecue sauce', 'honey cashew', 'honey maid graham cracker crumb', 'honey maid graham pie crust', 'honey syrup', 'honeydew', 'honeydew melon', 'hormel mary kitchen corned beef hash', 'horseradish', 'horseradish sauce', 'hot brewed coffee', 'hot cherry pepper', 'hot chicken broth', 'hot chile paste', 'hot chile paste such as sambal oelek', 'hot chile pepper', 'hot chile sauce', 'hot chili bean', 'hot chili oil', 'hot chili pepper', 'hot chili powder', 'hot chili sauce', 'hot cocoa mix', 'hot dog', 'hot dog bun', 'hot dry mustard', 'hot fudge topping', 'hot green chile pepper', 'hot italian sausage', 'hot italian sausage link', 'hot ketchup', 'hot long grain white rice', 'hot milk', 'hot mustard', 'hot pepper sauce', 'hot pepper sauce such as cholula', 'hot pepper sauce such as crystal', 'hot pepper sauce such as frank s redhot', 'hot pepper sauce such as tabasco', 'hot pepper sauce to taste', 'hot red chili pepper', 'hot red pepper flake', 'hot red pepper sauce', 'hot rice', 'hot sauce', 'hot sauce such as frank s redhot', 'hot sauce such as tabasco', 'hot sauce to taste', 'hot sausage', 'hot spiced cider mix', 'hot water', 'hot water as needed', 'how to cook spaghetti squash', 'huckleberry', 'hulled pumpkin seed', 'hulled strawberry', 'hulled sunflower seed', 'hummu', 'hungarian sweet paprika', 'hungarian wax chile', 'hunt s tomato', 'hunt s tomato sauce', 'hunt s tomatoes drained', 'hunt s tomatoes undrained', 'hunts tomato paste', 'hunts tomato sauce', 'hyssop', 'i can t believe it s not butter fat free', 'i can t believe it s not butter spray', 'i can t believe it s not butter spread', 'ice', 'ice cold water', 'ice cream', 'ice cream sandwiche', 'ice cube', 'ice cubes as needed', 'ice water', 'iceberg lettuce', 'iceberg lettuce leaf', 'icing', 'idaho baking potato', 'idaho potato', 'idahoan signature russets mashed potato', 'imitation bacon bit', 'imitation vanilla', 'imported white chocolate', 'inch corn tortilla', 'inch fat free flour tortilla', 'inch flour tortilla', 'inch piece ginger root', 'inch pita bread', 'inch pork chop', 'inch slices french bread', 'inch square egg roll wrapper', 'inch square wonton wrapper', 'inch tortilla', 'individually wrapped caramel', 'individually wrapped caramels unwrapped', 'instant banana pudding mix', 'instant brown rice', 'instant butterscotch pudding mix', 'instant chocolate fudge pudding', 'instant chocolate pudding mix', 'instant coconut cream pudding mix', 'instant coconut pudding mix', 'instant coffee crystal', 'instant coffee granule', 'instant coffee powder', 'instant decaffeinated coffee', 'instant dry milk powder', 'instant espresso', 'instant espresso coffee powder', 'instant espresso powder', 'instant flour', 'instant french vanilla pudding', 'instant french vanilla pudding mix', 'instant garlic mashed potato', 'instant hot chocolate mix', 'instant lemon pudding mix', 'instant mashed potato', 'instant milk', 'instant mocha flavored coffee powder', 'instant nonfat dry milk powder', 'instant oatmeal', 'instant pistachio pudding mix', 'instant potato flake', 'instant powdered milk', 'instant pudding mix', 'instant sugar free vanilla pudding mix', 'instant tapioca', 'instant tapioca pudding mix', 'instant tea powder', 'instant vanilla pudding', 'instant vanilla pudding mix', 'instant white chocolate pudding and pie filling mix', 'instant white chocolate pudding mix', 'instant white rice', 'instant yeast', 'iodized salt', 'irish cream', 'irish cream liqueur', 'irish cream liqueur such as bailey', 'irish mist liqueur', 'irish moss', 'irish potato', 'irish stout beer such as guinness', 'irish whiskey', 'italian blend cheese', 'italian bread', 'italian bread crumb', 'italian dressing', 'italian herb', 'italian olive oil', 'italian plum', 'italian plum tomato', 'italian pork sausage', 'italian sausage', 'italian sausage link', 'italian seasoned dry bread crumb', 'italian seasoning', 'italian seasoning to taste', 'italian stewed tomato', 'italian style dry bread crumb', 'italian style hoagie bun', 'italian style seasoned bread crumb', 'italian style stewed tomato', 'italian style tomato', 'italian style tomato paste', 'italian style tomato sauce', 'italian style tomatoes drained', 'italian style tomatoes undrained', 'italian sweet sausage', 'italian tomato', 'italian tomato paste', 'italian tomatoes with juice', 'jaggery', 'jalapeno', 'jalapeno chile', 'jalapeno chile pepper', 'jalapeno chilie', 'jalapeno chily', 'jalapeno havarti cheese', 'jalapeno jack cheese', 'jalapeno pepper', 'jalapeno pepper slice', 'jalapeno stuffed green olive', 'jamon serrano', 'japanese pumpkin', 'japanese sake', 'japanese soy sauce', 'jarlsberg cheese', 'jarred jalapeno pepper', 'jarred red pepper', 'jasmine rice', 'jeera powder', 'jell o chocolate fudge flavor pudding and pie filling', 'jell o chocolate pudding and pie filling', 'jell o instant lemon pudding', 'jell o instant pistachio pudding mix', 'jell o pudding mix', 'jell o vanilla flavor instant pudding', 'jellied cranberry sauce', 'jello gelatin', 'jello instant vanilla pudding mix', 'jelly bean', 'jicama', 'jicama and', 'jimmy dean original hearty pork sausage crumble', 'jonagold apple', 'jonathan apple', 'juice of lime', 'jumbo egg yolk', 'jumbo lump crab meat', 'kaffir lime leaf', 'kaffir lime zest', 'kahlua', 'kaiser rolls split', 'kalamata olives pitted and', 'kale', 'kale leaf', 'kale stems removed and leaf', 'kale stems removed and leaves coarsely', 'kamaboko', 'karo light corn syrup', 'kasha', 'kashk', 'kashmiri chili powder', 'kasseri cheese', 'kasuri methi', 'keen s dry mustard', 'kernel corn', 'kernel sweet corn', 'ketchup', 'ketjap mani', 'kewra essence', 'key lime juice', 'key limes juice of', 'kidney bean', 'kidney beans drained', 'kidney beans rinsed and drained', 'kidney beans undrained', 'kidney beans with liquid', 'kielbasa', 'kielbasa polish sausage', 'kielbasa sausage', 'kikkoman panko bread crumb', 'kikkoman soy sauce', 'kikkoman teriyaki marinade sauce', 'kimchi', 'king arthur almond flour', 'kipfler potato', 'kirsch', 'kirsch liqueur', 'kitchen bouquet', 'kitchen twine', 'kittencal s italian melt in your mouth meatball', 'kittencal s marinara pasta sauce vegetarian', 'kittencal s no fail buttery flaky pie pastry crust', 'kittencal s taco seasoning mix', 'kiwi', 'kiwi and', 'kiwi fruit', 'kiwis and', 'kluski noodle', 'knorr chicken bouillon', 'knorr fiesta side', 'knorr rice side', 'kohlrabi', 'kohlrabi bulbs and', 'korean chile powder', 'kosher salt', 'kosher salt and black pepper to taste', 'kosher salt and cracked pepper to taste', 'kosher salt and freshly black pepper', 'kosher salt and freshly black pepper to taste', 'kosher salt and pepper to taste', 'kosher salt plus more to taste', 'kosher salt to taste', 'kraft mozzarella cheese with a touch of philadelphia', 'kraft parmesan cheese', 'kraft processed cheese slice', 'kudzu', 'kumara', 'kumquat', 'lactose free milk', 'lady finger cooky', 'ladyfinger', 'ladyfinger cooky', 'lamb', 'lamb backstrap', 'lamb bone', 'lamb breast', 'lamb chop', 'lamb fillet', 'lamb leg chop', 'lamb leg steak', 'lamb liver', 'lamb loin', 'lamb mince', 'lamb neck', 'lamb rack', 'lamb rib', 'lamb roast', 'lamb shank', 'lamb shoulder cut into inch piece', 'lamb steak', 'lamb stew meat', 'lamb stock', 'lamb stock cube', 'lamb tenderloin', 'lancashire cheese', 'land o lakes butter', 'lard', 'lardon', 'lasagna pasta', 'lavender', 'lavender blossom', 'lavender flower', 'lavender sugar with vanilla', 'lawry s seasoned pepper', 'lea perrins worcestershire sauce', 'leaf lettuce', 'leaf marjoram', 'leaf oregano', 'leaves basil leaf', 'leaves cabbage', 'leaves iceberg lettuce', 'leaves kale', 'leaves mint', 'leaves of lettuce', 'leaves red leaf lettuce', 'leaves romaine lettuce', 'leaves sage', 'leaves spinach', 'leek', 'leek white', 'leeks white and pale green parts only', 'leeks white part only', 'leftover mashed potato', 'leftover roast turkey', 'leftover stuffing', 'lemon', 'lemon balm', 'lemon balm leaf', 'lemon basil', 'lemon cake mix', 'lemon curd', 'lemon flavored gelatin mix such as jell o', 'lemon flavored ice tea mix', 'lemon flavored jell o', 'lemon flavored jell o mix', 'lemon for garnish', 'lemon gelatin', 'lemon grass', 'lemon grass root', 'lemon into round', 'lemon juice', 'lemon juice and rind of', 'lemon juice and zest of', 'lemon juiced', 'lemon leaf', 'lemon lime flavored carbonated beverage', 'lemon lime soda', 'lemon lime soda such as sprite', 'lemon low fat yogurt', 'lemon marmalade', 'lemon peel', 'lemon peel strip', 'lemon pepper', 'lemon pepper to taste', 'lemon pie filling', 'lemon pudding mix', 'lemon quartered', 'lemon rind of', 'lemon slice', 'lemon twist', 'lemon wedge', 'lemon yogurt', 'lemon zest', 'lemon zested', 'lemonade', 'lemongrass', 'lemons juice and rind of', 'lemons juice and zest of', 'lemons quartered', 'lemons zest of', 'lemons zested', 'lemons zested and juiced', 'lentil', 'lentil sprout', 'lentils rinsed', 'lettuce', 'lettuce cup', 'lettuce head', 'lettuce leaf', 'light beer', 'light boursin cheese', 'light butter', 'light cheddar cheese', 'light cheese', 'light chunk tuna in water', 'light coconut cream', 'light coconut milk', 'light corn syrup', 'light corn syrup such as karo', 'light cottage cheese', 'light cream', 'light cream cheese', 'light molasse', 'light monterey jack cheese', 'light mozzarella cheese', 'light muscovado sugar', 'light non dairy whipped topping', 'light olive oil', 'light processed cheese', 'light red kidney bean', 'light red kidney beans drained and rinsed', 'light ricotta cheese', 'light rum', 'light sour cream', 'light soy sauce', 'light soya sauce', 'light vanilla ice cream', 'light whipping cream', 'lightly brown sugar', 'lima bean', 'lima beans drained', 'limburger cheese', 'lime', 'lime concentrate', 'lime cut into wedge', 'lime flavored gelatin mix such as jell o', 'lime flavored jell o mix', 'lime into round', 'lime jell o gelatin', 'lime juice', 'lime juice and zest of', 'lime juice concentrate', 'lime juiced and zested', 'lime leaf', 'lime marmalade', 'lime powder', 'lime quartered', 'lime rind of', 'lime slice', 'lime twist', 'lime wedges for garnish', 'lime zest of', 'lime zested', 'limes cut into wedge', 'limes juice and rind of', 'limes juice and zest of', 'limes quartered', 'limes zest of', 'limes zested and juiced', 'linguica sausage', 'linguine', 'linguine pasta', 'linguini pasta', 'links hot italian sausage', 'links italian sausage', 'links pork sausage', 'links sweet italian sausage', 'liquid amino acid such as bragg', 'liquid egg substitute', 'liquid shortening', 'liquid smoke', 'liquid smoke flavoring', 'liquid sugar substitute', 'lite evaporated milk', 'lite olive oil', 'lite silken extra tofu', 'lite silken tofu', 'lite soy sauce', 'lite tofu', 'liter ginger ale', 'liters ginger ale', 'liters lemon lime flavored carbonated beverage', 'little smokie sausage', 'loaf cocktail rye bread', 'loaf french bread cut into inch slice', 'loaf french bread lengthwise', 'loaf frozen bread dough thawed', 'loaf italian bread', 'loaf italian bread cut into inch cube', 'loaf italian bread cut into inch slice', 'loaf processed cheese', 'loaf processed cheese food', 'loaf processed cheese food such as velveeta', 'loaf round sourdough bread', 'loaf white bread', 'loaves frozen bread dough thawed', 'lobster', 'lobster meat', 'lobster tail', 'log goat cheese', 'loin lamb', 'london broil beef', 'long grain and wild rice mix', 'long grain brown rice', 'long grain minute rice', 'long grain rice', 'long grain white rice', 'loosely cilantro leaf', 'loquat', 'lotus leaf', 'lotus root', 'lotus seed', 'louisiana style hot sauce', 'lovage', 'low calorie sweetener', 'low carb barbecue sauce', 'low carb flour tortilla', 'low carb milk', 'low carb tortilla', 'low fat alfredo sauce', 'low fat american cheese', 'low fat baking mix', 'low fat biscuit mix', 'low fat cheddar cheese', 'low fat chocolate ice cream', 'low fat chocolate milk', 'low fat cinnamon graham cracker', 'low fat coconut milk', 'low fat cottage cheese', 'low fat cream cheese', 'low fat creamy salad dressing such as miracle whip light', 'low fat cultured buttermilk', 'low fat curd cottage cheese', 'low fat flour tortilla', 'low fat graham cracker crumb', 'low fat graham cracker crust', 'low fat graham cracker pie crust', 'low fat granola', 'low fat ham', 'low fat ice cream', 'low fat kielbasa', 'low fat low sodium chicken broth', 'low fat monterey jack and colby cheese', 'low fat monterey jack cheese', 'low fat monterey jack pepper cheese', 'low fat mozzarella', 'low fat mozzarella cheese', 'low fat parmesan cheese', 'low fat peanut butter', 'low fat plain yogurt', 'low fat quark cheese', 'low fat ricotta cheese', 'low fat sharp cheddar cheese', 'low fat sour cream', 'low fat sweetened condensed milk', 'low fat swiss cheese', 'low fat tortilla', 'low fat tortilla chip', 'low fat turkey kielbasa', 'low fat vanilla ice cream', 'low fat vanilla yogurt', 'low fat yogurt', 'low moisture part skim mozzarella cheese', 'low sodium beef bouillon cube', 'low sodium beef bouillon powder', 'low sodium beef broth', 'low sodium chicken bouillon cube', 'low sodium chicken broth', 'low sodium chicken stock', 'low sodium chickpea', 'low sodium ham', 'low sodium ketchup', 'low sodium salsa', 'low sodium salt', 'low sodium stewed tomato', 'low sodium tomato', 'low sodium tomato juice', 'low sodium tomato paste', 'low sodium tomato sauce', 'low sodium tuna in water', 'low sodium vegetable broth', 'low sodium worcestershire sauce', 'lowfat buttermilk', 'lowfat cream cheese', 'lowfat margarine', 'lowfat mozzarella cheese', 'lowfat parmesan cheese', 'lowfat silken tofu', 'lowfat swiss cheese', 'lox', 'lukewarm milk', 'lukewarm water', 'lump crabmeat', 'lump crabmeat drained', 'lychee', 'lychee juice', 'lychees in heavy syrup', 'macaroni and cheese', 'macaroni and cheese mix', 'macaroni pasta', 'mace', 'mace blade', 'macintosh apple', 'mackerel fillet', 'madeira wine', 'madras curry powder', 'mafalda pasta', 'mahi mahi', 'mahi mahi fillet', 'mahleb', 'maille dijon originale mustard', 'malt vinegar', 'malted milk powder', 'manchego cheese', 'mandarin juice', 'mandarin orange piece', 'mandarin orange section', 'mandarin orange segment', 'mandarin orange segments drained', 'mandarin oranges drained', 'mandarin oranges in juice', 'mandarin oranges in light syrup', 'mandarin segment', 'mange touts pea', 'mango', 'mango and', 'mango chutney', 'mango ice cream', 'mango nectar', 'mango pitted and', 'mango powder', 'mango puree', 'mango rum', 'mango salsa', 'mangoes and', 'mangoes in syrup', 'mangos and', 'manicotti pasta', 'manicotti shell', 'manila clam', 'maple cured bacon', 'maple extract', 'maple flavored syrup', 'maple sugar', 'maple syrup', 'maraschino cherries and juice', 'maraschino cherries drained', 'maraschino cherries drained and', 'maraschino cherries drained and juice reserved', 'maraschino cherry', 'maraschino cherry for garnish', 'maraschino cherry juice', 'maraschino juice', 'margarine', 'margarine melted', 'margarine softened', 'margarita mix', 'marinade', 'marinara sauce', 'marinated artichoke heart', 'marinated artichoke hearts drained', 'marinated artichoke hearts drained and', 'marinated artichoke hearts drained and quartered', 'marjoram', 'marjoram leaf', 'marsala', 'marsala wine', 'marshmallow cream', 'marshmallow cream such as marshmallow fluff', 'marshmallow creme', 'marshmallow fluff', 'marshmallow peep', 'marshmallow whip', 'marzetti s old fashioned caramel dip', 'marzipan', 'masa corn flour', 'masa dough', 'masa harina', 'masa harina flour', 'mascarpone', 'mascarpone cheese', 'mashed butternut squash', 'mashed overripe banana', 'mashed potato', 'mashed pumpkin', 'mashed strawberry', 'mashed sweet potato', 'masterpiece original barbecue sauce', 'matcha green tea powder', 'matchstick cut carrot', 'matzo cake meal', 'matzo cracker', 'matzo meal', 'matzo sheet', 'mayonnaise', 'mayonnaise such as hellman s', 'maytag blue cheese', 'mazola corn oil', 'mccormick black pepper', 'mccormick brown gravy mix', 'mccormick cinnamon', 'mccormick garlic powder', 'mccormick guacamole seasoning mix', 'mccormick nutmeg', 'mccormick vanilla extract', 'mcintosh apple', 'mean chef s sweet tart dough', 'meat tenderizer', 'meatball', 'meatless spaghetti sauce', 'meatloaf', 'meaty ham bone', 'mediterranean oregano', 'melt buttery spread', 'melted butter', 'melted butter for brushing', 'melted margarine', 'melted shortening', 'merlot wine', 'mesclun', 'mesquite liquid smoke', 'metaxa brandy', 'methi leaf', 'methi seed', 'mexican blend cheese', 'mexican cheese blend', 'mexican chili bean', 'mexican chili powder', 'mexican rice', 'mexican style cheese', 'mexican style cheese blend', 'mexican style pinto bean', 'mexican style stewed tomato', 'mexican style stewed tomatoes with jalapeno pepper', 'mexican style tomato', 'mexican tomato', 'mexican tomato sauce', 'meyer lemon juice', 'meyer lemon zest', 'meyer s dark rum', 'mild cheddar cheese', 'mild cheese', 'mild chile', 'mild chili powder', 'mild curry paste', 'mild curry powder', 'mild green chily', 'mild italian sausage', 'mild red onion', 'mild sausage', 'mild soy sauce', 'milk', 'milk at room temperature', 'milk chocolate', 'milk chocolate candy bar', 'milk chocolate candy kisses unwrapped', 'milk chocolate chip', 'milk lukewarm', 'milk powder', 'milk ricotta cheese', 'milk room temperature', 'milk solid', 'milk warmed', 'millet', 'millet flour', 'milnot condensed milk', 'minado s perfect sushi rice', 'mineral water', 'mini candy coated chocolate piece', 'mini chocolate chip', 'mini graham cracker tart crust', 'mini phyllo tart shell', 'mini pretzel', 'mini semi sweet chocolate chip', 'mini sweet pepper', 'miniature bagel', 'miniature chocolate chip', 'miniature chocolate covered peanut butter cup', 'miniature graham cracker pie crust', 'miniature marshmallow', 'miniature phyllo cup', 'miniature semisweet chocolate chip', 'mint', 'mint chocolate chip', 'mint chocolate chip ice cream', 'mint extract', 'mint flake', 'mint leaves for garnish', 'mint powder', 'mint sauce', 'mint sprig', 'mint syrup', 'minute brown rice', 'minute rice', 'minute success rice', 'minute white rice', 'miracle whip light', 'mirepoix', 'mirin', 'mirin japanese sweet rice wine', 'mirliton', 'miso', 'mission fig', 'mixed berry', 'mixed cheese', 'mixed frozen berry', 'mixed fruit', 'mixed green', 'mixed herb', 'mixed nut', 'mixed salad green', 'mixed spice', 'mizithra cheese', 'mizuna', 'mochiko glutinous rice flour', 'moist white cake mix', 'moist yellow cake mix', 'molasse', 'molasses', 'monosodium glutamate', 'monosodium glutamate msg', 'monosodium glutamate such as ac cent', 'monterey jack and cheddar cheese blend', 'monterey jack cheese', 'monterey jack pepper cheese', 'monterey jack style soy cheese', 'montreal steak seasoning', 'morel', 'morel mushroom', 'mori nu extra lite tofu', 'morningstar farms griller', 'morningstar farms meal starters chicken strip', 'mortadella', 'morton lite salt', 'morton s coarse kosher salt', 'morton tender quick salt', 'mostaccioli pasta', 'mott s applesauce', 'mott s original applesauce', 'mozzarella', 'mozzarella ball', 'mozzarella cheddar blend cheese', 'mozzarella cheese', 'mozzarella provolone cheese blend', 'mozzarella string cheese', 'msg', 'muenster cheese', 'muesli', 'muffin', 'multi colored sprinkle', 'multicolored candy sprinkle', 'multicolored sprinkles jimmy', 'multigrain bread', 'mung bean sprout', 'muscadine grape', 'mushroom', 'mushroom liquid', 'mushroom piece', 'mushroom stems and piece', 'mushrooms coarsely', 'mushrooms drained', 'mushrooms drained and', 'mushrooms quartered', 'mushrooms stems removed', 'mushrooms with liquid', 'muskmelon', 'mussel', 'musselman s apple butter', 'mustard', 'mustard powder', 'mustard seed', 'my no roll pie crust', 'nacho cheese flavored tortilla chips such as dorito', 'nacho flavor tortilla chip', 'nam pla', 'nanami togarashi', 'napa cabbage', 'napa cabbage leaf', 'nasturtium blossom', 'nasturtium leaf', 'nasturtium petal', 'nature valley oats and honey crunchy granola bar', 'nature valley pecan crunch granola bar', 'navel orange zest of', 'navy bean', 'navy beans rinsed and drained', 'nectarine', 'nestle sweetened condensed milk', 'nestle toll house semi sweet chocolate morsel', 'neufchatel cheese', 'new england clam chowder', 'new mexico chile powder', 'new potato', 'new red potato', 'new york strip steak', 'nigella seed', 'nilla wafer', 'no added salt tomato paste', 'no boil lasagna noodle', 'no salt added black bean', 'no salt added black beans drained and rinsed', 'no salt added chicken broth', 'no salt added stewed tomato', 'no salt added tomato', 'no salt added tomato juice', 'no salt added tomato sauce', 'no salt added whole tomato', 'no sugar added tomato sauce', 'no yolks extra broad noodle', 'noilly prat', 'non alcoholic beer', 'non dairy creamer', 'non fat powdered milk', 'non fat tortilla chip', 'non fat vanilla yogurt', 'non hydrogenated vegan margarine', 'non instant chocolate pudding mix', 'non instant vanilla pudding mix', 'non iodized salt', 'non stick cooking spray', 'nonfat beef broth', 'nonfat cheddar cheese', 'nonfat chicken broth', 'nonfat cottage cheese', 'nonfat dry milk powder', 'nonfat dry milk solid', 'nonfat milk', 'nonfat parmesan cheese', 'nonfat plain yogurt', 'nonfat sour cream', 'nonfat vanilla soymilk', 'nonfat yogurt', 'nonstick cooking spray', 'nopale', 'nopalito', 'nori', 'nu salt', 'nuoc nam', 'nutmeg', 'nutmeg to taste', 'nutrasweet', 'nutritional yeast', 'nutritional yeast flake', 'o brien potato', 'oat bran', 'oat cereal', 'oat flour', 'oatmeal', 'ocean spray whole cranberry sauce', 'oil', 'oil for deep frying', 'oil sun tomato', 'oil sun tomatoes drained and', 'okra', 'old bay seasoning', 'old bay seasoning tm', 'old el paso n chunky salsa', 'old el paso taco seasoning mix', 'old mill oat', 'oleo', 'olive oil', 'olive oil flavored cooking spray', 'olive oil flavored vegetable cooking spray', 'olive oil for brushing', 'olive oil for frying', 'olive oil mayonnaise', 'olives drained', 'onion', 'onion and garlic crouton', 'onion bagel', 'onion juice', 'onion powder', 'onion powder to taste', 'onion slice', 'onion soup mix', 'onion white', 'open pit barbecue sauce', 'orange', 'orange and', 'orange and segmented', 'orange bell pepper', 'orange brandy', 'orange cake mix', 'orange cut into wedge', 'orange flavored craisin', 'orange flavored drink mix e g tang', 'orange flavored jell o mix', 'orange flavored liqueur', 'orange flower water', 'orange gelatin', 'orange gelatin mix', 'orange in round', 'orange into round', 'orange juice', 'orange juice and rind of', 'orange juice and zest of', 'orange juice concentrate', 'orange juiced and zested', 'orange liqueur such as grand marnier', 'orange marmalade', 'orange pekoe tea bag', 'orange rind of', 'orange sectioned and cut into bite size', 'orange segment', 'orange slice', 'orange slices for garnish', 'orange sweet bell pepper', 'orange sweet potato', 'orange zest of', 'orange zested and juiced', 'oranges into round', 'oranges juice and rind of', 'oranges juice and zest of', 'oranges juiced', 'oranges rind of', 'oranges zest of', 'oranges zested and juiced', 'orecchiette pasta', 'oregano', 'oregano flake', 'oregano leaf', 'oregano to taste', 'oreo cooky', 'orgeat syrup', 'original bisquick mix', 'original snack factory pretzel crisp', 'orzo', 'orzo pasta', 'other brandy', 'other dry white wine', 'other pasta', 'other shortening', 'other sweet onion', 'other_target_ingredient', 'oven deli chicken', 'oyster', 'oyster cracker', 'oyster sauce', 'pak choi', 'palm oil', 'palm sugar', 'pam original no stick cooking spray', 'panang curry paste', 'pancake', 'pancake mix', 'pancetta', 'pancetta bacon', 'pandan extract', 'pandan leaf', 'paneer', 'paneer cheese', 'panir', 'panko breadcrumb', 'panko crumb', 'panko japanese bread crumb', 'papaya', 'papaya seed', 'pappardelle pasta', 'paprika', 'paprika for garnish', 'paprika to taste', 'parboiled rice', 'parchment paper', 'parmesan', 'parmesan asiago and romano cheese blend', 'parmesan cheese', 'parmesan cheese to taste', 'parmesan romano cheese mix', 'parmigiano', 'parmigiano reggiano', 'parmigiano reggiano cheese', 'parrot bay coconut rum', 'parsley', 'parsley flake', 'parsley for garnish', 'parsley leaf', 'parsnip', 'parsnip and', 'parsnips and', 'parsnips and cut into inch piece', 'part skim cottage cheese', 'part skim mozzarella cheese', 'part skim ricotta cheese', 'partridge', 'partridge breast', 'passion fruit juice', 'passion fruit liqueur', 'passion fruit nectar', 'passion fruit puree', 'pasta', 'pasta dough', 'pasta roni', 'pasta sauce', 'pasta shape', 'pasta sheet', 'pasta shell', 'pasteurized egg', 'pasti', 'pastrami', 'pastry', 'pastry flour', 'pastry for a double crust inch pie', 'pastry for a inch pie crust', 'pastry for a inch single crust pie', 'paula deen s house seasoning mix', 'pawpaw', 'pea', 'pea tendril', 'peach', 'peach chutney', 'peach gelatin', 'peach ice cream', 'peach pitted and', 'peach preserve', 'peach schnapp', 'peach slice', 'peach vodka', 'peach yogurt', 'peache', 'peaches and', 'peaches and pitted', 'peaches drained', 'peaches in heavy syrup', 'peaches pitted and', 'peaches with juice', 'peanut', 'peanut butter', 'peanut butter chip', 'peanut butter cup', 'peanut oil', 'peanut oil for frying', 'peanut sauce', 'peanuts in shell', 'pear', 'pear brandy', 'pear cored and', 'pear half', 'pearl barley', 'pearl israeli couscou', 'pearl onion', 'pears cored and', 'peas and carrot', 'peas drained', 'pecan', 'pecan meal', 'pecan piece', 'pecorino romano cheese', 'peking duck', 'penne', 'penne pasta', 'pepitas pumpkin seed', 'peppadew pepper', 'peppar vodka', 'pepper', 'pepper jack cheese', 'pepper sauce such as frank s red hot', 'pepper to taste', 'pepper vinegar', 'peppercorn', 'peppered bacon', 'pepperidge farm herb seasoned stuffing', 'pepperidge farm stuffing', 'pepperjack cheese', 'peppermint', 'peppermint candy', 'peppermint candy cane', 'peppermint ice cream', 'peppermint oil', 'pepperoncini', 'pepperoncini pepper', 'pepperoni', 'pepperoni sausage', 'perch', 'peri peri', 'pernod', 'persimmon', 'persimmon pulp', 'pesto', 'pesto sauce', 'pesto sauce mix', 'pet milk', 'petite tomato', 'pheasant', 'pheasant breast', 'philadelphia brick cream cheese softened', 'philadelphia chocolate brick cream cheese softened', 'philadelphia cream cheese', 'philadelphia neufchatel cheese', 'phyllo dough', 'picante salsa', 'picante sauce', 'pickle', 'pickle juice', 'pickle relish', 'pickled caper', 'pickled cucumber', 'pickled egg', 'pickled garlic', 'pickled ginger', 'pickled herring', 'pickled jalapeno pepper', 'pickled jalapeno pepper juice', 'pickled jalapeno pepper slice', 'pickled jalapeno slice', 'pickled sweet pepper', 'pickling lime', 'pickling salt', 'pickling spice', 'pickling vinegar', 'pico de gallo', 'pico de gallo salsa', 'pie apple', 'pie crust pastry', 'pie filling', 'pie shell', 'pierogi', 'pignoli', 'pignoli nut', 'pillsbury best all purpose flour', 'pillsbury refrigerated crescent dinner roll', 'piloncillo cone', 'pimento', 'pimento pepper', 'pimento strip', 'pimentos drained', 'pimiento', 'pimiento strip', 'pine nut', 'pineapple', 'pineapple bit', 'pineapple chunk', 'pineapple chunks in juice', 'pineapple chunks with juice', 'pineapple in juice', 'pineapple in syrup', 'pineapple juice', 'pineapple preserve', 'pineapple ring', 'pineapple rum', 'pineapple sage', 'pineapple salsa', 'pineapple slice', 'pineapple tidbit', 'pineapple vodka', 'pineapple with juice', 'pinhead oat', 'pink bean', 'pink grapefruit juice', 'pink grapefruit slice', 'pink kidney bean', 'pint blackberry', 'pint canning jars with lids and ring', 'pint cherry tomato', 'pint grape tomato', 'pint half and half', 'pint half and half cream', 'pint heavy cream', 'pint heavy whipping cream', 'pint part skim ricotta cheese', 'pint raspberry', 'pint ricotta cheese', 'pint sour cream', 'pint strawberries hulled and', 'pint vanilla ice cream', 'pinto bean', 'pinto beans drained', 'pinto beans drained and rinsed', 'pinto beans in chili sauce', 'pinto beans rinsed and drained', 'pinto beans undrained', 'pinto beans with jalapeno pepper', 'pints cherry tomato', 'pints strawberries hulled and', 'pints strawberry', 'pippin apple', 'piri piri', 'pisco', 'pistachio', 'pistachio ice cream', 'pistachio pudding mix', 'pita bread', 'pita bread round', 'pitted and green olive', 'pitted and peache', 'pitted black olives drained and', 'pitted cherry', 'pitted date', 'pitted medjool date', 'pitted prune', 'pitted sour cherries drained', 'pitted sour cherry', 'pizza crust dough', 'pizza dough', 'pizza sauce', 'plain', 'plain breadcrumb', 'plain cornmeal', 'plain dry bread crumb', 'plain fat free greek yogurt', 'plain fat free yogurt', 'plain flour', 'plain gelatin', 'plain greek style yogurt', 'plain low fat yogurt', 'plain lowfat yogurt', 'plain non fat yogurt', 'plain nonfat yogurt', 'plain white flour', 'plain whole milk yogurt', 'plain yogurt', 'plantain', 'planters pecan', 'plum', 'plum brandy', 'plum food', 'plum jam', 'plum jelly', 'plum preserve', 'plum puree', 'plum sauce', 'plum tomato', 'plum tomatoes seeded and', 'plum tomatoes with liquid', 'plum wine', 'plums in heavy syrup', 'plums pitted and', 'poblano chile', 'poblano chile pepper', 'poblano pepper', 'polenta', 'polish sausage', 'polyunsaturated margarine', 'pomegranate', 'pomegranate and seeds separated', 'pomegranate concentrate', 'pomegranate juice', 'pomegranate molasses', 'pomegranate paste', 'pomegranate seed', 'pomegranate syrup', 'pomelo fruit', 'ponzu sauce', 'poppy seed', 'poppy seed filling', 'poppyseed filling', 'porcini mushroom', 'pork', 'pork and bean', 'pork back rib', 'pork belly', 'pork breakfast sausage', 'pork broth', 'pork butt', 'pork butt roast', 'pork chop', 'pork cutlet', 'pork filet', 'pork loin', 'pork loin roast', 'pork loin steak', 'pork neck bone', 'pork picnic roast', 'pork rib', 'pork roast', 'pork sausage', 'pork sausage link', 'pork shoulder', 'pork sirloin', 'pork sparerib', 'pork steak', 'pork stew meat', 'pork tenderloin', 'pork top loin', 'port wine', 'portabella mushroom cap', 'portobello mushroom cap', 'portobello mushrooms stems removed', 'potato', 'potato cheese pierogy', 'potato chip', 'potato flake', 'potato flour', 'potato gnocchi', 'potato starch', 'poultry seasoning', 'powdered alum', 'powdered buttermilk', 'powdered chocolate drink mix', 'powdered egg', 'powdered fruit pectin', 'powdered jaggery', 'powdered milk', 'powdered non dairy creamer', 'powdered oregano', 'powdered peanut butter such as pb', 'powdered sugar', 'powdered thyme', 'powdered turmeric', 'powdered x sugar', 'prawn', 'prawns and deveined', 'pre mozzarella cheese', 'prepared alfredo sauce', 'prepared barbecue sauce', 'prepared basil pesto', 'prepared basil pesto sauce', 'prepared brown mustard', 'prepared chocolate cookie crumb crust', 'prepared chocolate frosting', 'prepared chocolate pudding', 'prepared coleslaw', 'prepared dashi stock', 'prepared garlic in oil', 'prepared graham cracker crust', 'prepared graham cracker pie crust', 'prepared hollandaise sauce', 'prepared horseradish', 'prepared hot mustard', 'prepared inch pastry shell', 'prepared inch pastry shell and cooled', 'prepared inch pie crust', 'prepared inch single pie crust', 'prepared instant mashed potato', 'prepared lemon pudding', 'prepared lemonade', 'prepared marinara sauce', 'prepared mashed potato', 'prepared mincemeat pie filling', 'prepared mustard', 'prepared pasta sauce', 'prepared pesto', 'prepared pesto sauce', 'prepared pie crust', 'prepared pizza crust', 'prepared pizza dough', 'prepared pound cake', 'prepared pumpkin', 'prepared salsa', 'prepared stuffing', 'prepared tapioca', 'prepared thai peanut sauce', 'prepared vanilla frosting', 'prepared yellow mustard', 'preserved black bean', 'preserved radish', 'preserved turnip', 'pressed garlic', 'pretzel', 'pretzel stick', 'pretzel twist', 'prickly pear', 'prime rib roast', 'process american cheese', 'process cheese food such as velveeta', 'process cheese sauce', 'processed american cheese', 'processed cheese', 'processed cheese food', 'processed cheese food eg velveeta', 'processed cheese food such as velveeta', 'processed cheese sauce', 'processed cheese spread', 'processed cheese such as velveeta', 'processed cheese with jalapeno pepper', 'processed swiss cheese', 'proof vodka', 'prosciutto', 'prosciutto cut into strip', 'prosciutto di parma', 'provolone cheese', 'prune', 'prune butter', 'prune food', 'prune juice', 'prune puree', 'pudding mix', 'pudding rice', 'puff pastry', 'puff pastry sheet', 'pulled pork', 'pumpkin', 'pumpkin flesh', 'pumpkin pie', 'pumpkin pie filling', 'pumpkin pie spice', 'pumpkin puree', 'pumpkin seed', 'pureed chipotle peppers in adobo sauce', 'purple bell pepper', 'purple onion', 'purple potato', 'purple seedless grape', 'purple sweet potato', 'purslane', 'pyure all purpose stevia blend', 'quahog', 'quail', 'quaker oats quick', 'quark', 'quart beef broth', 'quart buttermilk', 'quart canning jars with lids and ring', 'quart cold milk', 'quart half and half', 'quart half and half cream', 'quart heavy cream', 'quart milk', 'quart oil for deep frying', 'quart peanut oil for frying', 'quart strawberries hulled and', 'quart strawberry', 'quart vanilla ice cream', 'quart vanilla ice cream softened', 'quart vegetable broth', 'quart vegetable oil for deep frying', 'quart vegetable stock', 'quart water', 'quart whole milk', 'quartered artichoke hearts drained', 'quartered cherry tomato', 'quartered strawberry', 'quarts beef broth', 'quarts beef stock', 'quarts boiling water', 'quarts chicken stock', 'quarts cold water', 'quarts half and half cream', 'quarts milk', 'quarts oil for deep frying', 'quarts oil for frying', 'quarts popped popcorn', 'quarts vegetable broth', 'quarts vegetable oil for deep frying', 'quarts vegetable stock', 'quarts water', 'queso anejo', 'queso asadero white mexican cheese', 'queso blanco', 'queso fresco', 'queso sauce', 'quick cooking brown rice', 'quick cooking long grain and wild rice mix', 'quick cooking pearl barley', 'quick cooking rice', 'quick cooking rolled oat', 'quick cooking tapioca', 'quick cooking white rice', 'quick cooking wild rice', 'quick mixing flour such as wondra', 'quick rise yeast', 'quick rising yeast', 'quince', 'quince paste', 'quinoa', 'quinoa flour', 'quinoa rinsed', 'quinoa rinsed and drained', 'quorn mince', 'quorn piece', 'quorn tender', 'rabbit', 'rabbit cleaned and cut into piece', 'rabbit joint', 'racks smithfield extra tender pork back ribs membrane removed', 'raclette cheese', 'radiatore', 'radicchio', 'radish', 'radish top', 'radishe', 'rag old world style traditional sauce', 'ragu old world style traditional pasta sauce', 'ragu tomato sauce', 'rainbow trout', 'raisin', 'ramen noodle', 'ranch dressing mix', 'ranch dressing mix such as hidden valley ranch', 'ranch salad dressing', 'ranch style bean', 'ranch style pinto bean', 'rapid rise yeast', 'rapini', 'ras el hanout moroccan spice mix', 'ras el hanout spice blend', 'ras el hanout spice mix', 'raspberry', 'raspberry extract', 'raspberry flavored jell o mix', 'raspberry gelatin powder', 'raspberry jam', 'raspberry jell o gelatin', 'raspberry puree', 'raspberry red wine vinegar', 'raspberry sauce', 'raspberry vinaigrette', 'raspberry vinaigrette salad dressing', 'raspberry vinegar', 'rava', 'ready made bruschetta', 'ready to serve beef broth', 'ready to serve custard', 'real bacon bit', 'real butter', 'real maple syrup', 'realemon juice', 'recaito', 'recipe pastry for a inch double crust pie', 'red', 'red and green candied cherry', 'red apple', 'red apple cored and', 'red baking apple', 'red bean', 'red beans drained and rinsed', 'red bell pepper', 'red bliss potato', 'red cabbage head', 'red candied cherry', 'red capsicum', 'red cayenne pepper', 'red chicory', 'red chile', 'red chile paste', 'red chile pepper', 'red chile powder', 'red chili pepper', 'red chili powder', 'red chili sauce', 'red chily', 'red cooking wine', 'red currant jam', 'red currant jelly', 'red curry paste', 'red curry powder', 'red date', 'red decorator sugar', 'red delicious apple', 'red delicious apples cored and', 'red enchilada sauce', 'red food coloring', 'red gelatin', 'red gold tomato', 'red grape', 'red jalapeno pepper', 'red kidney bean', 'red kidney beans drained', 'red kidney beans drained and rinsed', 'red leaf lettuce', 'red leicester cheese', 'red new potato', 'red onion strip', 'red pear tomato', 'red pepper cayenne', 'red pepper flake', 'red pepper flakes to taste', 'red pepper to taste', 'red pesto sauce', 'red potato', 'red quinoa', 'red seedless grape', 'red shallot', 'red snapper', 'red snapper fillet', 'red sweet bell pepper', 'red sweet pepper', 'red swiss chard', 'red table wine', 'red tomato', 'red wine', 'red wine vinegar', 'red zinfandel wine', 'reddi wip original dairy whipped topping', 'reduced calorie cranberry juice cocktail', 'reduced calorie cream cheese', 'reduced calorie maple syrup', 'reduced calorie stick margarine', 'reduced fat alfredo sauce', 'reduced fat american cheese', 'reduced fat baking mix', 'reduced fat cheddar cheese', 'reduced fat coconut milk', 'reduced fat cream cheese', 'reduced fat extra sharp cheddar cheese', 'reduced fat graham cracker crumb', 'reduced fat inch graham cracker crust', 'reduced fat jarlsberg cheese', 'reduced fat kielbasa', 'reduced fat mayonnaise', 'reduced fat milk', 'reduced fat monterey jack cheese', 'reduced fat mozzarella cheese', 'reduced fat parmesan cheese', 'reduced fat peanut butter', 'reduced fat ricotta cheese', 'reduced fat sharp cheddar cheese', 'reduced fat sour cream', 'reduced fat swiss cheese', 'reduced fat tofu', 'reduced fat unsweetened coconut milk', 'reduced fat vanilla ice cream', 'reduced sodium beef broth', 'reduced sodium black bean', 'reduced sodium chicken broth', 'reduced sodium ham', 'reduced sodium ketchup', 'reduced sodium navy bean', 'reduced sodium soy sauce', 'reduced sodium tomato juice', 'reduced sodium tomato sauce', 'reduced sodium worcestershire sauce', 'reduced sugar orange marmalade', 'refined flour', 'refried black bean', 'refrigerated biscuit dough', 'refrigerated biscuit dough separated and cut into quarter', 'refrigerated biscuit dough such as pillsbury grand', 'refrigerated buttermilk biscuit dough', 'refrigerated cheese tortellini', 'refrigerated crescent dinner roll', 'refrigerated crescent roll', 'refrigerated flaky biscuit dough', 'refrigerated pie crust', 'refrigerated pizza crust', 'refrigerated pizza crust dough', 'refrigerated pizza dough', 'refrigerated pizza dough such as pillsbury', 'refrigerated potatoes with onion', 'refrigerated sugar cookie dough', 'regular basil', 'regular grind coffee', 'regular long grain white rice', 'regular rolled oat', 'remoulade sauce', 'rendered bacon fat', 'reserved pineapple juice', 'reynolds parchment paper', 'reynolds slow cooker liner', 'reynolds wrap aluminum foil', 'reynolds wrap heavy duty aluminum foil', 'reynolds wrap non stick aluminum foil', 'rhubarb', 'rhubarb cut into inch piece', 'rib celery', 'rib eye steak', 'rice', 'rice flour', 'rice milk', 'rice paper wrapper', 'rice pilaf mix', 'rice powder', 'rice vermicelli', 'rice vinegar', 'rice wine', 'rice wine vinegar', 'rice wrappers inch diameter', 'rich chicken broth', 'ricotta', 'ricotta cheese', 'ricotta salata', 'riesling wine', 'rigatoni pasta', 'risotto rice', 'ritz cracker', 'ro tel mexican festival tomato', 'ro tel tomato', 'ro tel tomatoes with pepper', 'roast beef', 'robin hood all purpose flour', 'robin hood oat', 'robiola cheese', 'rock salt', 'rocket', 'roll', 'roll of pork sausage', 'rolled barley', 'rolled oat', 'rolled oatmeal', 'roma plum tomato', 'roma plum tomatoes quartered', 'roma plum tomatoes seeded and', 'roma tomato', 'roma tomatoes seeded and', 'romaine leaf', 'romaine lettuce', 'romaine lettuce leaf', 'romano', 'romano cheese', 'rome apple', 'root beer', 'roquefort blue cheese', 'roquefort cheese', 'rosamarina pasta', 'rose essence', 'rose extract', 'rose water', 'rose wine', 'rosemary', 'rosemary leaf', 'rosemary leaves crumbled', 'rosemary needle', 'rotel', 'rotel chili fixins tomato', 'rotel tomato', 'rotel tomatoes chily', 'rotelle pasta', 'rotini pasta', 'round', 'round brie cheese', 'round loaf sourdough bread', 'round onion', 'round steak', 'round steak cut into piece', 'round tip roast', 'round wonton wrapper', 'rub', 'ruby red grapefruit juice', 'rucola', 'rum', 'rum extract', 'rump roast', 'rump steak', 'rusk', 'russet baking potato', 'russet potato', 'rutabaga', 'rutabaga and', 'rutabagas and', 'rye bread', 'rye flour', 'safflower oil', 'saffron', 'saffron strand', 'saffron thread', 'sage', 'sage leaf', 'sage pork sausage', 'sage sausage', 'sago', 'sake', 'sake japanese rice wine', 'salad', 'salad oil', 'salad potato', 'salad shrimp', 'salami', 'salmon', 'salmon fillet', 'salmon steak', 'salsa', 'salsa fresca', 'salsa verde', 'salsify', 'salt', 'salt and black pepper', 'salt and black pepper to taste', 'salt and coarsely black pepper to taste', 'salt and cracked black pepper to taste', 'salt and freshly black pepper', 'salt and freshly black pepper to taste', 'salt and freshly pepper', 'salt and freshly pepper to taste', 'salt and pepper', 'salt and pepper to taste', 'salt and white pepper to taste', 'salt as needed', 'salt free herb seasoning blend', 'salt free seasoning blend', 'salt free seasoning blend such as mrs dash', 'salt plus more to taste', 'salt to taste', 'salt water', 'salted butter', 'salted cashew half', 'salted cashew piece', 'salted cod fish', 'salted herring', 'saltine cracker', 'saltine cracker crumb', 'sambal chili paste', 'sambal oelek', 'san marzano tomato', 'sandwich bread', 'sandwich bun', 'sardine fillet', 'satay sauce', 'satsuma orange', 'sauce', 'sauerkraut', 'sauerkraut drained', 'sauerkraut drained and rinsed', 'sauerkraut with juice', 'sausage', 'sausage meat', 'savoiardi cooky', 'savory', 'sazon goya con culantro y achiote', 'sazon goya with coriander and annatto', 'sazon seasoning', 'scalded milk', 'scallion', 'scallions green onion', 'scallop', 'scalloped potatoes mix', 'scamorza cheese', 'scoop protein powder', 'scoop vanilla ice cream', 'scoop vanilla protein powder', 'scoops vanilla ice cream', 'scotch bonnet chile pepper', 'scotch bonnet pepper', 'scotch whiskey', 'screwpine leaf', 'sea bass fillet', 'sea salt', 'sea salt and black pepper to taste', 'sea salt and freshly black pepper to taste', 'sea salt and pepper to taste', 'sea salt to taste', 'sea scallop', 'sea scallops rinsed and drained', 'seafood seasoning', 'seafood seasoning such as old bay', 'seashell pasta', 'season all salt', 'season salt', 'seasoned crouton', 'seasoned flour', 'seasoned pepper', 'seasoned rice vinegar', 'seasoned rice wine vinegar', 'seasoned salt such as lawry s', 'seasoned salt to taste', 'seasoning salt', 'seasoning salt to taste', 'seeded and butternut squash', 'seeded and cucumber', 'seeded and jalapeno pepper', 'seeded and tomato', 'seeded cucumber', 'seeded tomato', 'seeded watermelon', 'seedless black grape', 'seedless blackberry jam', 'seedless red grape', 'seitan', 'self raising flour', 'self rising cake flour', 'self rising cornmeal', 'self rising flour', 'seltzer water', 'semi sweet chocolate chip', 'semisweet chocolate chip', 'semisweet chocolate chips melted', 'semolina', 'semolina flour', 'serrano chile', 'serrano chile pepper', 'serrano chili pepper', 'serrano chily', 'serrano pepper', 'serving cooking spray', 'sesame oil', 'sesame seed', 'sesame seed paste', 'seville orange', 'shallot', 'sharp american cheese', 'sharp cheddar', 'sharp cheddar cheese', 'sharp white cheddar cheese', 'shaved parmesan cheese', 'sheet frozen puff pastry thawed', 'sheets frozen puff pastry thawed', 'sheets nori dry seaweed', 'sheets phyllo dough', 'shell pasta', 'shelled crab', 'shelled edamame green soybean', 'shelled pistachio nut', 'shelled pumpkin seed', 'shelled sunflower seed', 'sherry', 'sherry vinegar', 'sherry wine', 'sherry wine vinegar', 'shiitake mushrooms stemmed and', 'shin beef', 'shiro miso', 'shitake mushroom', 'shoe peg corn', 'shoepeg corn', 'shoestring potato', 'short grain rice', 'short grain white rice', 'short rib of beef', 'shortening', 'shortening chilled', 'shortening chilled and', 'shortening for frying', 'shortening melted', 'shrimp', 'shrimp bouillon cube', 'shrimp in shell', 'shrimp paste', 'shrimp per pound', 'shucked oyster', 'sichuan peppercorn', 'side bacon', 'sifted all purpose flour', 'sifted cake flour', 'sifted confectioners sugar', 'sifted whole wheat flour', 'simple honey mustard salad dressing', 'simply potatoes hash brown', 'sirloin', 'sirloin beef', 'sirloin steak', 'sirloin tip', 'sirloin tip roast', 'sirloin tip steak', 'skewer', 'skim evaporated milk', 'skim milk buttermilk', 'skim milk powder', 'skim milk ricotta cheese', 'skim milk yogurt', 'skin on salmon fillet', 'skinned chicken breast', 'skinned split black lentils urad dal', 'skirt steak', 'slabs back pork rib', 'sleeve buttery round crackers such as ritz', 'slices french bread', 'slices ham', 'slices italian bread', 'slices mozzarella cheese', 'slices prosciutto', 'slices tomato', 'slices white bread', 'slider size burger bun', 'sloppy joe sauce', 'smelt', 'smoked back bacon', 'smoked bacon', 'smoked cheddar cheese', 'smoked cod', 'smoked gouda cheese', 'smoked kielbasa sausage', 'smoked link sausage', 'smoked mozzarella cheese', 'smoked sausage', 'smoked sausage of your choice', 'smoked tofu', 'smoked trout fillet', 'smoked turkey', 'smoked turkey leg', 'snipped chive', 'snipped parsley', 'snow pea', 'soba noodle', 'sockeye salmon', 'soda cracker', 'soda water', 'sofrito', 'softened butter', 'softened cream cheese', 'soho lychee liqueur', 'sole fillet', 'solid white tuna in water', 'sorghum', 'sorghum flour', 'sorghum molasse', 'sorrel', 'sorrel leaf', 'soup', 'sour apple', 'sour cream', 'sour cream for garnish', 'sour cream for topping', 'sour cream room temperature', 'sour cream substitute', 'sour milk', 'sour pitted cherry', 'sourdough bread', 'sourdough english muffin', 'sourdough starter', 'southeast asian fish sauce', 'southern style hash brown', 'soy cheddar cheese', 'soy flour', 'soy ice cream', 'soy lecithin', 'soy milk', 'soy mozzarella cheese', 'soy powder', 'soy protein', 'soy protein isolate', 'soy sauce', 'soy sauce to taste', 'soya milk', 'soya sauce', 'soybean', 'soybean oil often labeled vegetable oil', 'soymilk', 'soymilk lite', 'soymilk powder', 'spaetzle noodle', 'spaghetti', 'spaghetti and drained', 'spaghetti broken into inch piece', 'spaghetti broken into piece', 'spaghetti noodle', 'spaghetti sauce', 'spaghetti squash', 'spaghetti squash lengthwise and seeded', 'spaghettini', 'spanish olive oil', 'spanish onion', 'spanish paprika', 'spanish rice', 'spanish rice mix', 'spanish saffron thread', 'spanish style rice mix', 'sparkling water', 'spearmint', 'spears asparagu', 'spears asparagus and cut into inch piece', 'speck', 'spelt flour', 'spice blend', 'spice cake mix', 'spice islands fine grind black pepper', 'spice islands italian herb seasoning', 'spice islands vanilla extract', 'spice rub', 'spiced rum', 'spicy brown mustard', 'spicy italian sausage', 'spicy mustard', 'spicy pork sausage', 'spicy tomato salsa', 'spicy tomato sauce', 'spinach', 'spinach drained', 'spinach leaf', 'spinach pasta', 'spinach rinsed', 'spinach rinsed and', 'spinach rinsed and torn into bite size piece', 'spinach souffle', 'spinach stems removed', 'spinach torn', 'spinach tortilla', 'spinach washed and', 'spiral cut ham', 'spiral pasta', 'spiral shaped pasta', 'splash club soda', 'splash grenadine syrup', 'splash lime juice', 'splash vanilla extract', 'splenda granular', 'splenda sugar blend for baking', 'splenda sugar substitute', 'split bengal gram chana dal', 'split pea', 'split yellow lentil', 'sponge cake finger', 'sprig basil', 'sprig cilantro', 'sprig curry leaf', 'sprig dill', 'sprig mint', 'sprig parsley', 'sprigs basil', 'sprigs cilantro for garnish', 'sprigs cilantro leaf', 'sprigs dill', 'sprigs dill weed', 'sprigs mint for garnish', 'sprigs oregano', 'sprigs rosemary leaves stripped and', 'sprigs sage', 'sprigs thyme leaves stripped', 'spring onion leaf', 'spring roll wrapper', 'sprinkle', 'square bittersweet chocolate', 'square semisweet chocolate', 'square unsweetened chocolate', 'square unsweetened chocolate melted', 'squares german sweet chocolate', 'squares semi sweet chocolate', 'squares semisweet chocolate melted', 'squares unsweetened baking chocolate', 'squares unsweetened chocolate', 'squares white chocolate', 'squeeze lemon juice', 'squid', 'sriracha chile sauce', 'sriracha hot chili sauce', 'sriracha hot sauce', 'sriracha sauce', 'stalk celery', 'star anise', 'star anise pod', 'starchy potatoes such as idaho', 'starkist tuna', 'steak', 'steak sauce', 'steak sauce such as a', 'steak style french fry', 'steamer clam', 'stevia', 'stevia in the', 'stevia powder', 'stew meat', 'stewed tomato', 'stewed tomatoes drained', 'stewed tomatoes undrained', 'stewed tomatoes with juice', 'stewed tomatoes with liquid', 'stewing beef', 'stewing lamb', 'stick butter', 'stick unsalted butter', 'sticky rice', 'stilton cheese', 'stir fry', 'stir fry sauce', 'stolichnaya vodka', 'stone corn grit', 'stone cornmeal', 'stone dijon mustard', 'stone mustard', 'stone white cornmeal', 'stone whole wheat flour', 'stove top stuffing mix', 'strawberries hulled', 'strawberries hulled and', 'strawberries quartered', 'strawberry', 'strawberry banana gelatin', 'strawberry cake mix', 'strawberry cream cheese', 'strawberry extract', 'strawberry flavored jell o', 'strawberry flavored jell o mix', 'strawberry flavored yogurt', 'strawberry gelatin', 'strawberry glaze', 'strawberry ice cream', 'strawberry jell o gelatin dessert', 'strawberry jelly', 'strawberry preserve', 'strawberry puree', 'strawberry sauce', 'strawberry syrup', 'strawberry yogurt', 'streusel', 'streusel topping', 'string bean', 'strips celery', 'strong brewed coffee', 'strong brewed coffee room temperature', 'strong white flour', 'stuffing', 'suet', 'sugar', 'sugar based curing mixture such as morton tender quick', 'sugar cube', 'sugar free cherry gelatin', 'sugar free fat free banana cream pudding mix', 'sugar free fat free butterscotch pudding', 'sugar free fat free french vanilla pudding and pie filling mix', 'sugar free fat free instant pudding mix', 'sugar free instant banana pudding mix', 'sugar free instant butterscotch pudding mix', 'sugar free instant chocolate fudge pudding mix', 'sugar free instant chocolate pudding mix', 'sugar free instant lemon pudding', 'sugar free instant pistachio pudding', 'sugar free instant pudding mix', 'sugar free instant vanilla pudding mix', 'sugar free instant white chocolate pudding mix', 'sugar free lemon gelatin', 'sugar free lime gelatin', 'sugar free maple syrup', 'sugar free orange gelatin', 'sugar free orange marmalade', 'sugar free peach gelatin mix', 'sugar free raspberry gelatin', 'sugar free strawberry banana flavor gelatin', 'sugar free strawberry gelatin', 'sugar free vanilla ice cream', 'sugar free vanilla pudding', 'sugar free vanilla pudding mix', 'sugar free white chocolate pudding mix', 'sugar pumpkin', 'sugar pumpkin seeded and', 'sugar snap pea', 'sugar water', 'sultana', 'sumac', 'sumac powder', 'sumaq', 'summer squash', 'sun cranberry', 'sun tomato', 'sun tomato in oil', 'sun tomato paste', 'sun tomato pesto', 'sun tomato puree', 'sun tomatoes in oil', 'sun tomatoes softened and', 'sunflower margarine', 'sunflower oil', 'sunflower seed', 'sunflower seed kernel', 'sunflower seed oil', 'super fine sugar', 'superfine sugar', 'sushi rice', 'swans down cake flour', 'swanson beef broth', 'swanson chicken broth', 'swanson chicken stock', 'swanson unsalted chicken broth', 'swanson unsalted chicken stock', 'swede', 'sweet and sour mix', 'sweet and sour sauce', 'sweet apple', 'sweet apple cider', 'sweet basil', 'sweet basil leaf', 'sweet bell pepper', 'sweet butter', 'sweet cherry', 'sweet chili sauce', 'sweet corn kernel', 'sweet creamy butter', 'sweet dessert wine', 'sweet italian sausage', 'sweet italian sausage link', 'sweet mango', 'sweet marsala wine', 'sweet milk', 'sweet mustard', 'sweet n low', 'sweet n low granulated sugar substitute', 'sweet onion such as vidalia', 'sweet onions such as vidalia', 'sweet orange', 'sweet pea', 'sweet peas drained', 'sweet pepper', 'sweet pickle', 'sweet pickle juice', 'sweet pickle relish', 'sweet potato', 'sweet potato food', 'sweet potato puree', 'sweet potatoes in syrup', 'sweet red pepper', 'sweet red wine', 'sweet rice', 'sweet rice flour', 'sweet unsalted butter', 'sweet vermouth', 'sweet white onion', 'sweet whole kernel corn', 'sweet wine', 'sweet yellow onion', 'sweetbread', 'sweetcorn', 'sweetened coconut flake', 'sweetened condensed milk', 'sweetened condensed milk such as eagle brand', 'sweetened cranberries such as craisin', 'sweetened cranberries such as ocean spray craisin', 'sweetened cream of coconut', 'sweetened lime juice', 'sweetened whipped cream', 'swiss chard', 'swiss chard leaf', 'swiss cheese', 'swordfish fillet', 'swordfish steak', 'syrup', 'szechwan pepper', 'tabasco brand chipotle pepper sauce', 'tabasco jalapeno sauce', 'tabasco sauce', 'table salt', 'taco', 'taco bell home originals n chunky salsa', 'taco sauce', 'taco seasoning mix', 'taco shell', 'taco size flour tortilla', 'tahini', 'tahini paste', 'tahini sesame butter', 'tahini sesame seed paste', 'taleggio', 'tamari', 'tamari gluten free soy sauce', 'tamari sauce', 'tamari soy sauce', 'tamarillo', 'tamarind', 'tamarind chutney', 'tamarind extract', 'tamarind juice', 'tamarind paste', 'tamarind pulp', 'tandoori masala', 'tandoori paste', 'tandoori spice mix', 'tangerine', 'tangerine juice', 'tangerine juice concentrate', 'tangerine zest of', 'tap water', 'tapioca', 'tapioca flour', 'tapioca pudding', 'tapioca starch', 'tarragon', 'tarragon leaf', 'tarragon vinegar', 'tarragon white wine vinegar', 'tart apple', 'tart apples cored and', 'tart baking apple', 'tart cherry', 'tart cooking apple', 'tart green apple', 'tartar sauce', 'tasso', 'tater tot', 'tea', 'tea bag', 'teddy grahams honey graham snack', 'teff', 'teff flour', 'tempeh', 'tempeh bacon', 'tequila', 'teriyaki sauce', 'textured vegetable protein', 'texturized vegetable protein tvp', 'thai basil', 'thai basil leaf', 'thai chile pepper', 'thai fish sauce', 'thai red curry paste', 'thai sweet chili sauce', 'thawed cool whip whipped topping', 'thawed frozen whipped topping', 'the best creole cajun seasoning mix', 'thompson seedless grape', 'thousand island dressing', 'thousand island salad dressing', 'thyme', 'thyme honey', 'thyme leaf', 'thyme sprig', 'tiger prawns and deveined', 'tiny new potato', 'tiny pasta', 'tiny pea', 'tiny pinch salt', 'tiny shrimp', 'to taste salt and pepper to taste', 'toffee baking bit', 'toffee ice cream', 'tofu', 'tofu crumble', 'tofu crumbled', 'tofu drained', 'tofu drained and', 'tofu mayonnaise', 'tofu sour cream', 'tofutti better than cream cheese', 'tofutti sour cream', 'tomatillo', 'tomatillos husked', 'tomatillos husked and', 'tomatillos husks removed', 'tomato', 'tomato and clam juice cocktail', 'tomato base barbecue sauce', 'tomato based chili sauce', 'tomato basil feta cheese', 'tomato basil pasta sauce', 'tomato bisque', 'tomato bisque soup', 'tomato chutney', 'tomato juice', 'tomato pasta sauce', 'tomato paste', 'tomato puree', 'tomato salsa', 'tomato sauce', 'tomato sauce mushroom', 'tomato sauce with basil garlic and oregano', 'tomato sauce with herb', 'tomato sauce with onion', 'tomato slice', 'tomato soup', 'tomato tortilla', 'tomato vegetable juice cocktail', 'tomato vegetable juice cocktail such as v', 'tomato with juice', 'tomatoe', 'tomatoes and', 'tomatoes and green chile', 'tomatoes and green chily', 'tomatoes and quartered', 'tomatoes coarsely', 'tomatoes cored', 'tomatoes cut into chunk', 'tomatoes cut into inch slice', 'tomatoes drained', 'tomatoes drained and', 'tomatoes in juice', 'tomatoes in puree', 'tomatoes in tomato puree', 'tomatoes juice reserved', 'tomatoes mashed', 'tomatoes pureed', 'tomatoes quartered', 'tomatoes seeded and', 'tomatoes undrained', 'tomatoes with basil', 'tomatoes with basil and garlic', 'tomatoes with basil and oregano', 'tomatoes with garlic', 'tomatoes with garlic and olive oil', 'tomatoes with garlic and onion', 'tomatoes with green chile pepper', 'tomatoes with green chile peppers such as ro tel', 'tomatoes with green chilies undrained', 'tomatoes with green chily', 'tomatoes with green pepper and onion', 'tomatoes with green pepper celery and onion', 'tomatoes with herb', 'tomatoes with jalapeno', 'tomatoes with jalapeno pepper', 'tomatoes with juice', 'tomatoes with liquid', 'tomatoes with mild green chily', 'tomatoes with onion garlic and basil', 'tomatoes with seasoning', 'tomatoes with sweet onion', 'tonic water', 'toothpick', 'top round beef', 'top round roast', 'top round steak', 'topping', 'torn arugula leaf', 'torn basil leaf', 'torn romaine lettuce', 'torn spinach', 'torn spinach leaf', 'tortellini pasta', 'tortilla', 'tortilla chip', 'tostada shell', 'tray ice cube', 'trays ice cube', 'treacle', 'tri color pasta', 'tri color rotini pasta', 'tri color spiral pasta', 'tri colored pasta', 'tri tip roast', 'tri tip steak', 'tripe', 'triple sec', 'trout', 'trout cleaned', 'trout fillet', 'truffle', 'truffle oil', 'truvia baking blend', 'truvia sweetener spoonable', 'tub cool whip whipped topping thawed', 'tub frozen whipped topping thawed', 'tubetti pasta', 'tuna', 'tuna fillet', 'tuna fish', 'tuna in brine', 'tuna in oil', 'tuna in olive oil', 'tuna in vegetable oil', 'tuna in water', 'tuna salad', 'tuna steak', 'turbinado sugar', 'turbinado sugar such as sugar in the', 'turkey', 'turkey broth', 'turkey carcass', 'turkey dripping', 'turkey fat', 'turkey gravy', 'turkey leg', 'turkey meat', 'turkey part', 'turkey polish kielbasa', 'turkey sausage', 'turkey slice', 'turkey stock', 'turkey stuffing', 'turkey wing', 'turmeric', 'turmeric powder', 'turnip', 'turnip and', 'turnips and', 'tzatziki sauce', 'udon noodle', 'umeboshi', 'umeboshi plum paste', 'unbaked deep dish pie crust', 'unbaked inch pie crust', 'unbaked pizza crust', 'unbaked tart shell', 'unbleached all purpose flour', 'unbleached bread flour', 'unbleached flour', 'unbleached white flour', 'uncle ben s converted brand rice', 'uncle bens wild rice', 'unflavored gelatin', 'unpeeled potato', 'unpeeled red potato', 'unpeeled shrimp', 'unpeeled zucchini', 'unpopped popcorn', 'unsalted almond', 'unsalted butter', 'unsalted butter at room temperature', 'unsalted dry cashew', 'unsalted peanut butter', 'unsalted pistachio nut', 'unsalted sunflower seed', 'unsifted all purpose flour', 'unsifted flour', 'unsmoked bacon', 'unsulfured molasse', 'unsweetened almond milk', 'unsweetened apple cider', 'unsweetened apple juice', 'unsweetened berry', 'unsweetened cocoa', 'unsweetened cocoa powder', 'unsweetened cocoa powder for dusting', 'unsweetened coconut cream', 'unsweetened coconut flake', 'unsweetened coconut milk', 'unsweetened gelatin', 'unsweetened grapefruit juice', 'unsweetened pineapple', 'unsweetened pineapple juice', 'unsweetened pineapple slice', 'unsweetened plain yogurt', 'unsweetened raspberry', 'unsweetened soy milk', 'unsweetened strawberry', 'unsweetened vanilla flavored almond milk', 'untreated cedar plank', 'up', 'urad dal', 'valencia orange', 'vanilla', 'vanilla baking chip', 'vanilla bean', 'vanilla bean paste', 'vanilla bean split and scraped', 'vanilla bean split lengthwise', 'vanilla custard', 'vanilla custard powder', 'vanilla essence', 'vanilla extract', 'vanilla fat free yogurt', 'vanilla flavor instant pudding and pie filling mix', 'vanilla flavored almond milk', 'vanilla flavored confectioners coating', 'vanilla flavored syrup', 'vanilla flavoring', 'vanilla frosting', 'vanilla greek yogurt', 'vanilla ice cream', 'vanilla ice cream softened', 'vanilla instant pudding mix', 'vanilla low fat yogurt', 'vanilla powder', 'vanilla protein powder', 'vanilla pudding mix', 'vanilla soy milk', 'vanilla sugar', 'vanilla wafer', 'vanilla wafer cooky', 'vanilla wafer crumb', 'vanilla yogurt', 'veal', 'veal broth', 'veal cutlet', 'veal demi glace', 'veal escalope', 'vegan bacon', 'vegan brown sugar', 'vegan butter', 'vegan cheddar cheese', 'vegan cheese', 'vegan chicken', 'vegan cream cheese', 'vegan egg replacer powder', 'vegan egg substitute', 'vegan gelatin', 'vegan monterey jack cheese', 'vegan mozzarella cheese', 'vegan parmesan cheese', 'vegan pie crust', 'vegan sausage link', 'vegan sour cream', 'vegan sugar', 'vegan worcestershire sauce', 'vegan yogurt', 'vegemite', 'vegetable bouillon such as better than bouillon', 'vegetable broth', 'vegetable cooking spray', 'vegetable juice such as v', 'vegetable margarine', 'vegetable marrow', 'vegetable oil', 'vegetable oil cooking spray', 'vegetable oil for deep frying', 'vegetable oil for frying', 'vegetable shortening such as crisco', 'vegetable suet', 'vegetarian bean', 'vegetarian beef', 'vegetarian beef broth', 'vegetarian beef strip', 'vegetarian breakfast sausage patty', 'vegetarian burger crumble', 'vegetarian cheddar cheese', 'vegetarian chicken bouillon granule', 'vegetarian chicken broth', 'vegetarian chicken flavored broth mix', 'vegetarian chicken piece', 'vegetarian chicken stock', 'vegetarian chicken substitute', 'vegetarian chili', 'vegetarian chocolate pudding mix', 'vegetarian ham', 'vegetarian hot dog', 'vegetarian instant vanilla pudding mix', 'vegetarian meatball', 'vegetarian oyster sauce', 'vegetarian parmesan cheese', 'vegetarian refried bean', 'vegetarian sausage link', 'vegetarian sausage patty', 'vegetarian vegetable soup', 'vegetarian worcestershire sauce', 'velveeta cheese', 'velveeta cheese slice', 'velveeta cut into inch cube', 'velveeta mexican cheese', 'velveeta reduced fat cheese product', 'velveeta shells and cheese dinner', 'venison', 'venison roast', 'venison steak', 'venison stew meat', 'vermicelli pasta', 'vermont sharp cheddar cheese', 'very banana', 'very banana mashed', 'vidalia', 'vinaigrette', 'vindaloo curry paste', 'vine ripened tomato', 'vinegar', 'vinegar based hot pepper sauce', 'virgin coconut oil', 'vital wheat gluten', 'vital wheat gluten flour', 'vodka', 'waffle shaped french fry', 'walleye fillet', 'walnut', 'walnut extract', 'walnut liqueur', 'walnut meal', 'walnut meat', 'walnut oil', 'walnut piece', 'warm milk', 'warm milk degrees f degrees c', 'warm water', 'warm water degrees f', 'warm water degrees f degrees c', 'warm water to degrees f', 'warm water to degrees f to degrees c', 'wasabi', 'wasabi paste', 'wasabi powder', 'water', 'water as needed', 'water chestnut', 'water chestnuts drained', 'water chestnuts drained and', 'water if needed', 'water more if needed', 'water plus more as needed', 'water to cover', 'water tuna', 'watercress', 'watercress leaf', 'watermelon', 'watermelon chunk', 'watermelon juice', 'watermelon rind', 'watermelon vodka', 'watermelon wedge', 'wattleseed', 'wax beans drained', 'wedge brie cheese', 'wedge lemon', 'wedge lime', 'wedges lemon', 'wedges lime', 'weetabix', 'wensleydale cheese', 'wesson vegetable oil', 'wet ingredient', 'wheat and barley nugget cereal e g grape nut', 'wheat beer', 'wheat berry', 'wheat bread crumb', 'wheat chex cereal', 'wheat couscou', 'wheat cracker', 'wheat elbow macaroni', 'wheat flour', 'wheat flour tortilla', 'wheat germ', 'wheat germ oil', 'wheat gluten flour', 'wheat hamburger bun', 'wheat pastry flour', 'wheat penne pasta', 'wheat rotini pasta', 'wheel brie cheese', 'whipped butter', 'whipped cream', 'whipped cream cheese', 'whipped cream for garnish', 'whipped cream garnish', 'whipped topping', 'whipped topping such as cool whip', 'whipping cream', 'whiskey such as jack daniel s', 'white', 'white american cheese', 'white balsamic vinegar', 'white bean', 'white beans drained', 'white beans drained and rinsed', 'white beans rinsed and drained', 'white bread crust', 'white bread crusts removed', 'white bread cube', 'white bread cut into cube', 'white bread flour', 'white bread torn into piece', 'white cake mix', 'white cardamom pod', 'white cheddar cheese', 'white chocolate baking square', 'white chocolate bark', 'white chocolate chip', 'white chocolate melted', 'white chocolate piece', 'white chocolate pudding mix', 'white chocolate wafer', 'white confectioners coating', 'white cooking wine', 'white corn', 'white corn kernel', 'white corn syrup', 'white corn tortilla', 'white crab meat', 'white cranberry juice', 'white distilled vinegar', 'white flour', 'white flour tortilla', 'white frosting', 'white grapefruit', 'white hominy drained', 'white kidney bean', 'white lentil', 'white lily self rising flour', 'white minute rice', 'white miso paste', 'white mustard seed', 'white pepper', 'white pepper powder', 'white pepper to taste', 'white poppy seed', 'white potato', 'white radish', 'white radishe', 'white rice', 'white rice flour', 'white sauce', 'white sauce mix', 'white seedless grape', 'white sesame seed', 'white shoepeg corn', 'white sugar for rolling', 'white sugar to taste', 'white truffle', 'white truffle oil', 'white turkey meat', 'white vanilla', 'white vermouth', 'white vinegar', 'white whole wheat flour', 'white wine', 'white wine vinegar', 'white wine worcestershire sauce', 'white zinfandel wine', 'whiting fish fillet', 'whole bay leaf', 'whole berry cranberry sauce', 'whole buttermilk', 'whole canned tomato', 'whole chestnut', 'whole coriander seed', 'whole corn', 'whole cumin seed', 'whole dill weed', 'whole grain bagel', 'whole grain bread', 'whole grain english muffin', 'whole grain rice', 'whole grain wheat flour', 'whole green chili', 'whole green chily', 'whole green onion', 'whole kernel corn', 'whole milk ricotta cheese', 'whole mustard seed', 'whole pitted kalamata olive', 'whole potato', 'whole pumpkin seed', 'whole tomato', 'whole wheat bagel', 'whole wheat baguette', 'whole wheat bread', 'whole wheat bread flour', 'whole wheat flour', 'whole wheat pasta', 'whole wheat pasta shell', 'whole wheat pastry flour', 'whole wheat self rising flour', 'whole wheat spaghetti', 'whole wheat spiral pasta', 'whole wheat tortilla', 'wild duck', 'wild rice', 'wild rice mix', 'wild strawberry gelatin', 'wildflower honey', 'wine', 'wine cured sauerkraut', 'wine vinegar', 'winesap apple', 'winter melon', 'winter savory', 'won ton wrapper', 'wondra flour', 'wonton', 'wonton skin', 'wonton wrapper', 'wooden skewer', 'wooden skewers soaked in water for minute', 'wooden stick', 'worcestershire powder', 'worcestershire sauce', 'worcestershire sauce for chicken', 'x inch squares aluminum foil', 'xanthan gum', 'yam', 'yam and', 'yeast', 'yeast granule', 'yellow', 'yellow apple', 'yellow bell pepper', 'yellow cake mix', 'yellow cherry tomato', 'yellow chile', 'yellow corn', 'yellow corn grit', 'yellow curry powder', 'yellow miso paste', 'yellow mustard', 'yellow mustard seed', 'yellow pear tomato', 'yellow potato', 'yellow rice', 'yellow rice mix', 'yellow split pea', 'yellow squash', 'yellow squash cut into chunk', 'yellow squash cut into inch slice', 'yellow summer squash', 'yellow sweet bell pepper', 'yellow sweet onion', 'yellow sweet pepper', 'yellow tomato', 'yellowfin tuna fillet', 'yellowfin tuna steak', 'yoghurt', 'yogurt', 'young carrot', 'young ginger root', 'young roasting chicken', 'yukon gold potato', 'za atar', 'za atar spice mix', 'zatarain s jambalaya mix', 'zatarians gumbo base mix', 'zest from lemon', 'zesty italian dressing', 'zinfandel', 'ziti pasta', 'zucchini', 'zucchini and', 'zucchini cut into chunk', 'zucchini cut into cube', 'zucchini cut into inch round', 'zucchini cut into inch slice', 'zucchini cut into spirals using a spiral slicer', 'zucchini end', 'zucchini inch', 'zucchini into round', 'zucchini lengthwise', 'zucchini lengthwise and', 'zucchini lengthwise and cut in inch slice', 'zucchini quartered and', 'zucchini squeezed dry', 'zucchini thickly', 'zucchini with italian style tomato sauce', 'zucchinis cut into inch slice']",category
