Ingredient,Count
salt,207585
onion,147344
sugar,136805
butter,135578
garlic,131991
egg,131107
olive oil,97292
water,86916
milk,73294
flour,59313
pepper,58208
black pepper,58061
brown sugar,57412
all purpose flour,50989
cinnamon,47617
lemon juice,46203
tomato,45254
parsley,44376
baking powder,43254
baking soda,37224
vanilla extract,35940
carrot,35563
parmesan cheese,34650
vanilla,31258
green onion,30102
sour cream,29131
ginger,27910
margarine,26363
cream cheese,25825
garlic powder,25698
powdered sugar,25617
other_target_ingredient,25339
celery,24974
honey,24959
oregano,24894
cumin,24337
mayonnaise,24178
mushroom,23996
basil,23584
beef,23552
green bell pepper,23479
chicken breast,23474
nutmeg,23466
unsalted butter,23465
soy sauce,22723
chicken broth,21588
cheddar cheese,21343
thyme,21199
cilantro,20701
paprika,20470
potato,19558
bacon,19114
worcestershire sauce,18794
cornstarch,18722
lime juice,17497
chili powder,17372
walnut,16562
cayenne pepper,16530
pecan,16404
lemon zest,16151
bay leaf,15605
heavy cream,14763
red bell pepper,14631
raisin,14441
kosher salt,14416
red pepper flake,14019
dijon mustard,13772
mozzarella cheese,12924
half and half,12780
banana,12006
garlic clove,11738
chicken,11699
canola oil,11635
zucchini,11402
tomato sauce,11272
tomato paste,11095
rolled oat,11051
shrimp,10968
black olive,10902
shallot,10769
spinach,10764
buttermilk,10734
shortening,10399
lemon,10376
rosemary,10347
apple,10061
ketchup,9898
chocolate chip,9758
scallion,9496
strawberry,9485
cucumber,9226
onion powder,8727
sea salt,8371
vinegar,8338
chive,8262
coconut,8212
red wine vinegar,8177
white wine,8158
mint,8139
ham,8062
salsa,8059
cabbage,7971
avocado,7781
rice,7688
allspice,7382
whole wheat flour,7236
white pepper,7102
dry white wine,7093
maple syrup,7014
celery rib,6962
boiling water,6960
curry powder,6943
pineapple,6885
cheese,6847
cranberry,6814
orange,6469
monterey jack cheese,6280
black bean,6265
cider vinegar,6256
sesame seed,6196
bittersweet chocolate,6192
dry mustard,6187
dill,6163
yogurt,6107
green chily,6075
splenda sugar substitute,6069
basil leaf,6019
sharp cheddar cheese,5948
peanut butter,5907
blueberry,5838
turmeric,5822
cold water,5806
coriander,5794
evaporated milk,5744
cornmeal,5732
sage,5669
turkey,5551
bell pepper,5547
white vinegar,5543
molasse,5397
sweet potato,5374
green bean,5237
feta cheese,5206
rum,5142
flour tortilla,5121
swiss cheese,5108
broccoli,5057
warm water,5056
pine nut,4985
vegetable oil,4971
applesauce,4966
lime,4953
beef broth,4949
tabasco sauce,4915
sweetened condensed milk,4774
cool whip,4694
corn,4624
pork,4506
cherry tomato,4413
hot water,4394
peanut,4386
leek,4357
pumpkin,4301
active dry yeast,4291
mustard,4289
lettuce,4255
cinnamon stick,4246
raspberry,4233
miniature marshmallow,4189
seasoning salt,4187
black peppercorn,4163
coconut milk,4081
vegetable broth,4063
cayenne,4015
chicken thigh,3947
elbow macaroni,3939
chicken bouillon cube,3902
ricotta cheese,3899
cocoa powder,3888
dry sherry,3877
white wine vinegar,3845
beer,3844
caper,3809
red wine,3775
rice vinegar,3725
broccoli floret,3715
apple cider vinegar,3692
vodka,3642
white rice,3636
heavy whipping cream,3615
eggplant,3490
barbecue sauce,3460
tarragon,3392
mango,3380
plain flour,3379
tofu,3355
brandy,3348
salt and pepper to taste,3339
coffee,3336
plum tomato,3308
pasta,3258
asparagu,3233
bean sprout,3226
caster sugar,3196
fish sauce,3155
cream of tartar,3147
salt and black pepper to taste,3079
low sodium chicken broth,3077
gingerroot,3059
cardamom,3058
poultry seasoning,3045
kidney bean,3025
light corn syrup,3005
chicken piece,2983
lentil,2976
salmon fillet,2970
pumpkin pie spice,2969
celery seed,2940
bread flour,2937
marjoram,2937
dill weed,2934
date,2919
spaghetti,2911
cauliflower,2901
cumin seed,2863
thyme leaf,2861
green chili,2855
jalapeno chile,2846
mint sprig,2826
artichoke heart,2820
chickpea,2813
oatmeal,2794
blue cheese,2788
vanilla ice cream,2784
pear,2751
roma tomato,2725
lemon wedge,2689
corn tortilla,2649
salmon,2606
cilantro leaf,2599
chicken breast half,2589
brown rice,2566
corn kernel,2546
instant coffee granule,2541
graham cracker crumb,2529
water chestnut,2516
cottage cheese,2483
coarse salt,2476
lamb,2454
cashew,2442
yellow bell pepper,2436
russet potato,2428
cake flour,2409
tuna,2392
prepared mustard,2386
sun tomato,2383
granny smith apple,2380
long grain rice,2346
maraschino cherry,2344
chili sauce,2336
parsley flake,2336
creamy peanut butter,2270
soymilk,2269
pumpkin puree,2259
frozen corn,2251
sherry wine,2251
pork chop,2229
stewed tomato,2221
lemon peel,2196
romaine lettuce,2189
dry red wine,2184
cherry,2182
pinto bean,2166
red seedless grape,2124
apple cider,2105
herb,2089
poppy seed,2086
velveeta cheese,2085
garam masala,2080
coarse black pepper,2049
pea,2030
puff pastry,2027
flax seed,2019
self raising flour,2019
romano cheese,2017
lemon slice,2016
self rising flour,2009
sunflower seed,1989
half and half cream,1983
sausage,1974
pineapple chunk,1965
provolone cheese,1964
tomato juice,1956
caraway seed,1932
fennel seed,1931
nonfat milk,1931
baking potato,1929
hoisin sauce,1926
unbleached all purpose flour,1914
cracked black pepper,1883
prosciutto,1837
tomato puree,1832
graham cracker pie crust,1817
dill pickle,1812
instant vanilla pudding,1807
coconut oil,1766
wheat germ,1755
parmigiano reggiano cheese,1753
mustard seed,1743
american cheese,1727
bread crumb,1724
salt to taste,1724
eggs beaten,1719
chicken bouillon,1717
panko breadcrumb,1711
garbanzo bean,1709
grape tomato,1708
whole kernel corn,1702
corn syrup,1695
hamburger,1669
lettuce leaf,1641
oyster sauce,1622
linguine,1621
unflavored gelatin,1618
currant,1618
cornflour,1614
pearl barley,1611
sea scallop,1608
penne pasta,1606
light soy sauce,1604
baguette,1602
hazelnut,1593
liquid smoke,1590
pimiento,1588
chipotle chiles in adobo,1585
yukon gold potato,1565
berry,1560
splenda granular,1550
rhubarb,1532
oregano leaf,1532
red kidney bean,1531
cannellini bean,1517
bourbon,1511
gruyere cheese,1505
coriander leaf,1498
orange marmalade,1490
mustard powder,1474
italian sausage,1458
chicken wing,1451
graham cracker,1450
mashed potato,1448
table salt,1448
orange juice,1448
pesto sauce,1438
lemon pepper,1428
catsup,1419
sauerkraut,1412
lemongrass,1408
parsnip,1402
beet,1400
couscou,1392
acorn squash,1384
parsley leaf,1382
vanilla bean,1377
arugula,1371
quinoa,1365
light sour cream,1356
basmati rice,1343
snow pea,1342
creme fraiche,1330
monterey jack pepper cheese,1319
condensed cream of mushroom soup,1319
cardamom pod,1308
cherry pie filling,1306
dry yeast,1299
clam,1296
tahini,1294
italian seasoning,1288
horseradish,1281
chili pepper,1281
lemon juiced,1270
white flour,1268
yellow mustard,1259
kale,1256
wheat flour,1255
blackberry,1235
vanilla essence,1231
crouton,1231
whole tomato,1224
tortilla,1213
new potato,1190
cranberry juice,1171
turmeric powder,1170
red capsicum,1161
great northern bean,1160
orzo pasta,1157
ginger ale,1152
black pepper to taste,1149
beef stew meat,1142
tomatoes with juice,1135
iceberg lettuce,1134
reduced sodium chicken broth,1123
pistachio,1120
tart apple,1115
red chili powder,1110
cointreau liqueur,1104
ghee,1101
jalapeno pepper,1098
salted butter,1093
asiago cheese,1092
kielbasa,1090
kernel corn,1084
flax seed meal,1080
spaghetti noodle,1077
pancetta,1076
red potato,1072
chorizo sausage,1066
saffron,1063
smoked sausage,1057
egg white,1056
angel hair pasta,1054
turnip,1054
canned tomato,1049
broth,1043
bacon bit,1043
powdered milk,1042
fettuccine,1030
kahlua,1029
unbleached flour,1028
lump crabmeat,1027
sage leaf,1027
flaked coconut,1025
arborio rice,1022
fennel bulb,1019
distilled white vinegar,1016
part skim mozzarella cheese,1013
fat free cream cheese,1008
pork sausage,1006
mascarpone cheese,1000
almond,999
asparagus spear,999
white bean,994
long grain white rice,990
cumin powder,973
mace,966
mirin,961
low fat sour cream,957
mango chutney,956
grand marnier,956
reduced sodium soy sauce,951
pasta shell,950
fig,946
radish,945
bisquick,942
red chili pepper,942
triple sec,941
egg yolk,935
dry vermouth,933
light cream cheese,932
semisweet chocolate chip,915
red chily,914
artificial sweetener,912
cooking spray,909
black eyed pea,906
kiwi fruit,904
wonton wrapper,897
clove,889
unsweetened cocoa powder,887
colby monterey jack cheese,886
beef brisket,879
okra,871
bok choy,868
coriander powder,866
feta,865
whole wheat pastry flour,851
sherry wine vinegar,844
gorgonzola,843
rotini pasta,843
fat free sour cream,839
nonfat sour cream,837
xanthan gum,828
beef tenderloin,824
sake,818
watermelon,816
lemon rind of,815
orange zest of,812
anchovy fillet,809
watercress,802
instant yeast,801
cognac,800
amaretto,798
alfredo sauce,794
frozen whipped topping thawed,794
gelatin,792
tamari,791
golden syrup,791
potato starch,790
orange bell pepper,789
vanilla instant pudding mix,789
frozen hash brown,789
saffron thread,785
navy bean,779
wild rice,772
cantaloupe,767
sultana,766
radishe,763
cracked pepper,762
star anise,762
spanish onion,761
instant chocolate pudding mix,760
reduced fat cream cheese,751
fat free chicken broth,751
wine vinegar,750
tomatoes and green chily,747
low fat cheddar cheese,746
vegetable oil for frying,746
english muffin,743
rice wine,740
low fat cottage cheese,739
vanilla yogurt,729
chily,729
crunchy peanut butter,729
chicken stock,727
papaya,723
quick cooking tapioca,722
green pea,721
penne,720
bisquick baking mix,719
shell pasta,716
prune,715
plain low fat yogurt,713
mussel,711
bow tie pasta,709
balsamic vinegar,707
dark soy sauce,704
olive oil flavored cooking spray,703
chili bean,703
plum,702
curry leaf,700
frozen pea,698
extra sharp cheddar cheese,687
apricot,687
pimento,682
pineapple tidbit,681
fontina cheese,680
reduced fat sour cream,674
plain yogurt,671
sesame oil,667
marshmallow creme,666
habanero pepper,666
cool whip topping,665
part skim ricotta cheese,665
freshly black pepper,663
pecorino romano cheese,661
mild cheddar cheese,657
miso,652
chinese five spice powder,652
fennel,650
rigatoni pasta,649
whole berry cranberry sauce,646
plain fat free yogurt,645
fine sea salt,641
ginger root,641
tuna in water,638
stewing beef,638
savory,636
phyllo dough,635
ice cream,635
frozen green pea,630
light olive oil,630
corned beef,625
dark corn syrup,622
chicken liver,621
pork shoulder,617
rosemary leaf,610
soya sauce,610
vital wheat gluten,606
lemon juice and zest of,606
rotel tomato,606
port wine,605
philadelphia cream cheese,600
chicken drumstick,600
artichoke,599
bamboo shoot,599
wine,598
plain nonfat yogurt,591
lima bean,590
low fat plain yogurt,589
melted butter,588
low fat cream cheese,587
dijon style mustard,585
basil pesto,584
white potato,583
fettuccine pasta,582
spicy brown mustard,581
celery leaf,580
cilantro stem,579
nutritional yeast,578
coconut cream,577
sugar snap pea,577
creme de cacao,576
grapefruit,575
andouille sausage,574
chunky peanut butter,574
light coconut milk,573
ice cube,563
frozen limeade concentrate,563
unsweetened coconut milk,561
whole wheat tortilla,559
anise seed,557
beef chuck roast,556
chicken leg,553
rose water,548
puff pastry sheet,544
tea bag,540
hot pepper sauce,540
spinach leaf,540
ancho chile powder,536
frozen hash brown potato,534
five spice powder,533
marshmallow cream,529
ziti pasta,525
rotel,525
cooking apple,523
cranberry sauce,522
coarse sea salt,520
sun tomato in oil,519
bacon dripping,518
tea,517
dressing,516
curd cottage cheese,514
garlic paste,514
hot italian sausage,512
ginger powder,512
red apple,511
beef roast,508
jicama,506
egg noodle,506
sun tomatoes in oil,505
portabella mushroom cap,503
cod fish fillet,502
adobo sauce,502
white cheddar cheese,500
green apple,499
stevia,497
swiss chard,496
arrowroot,496
ham hock,493
italian style tomato,492
low sodium beef broth,487
bulk pork sausage,485
yoghurt,484
dark red kidney bean,481
hominy,480
biscuit mix,475
head cabbage,473
bacon fat,473
sriracha sauce,472
lemons zest of,471
golden delicious apple,467
nonfat plain yogurt,465
red curry paste,463
craisin,462
ice,462
honeydew melon,461
almond butter,461
turbinado sugar,461
butter bean,460
green tomato,460
frozen green bean,459
gouda cheese,458
green,457
granola cereal,455
kaffir lime leaf,455
chipotle pepper,455
marsala wine,454
crumbled feta cheese,448
bread machine yeast,448
fat free evaporated milk,445
polenta,445
blue curacao,445
oleo,445
ladyfinger,444
gruyere,443
red currant jelly,443
reduced fat cheddar cheese,443
purple onion,442
pomegranate juice,442
beef chuck,440
bulgur,439
chicken breast fillet,438
curry paste,436
instant espresso powder,436
palm sugar,434
grit,433
canned black bean,431
anchovy,431
baking mix,428
serrano chily,423
nectarine,422
low fat vanilla yogurt,422
grapefruit juice,420
season salt,419
ginger paste,417
prepared yellow mustard,414
coarse grain mustard,414
sweet pepper,414
kiwi,411
fast rising yeast,411
anchovy paste,411
pickling salt,410
walnut oil,410
light butter,409
strawberry jell o gelatin dessert,409
irish cream,408
coconut flake,407
tomatoes with green chily,407
pineapple ring,407
pork loin,406
frozen whole kernel corn,405
colby cheese,402
bacon grease,402
yeast,402
hot red pepper flake,401
unbleached white flour,399
vanilla pudding mix,398
raspberry vinegar,398
prepared graham cracker crust,395
tuna steak,394
minute rice,394
breakfast sausage,392
bread,392
seasoned rice vinegar,391
curry,388
roast beef,387
filling,385
key lime juice,381
tapioca flour,380
green onion top,379
muenster cheese,376
salmon steak,374
nonfat yogurt,374
tarragon vinegar,373
almond paste,372
crawfish tail,372
farfalle pasta,371
madeira wine,370
catfish fillet,369
tamarind paste,366
sweet butter,365
grainy mustard,365
dry milk,364
black mustard seed,364
semolina,361
golden brown sugar,352
idaho potato,352
asafoetida powder,351
saltine cracker,350
french style green bean,350
green chile pepper,350
red leaf lettuce,350
fenugreek seed,349
chocolate ice cream,348
malt vinegar,347
romaine lettuce leaf,347
queso fresco,346
vanilla flavoring,346
halibut fillet,343
smoked gouda cheese,343
rotel tomatoes chily,342
plantain,341
msg,339
whole canned tomato,337
lamb shank,337
tamarind pulp,334
instant coffee powder,333
cream cheese spread,330
cod,328
edamame,327
white whole wheat flour,327
molasses,327
sambal oelek,326
cayenne powder,324
apple butter,323
chicken cutlet,319
fat free cottage cheese,318
lobster,316
strawberry gelatin,316
courgette,315
chervil,315
pineapple chunks in juice,314
burgundy wine,314
black sesame seed,314
mild italian sausage,313
pickle juice,313
tamari soy sauce,311
warm water degrees f degrees c,311
harissa,310
chicken bouillon granule,310
prepared stuffing,309
sparkling water,308
mashed sweet potato,307
white corn syrup,307
low fat yogurt,307
buckwheat flour,306
creme de menthe,305
garam masala powder,305
italian plum tomato,303
salt and freshly black pepper to taste,303
belgian endive,303
champagne vinegar,303
banana pepper,303
mild green chily,302
bibb lettuce,302
baileys irish cream,302
hot chili pepper,302
nori,301
canned chick pea,301
bulk italian sausage,299
scotch bonnet pepper,296
processed cheese,296
chocolate curl,294
jello gelatin,294
topping,293
black beans rinsed and drained,292
chicken bouillon powder,291
sifted all purpose flour,291
pomegranate seed,288
salsa verde,288
fluid ounce can,285
low fat ricotta cheese,285
white chocolate baking square,285
demerara sugar,284
dry red pepper,284
short grain rice,284
mascarpone,283
cardamom powder,283
rocket,282
squares unsweetened chocolate,282
italian tomato,282
hot chili sauce,282
polish sausage,282
havarti cheese,279
ham bone,279
tart cherry,279
white bread flour,278
anaheim chily,277
yellow cake mix,277
chambord raspberry liquor,276
white kidney bean,276
whole milk ricotta cheese,275
sweet italian sausage link,275
fire tomato,274
lime zest of,272
jellied cranberry sauce,272
tarragon leaf,272
arugula leaf,272
pico de gallo,271
celery root,270
turkey sausage,270
soda water,270
cool whip lite,269
brown mustard,268
mandarin orange segment,268
red snapper fillet,265
turkey broth,265
fat free cheddar cheese,265
dry pasta,264
real butter,264
fine salt,262
monterey jack and cheddar cheese blend,261
roquefort cheese,261
beef sirloin,261
radicchio,260
lime juice and zest of,260
red food coloring,260
instant vanilla pudding mix,259
masa harina,257
recipe pastry for a inch double crust pie,256
white corn,256
cardamom seed,256
sharp white cheddar cheese,256
frozen lima bean,256
thai red curry paste,256
taco seasoning mix,255
lime cut into wedge,255
inch flour tortilla,255
freshly parmesan cheese,254
beef tenderloin steak,253
beef top sirloin steak,253
parchment paper,253
marsala,251
rump roast,249
black beans drained and rinsed,249
instant mashed potato,245
non fat powdered milk,245
green curry paste,245
cranberry juice cocktail,245
creole mustard,245
boiling potato,244
plum sauce,244
beef round steak,243
dry active yeast,243
ham steak,242
roma plum tomato,242
beefsteak tomato,241
baking apple,240
freshly black pepper to taste,240
margarine softened,239
canned pumpkin puree,239
mexican cheese blend,238
wasabi powder,237
pork loin roast,236
manchego cheese,235
thai fish sauce,234
escarole,234
aubergine,230
yellow squash,230
chicken part,229
sugar free instant vanilla pudding mix,229
pineapple with juice,228
kitchen bouquet,227
mushrooms drained,227
chicken meat,226
frozen mixed vegetable,225
stove top stuffing mix,225
seltzer water,224
all purpose white flour,224
cotija cheese,222
beetroot,222
non fat vanilla yogurt,222
bulk sausage,222
real maple syrup,220
boston lettuce,220
kirsch,220
squid,219
bananas mashed,219
instant pistachio pudding mix,217
prepared horseradish,217
chickpea flour,216
wasabi paste,216
white shoepeg corn,216
margarine melted,215
bouquet garni,214
butter lettuce,214
urad dal,213
long grain brown rice,213
whole wheat pasta,213
orange juice and zest of,213
spiral shaped pasta,212
herb seasoned stuffing mix,212
galangal,212
mild curry powder,212
barbeque sauce,211
beef flank steak,211
flounder fillet,211
gelatin powder,210
cool whip free,210
hot sauce,208
beef steak,208
raspberry jell o gelatin,207
spaghetti sauce,206
fingerling potato,206
condensed beef broth,206
fat free ricotta cheese,205
canned pumpkin,205
canned chicken broth,205
cornflakes cereal,203
pie shell,203
reduced fat sharp cheddar cheese,203
bagel,202
green leaf lettuce,201
deli roast beef,201
gala apple,201
frozen spinach thawed and drained,199
red delicious apple,199
instant pudding mix,199
stilton cheese,198
lime jell o gelatin,197
mozzarella ball,196
whole green chily,195
dry onion soup mix,195
yellow sweet pepper,194
green sweet pepper,194
burrito size flour tortilla,194
bulgar wheat,193
lowfat mozzarella cheese,193
yellow mustard seed,193
tangerine,193
red chile pepper,192
nutritional yeast flake,192
hot pepper sauce such as tabasco,190
sole fillet,190
hot sausage,190
dry lentil,190
string bean,188
whole cumin seed,187
sweetcorn,187
instant brown rice,186
unsifted flour,186
hamburger meat,185
carnation evaporated milk,185
hamburger bun,185
hash brown potato,185
fast rise yeast,185
lobster meat,184
no salt added tomato,184
red sweet bell pepper,183
canned tomato sauce,183
semolina flour,183
sweet pea,183
suet,183
tomatoes in puree,182
focaccia bread,181
liquid smoke flavoring,181
beef mince,181
pork tenderloin,180
quarts water,179
cream style cottage cheese,179
saffron strand,179
orange rind of,179
dry penne pasta,178
fat free mozzarella cheese,177
eggs room temperature,177
spicy mustard,177
stone mustard,176
swordfish steak,176
fluid ounce can evaporated milk,176
cherry juice,176
lemon gelatin,175
rock salt,175
cheddar,175
cornbread stuffing mix,174
tempeh,173
double acting baking powder,172
coffee ice cream,171
pimento pepper,171
tomatoes with green chile pepper,171
duck,170
frozen french fry,169
fuji apple,168
tiny new potato,167
tap water,167
sorghum flour,167
crabmeat,167
pomegranate molasses,167
mandarin orange section,166
fava bean,165
maraschino cherry juice,165
eggs separated,164
instant lemon pudding mix,164
peanut oil,164
soybean,164
parmigiano,164
pomegranate,163
peache,163
splenda sugar blend for baking,163
low fat mozzarella,163
confectioners sugar for dusting,162
tuna fish,161
beef eye round,161
filet of beef,161
flank steak,161
sweet cherry,160
top round steak,159
seasoned flour,158
miracle whip light,158
wasabi,158
hearts of palm,158
italian style stewed tomato,157
madras curry powder,156
haddock fillet,156
instant coffee crystal,156
red snapper,156
halibut steak,155
fontina,155
carob powder,154
camembert cheese,154
calvado,154
reduced fat mozzarella cheese,154
yellow sweet onion,154
flax seed oil,153
ancho chily,153
garlic head,152
flaked sea salt,152
lite olive oil,152
condensed chicken broth,151
mild chili powder,151
risotto rice,151
cheese whiz,151
strawberry ice cream,151
pineapple juice,150
shrimp paste,150
fenugreek leaf,150
chicken thigh fillet,149
sauce,148
water to cover,148
crumbled blue cheese,148
orange gelatin,148
panir,148
black olives drained,147
mexican style tomato,147
mahi mahi fillet,147
ro tel tomato,147
tri color spiral pasta,147
stevia powder,146
chive onion cream cheese,146
canning salt,145
no salt added tomato sauce,144
smoked mozzarella cheese,144
orange flower water,143
lemons juice and zest of,143
potato flour,143
lemon yogurt,143
confectioners sugar for decoration,142
refrigerated biscuit dough,141
ketjap mani,141
trout,141
london broil beef,141
english mustard,140
oranges zest of,140
vanilla bean paste,140
wonton skin,139
buttermilk baking mix,139
sugar free instant chocolate pudding mix,139
lemon zested,137
seedless red grape,137
raspberry gelatin powder,137
fat cottage cheese,137
habanero,136
whipped cream,136
apple juice,135
halloumi cheese,134
reduced fat milk,134
coffee bean,134
celeriac,134
leaf lettuce,133
hot chili powder,133
almond milk,133
sifted confectioners sugar,133
asparagus,133
chia seed,133
cold milk,132
mcintosh apple,132
sea salt to taste,132
instant butterscotch pudding mix,132
sugar free maple syrup,132
brown mustard seed,131
rabbit,131
bottled clam juice,131
bocconcini,131
cold butter,130
yellow potato,130
cooking wine,130
herb stuffing mix,130
garbanzo beans drained,130
coffee flavored liqueur,130
sushi rice,129
white chocolate chip,129
turkey meat,129
chocolate milk,129
skim milk powder,129
jalapeno jack cheese,128
teriyaki sauce,128
gram flour,128
pitted date,128
mesclun,127
file powder,127
white sauce,126
italian stewed tomato,126
unsalted sunflower seed,126
oil,126
converted rice,125
cabbage leaf,125
grain rice,125
semi sweet chocolate chip,125
mineral water,125
dry pinto bean,125
beef top round steak,125
kale leaf,124
aged cheddar cheese,124
sweet basil leaf,124
rump steak,124
farmer cheese,123
yellow tomato,123
pre mozzarella cheese,123
solid white tuna in water,123
scallop,123
apricot preserve,122
grape leaf,122
treacle,122
pernod,121
boursin cheese,121
chicken fillet,121
ras el hanout spice mix,121
unsifted all purpose flour,121
season all salt,120
rice wine vinegar,120
cherry gelatin,120
sea bass fillet,120
white cake mix,119
smoked cheddar cheese,119
soy milk,119
tomatoes with mild green chily,119
linguine pasta,119
sweet unsalted butter,119
ginger juice,119
red cayenne pepper,118
round steak,118
tequila,117
cayenne pepper sauce,117
albacore tuna in water,117
mostaccioli pasta,117
ricotta,117
sausage meat,116
sweet bell pepper,116
creme de cassi,116
velveeta reduced fat cheese product,115
tangerine juice,115
instant espresso,115
watercress leaf,115
cavatappi pasta,115
tuna in vegetable oil,114
riesling wine,114
beef bouillon powder,114
broccoli rabe,113
softened butter,113
tamarind juice,113
salt water,113
whole corn,113
pork roast,113
garlic powder to taste,112
barley,112
full fat milk,112
mexican style stewed tomato,112
french mustard,112
hot red chili pepper,112
head cauliflower,112
kumara,111
serrano chili pepper,111
whole coriander seed,111
clementine,111
cake,110
pesto,110
tabasco brand chipotle pepper sauce,110
seitan,110
sirloin tip roast,110
vegan butter,109
garlic oil,109
tuna in olive oil,109
asparagus and cut into inch piece,109
salt and pepper,109
tart green apple,109
avocado oil,108
green chile,108
fine sugar,108
butterscotch chip,108
instant nonfat dry milk powder,108
creamy salad dressing such as miracle whip,107
spearmint,107
broccoli coleslaw mix,107
chocolate pudding mix,107
milk chocolate chip,106
sugar free strawberry gelatin,106
avocado and pitted,106
crawfish,106
raspberry jam,106
mango powder,106
lemon twist,106
goat cheese,105
mozzarella string cheese,105
chocolate,105
canned kidney bean,105
cannellini,105
fleur de sel,104
beef sirloin steak,104
black vinegar,104
reduced fat monterey jack cheese,104
vanilla flavor instant pudding and pie filling mix,104
head romaine lettuce,103
brown basmati rice,103
sweet apple,103
citron,103
light muscovado sugar,103
trout fillet,103
canned corn niblet,103
jaggery,102
bottled lemon juice,102
jasmine rice,101
cashew butter,101
tomatoes drained,101
celery flake,101
kidney beans rinsed and drained,100
sweet pickle relish,100
fenugreek,99
white distilled vinegar,99
za atar spice mix,99
lemon juice and rind of,99
mexican chili powder,99
rotelle pasta,99
wondra flour,98
broad bean,98
sweet white onion,98
chard leaf,98
chayote,98
agave nectar,98
hing,97
seafood seasoning such as old bay,97
cooking onion,97
process american cheese,97
lamb stew meat,97
whipping cream,97
pepperjack cheese,96
custard,96
ranch dressing mix,95
heinz chili sauce,95
honeydew,95
edam cheese,95
short rib of beef,95
dry milk powder,95
canned milk,95
dark sweet cherry,94
light chunk tuna in water,94
tonic water,94
salad,94
english pea,94
nonfat cottage cheese,94
dates pitted and,94
lime leaf,94
coarsely black pepper,94
rose wine,93
instant banana pudding mix,93
kosher salt to taste,93
gluten free baking powder,93
kumquat,93
tortilla chip,93
garlic flake,92
red chili sauce,92
french onion,92
light cheddar cheese,91
swede,91
boston lettuce leaf,91
pizza sauce,91
miniature phyllo cup,91
velveeta mexican cheese,91
dry mustard powder,91
colby,91
plum jam,91
masa harina flour,90
other pasta,90
artichoke hearts drained and,90
cubanelle pepper,90
pepperoni,90
turkey carcass,90
frozen yogurt,89
limes juice and zest of,89
marzipan,89
green beans drained,89
chocolate bar,89
broccoli slaw mix,89
seeded watermelon,89
chipotle hot sauce,89
chipotle peppers in adobo sauce,89
cooking oil,89
alum,89
refrigerated crescent roll,88
cream,88
carrot juice,88
hot chicken broth,88
toothpick,88
frozen sweet corn,88
gold medal all purpose flour,88
canned whole tomato,87
agar agar,87
mortadella,87
red tomato,87
frisee,87
morel,87
frozen southern style hash brown potato,87
tomatoes with jalapeno,86
paprika for garnish,86
chinese wine,86
lea perrins worcestershire sauce,86
san marzano tomato,86
sumac,86
confectioners sugar sifted,86
couscous,86
fat free tortilla,85
low fat swiss cheese,85
white pepper powder,85
canned pinto bean,85
butter lettuce leaf,85
warm milk,85
red sweet pepper,85
vegemite,85
corn tortilla strip,84
bourbon whiskey,84
firmly brown sugar,84
light cream,84
tabasco jalapeno sauce,84
guava nectar,84
mandarin oranges drained,83
lamb fillet,83
hot mustard,83
fast rising active dry yeast,83
buckwheat groat,83
chocolate covered coffee bean,83
butterscotch pudding mix,83
kikkoman soy sauce,83
ice water,82
black caviar,82
black beans drained,82
marinara sauce,82
epazote,82
floury potato,81
strawberry syrup,81
muesli,81
limes zest of,81
kidney beans drained,81
nigella seed,81
acorn squash and seeded,81
head lettuce,81
quart water,81
glaze,81
sweet pickle juice,81
sweet marsala wine,80
yellow rice,80
water as needed,80
frosting,80
passion fruit juice,79
dry marsala wine,79
green chili sauce,79
pink bean,79
plain gelatin,79
bechamel sauce,78
carbonated water,78
kielbasa sausage,78
deli corned beef,78
farina,78
top round beef,78
pappardelle pasta,78
taco size flour tortilla,78
venison steak,77
oat bran,77
swanson chicken broth,77
farfalle bow tie pasta,77
serrano pepper,76
sweet whole kernel corn,76
wheat flour tortilla,76
nonfat beef broth,76
processed cheese food,76
vegetarian worcestershire sauce,75
frozen broccoli cut,75
marjoram leaf,75
sirloin tip steak,75
salt and black pepper,75
grey poupon dijon mustard,75
other sweet onion,74
fennel leaf,74
serrano chile pepper,74
corn oil,74
habanero sauce,74
vegetarian bean,74
tomatoes seeded and,74
water chestnuts drained,74
chocolate cake mix,74
cayenne pepper to taste,74
szechwan pepper,73
acini di pepe pasta,73
tart cooking apple,73
and potato,73
lamb stock,73
fat free sugar free instant vanilla pudding mix,73
gemelli pasta,72
no added salt tomato paste,72
gluten flour,72
romaine leaf,72
bonito flake,72
bisquick reduced fat baking mix,72
minute white rice,72
brewer s yeast,72
red bliss potato,72
seashell pasta,72
almond flour,72
light ricotta cheese,72
poblano pepper,72
hunts tomato sauce,71
canned plum tomato,71
bucatini pasta,71
ponzu sauce,71
canned unsweetened coconut milk,71
kohlrabi,71
pitted prune,71
mango puree,71
fat free parmesan cheese,71
sorrel,70
head iceberg lettuce,70
fluid ounce triple sec,70
skewer,70
envelope dry onion soup mix,70
chocolate flavor instant pudding and pie filling mix,70
sun tomato paste,69
mild sausage,69
ricotta salata,69
vegetarian beef,69
coriander seed,69
spanish rice,69
tomatoes with green chile peppers such as ro tel,69
french vanilla ice cream,69
pepperoni sausage,69
fermented black bean,69
quail,68
instant coconut cream pudding mix,68
vegan parmesan cheese,68
soya milk,68
lemon grass,68
compressed yeast cake,68
quick rising yeast,68
herb seasoning mix,68
frozen raspberries in light syrup,67
parmesan romano cheese mix,67
sweet n low,67
white corn tortilla,67
quark,67
hazelnut oil,67
amaretti cooky,66
crumbled goat cheese,66
miniature semisweet chocolate chip,66
lard,66
sugar free orange gelatin,66
light soya sauce,66
pink grapefruit juice,66
crabmeat drained and flaked,66
lychee,65
mild curry paste,65
adzuki bean,65
distilled water,65
sweet onion such as vidalia,65
yellow cherry tomato,64
jello instant vanilla pudding mix,64
nam pla,64
vegetarian refried bean,64
mixed salad green,64
canned red kidney bean,64
portobello mushroom cap,64
hot pepper sauce such as frank s redhot,64
country style dijon mustard,64
steak sauce,64
plain white flour,63
clam broth,63
distilled vinegar,63
cake yeast,63
karo light corn syrup,63
garlic flavored olive oil,63
low sodium tomato sauce,63
tuna in oil,63
crumbled gorgonzola cheese,63
hickory flavored barbecue sauce,63
queso blanco,62
demi glace,62
salt and freshly black pepper,62
dry parsley flake,62
low fat monterey jack cheese,62
italian pork sausage,62
bottled chili sauce,62
frozen blackberrie,61
annatto seed,61
low fat vanilla ice cream,61
quince,61
italian sweet sausage,61
pint cherry tomato,61
instant espresso coffee powder,61
peas drained,61
rye flour,61
unpopped popcorn,61
zinfandel,60
dill leaf,60
inch corn tortilla,60
low sodium tomato,60
white zinfandel wine,60
pineapple in juice,60
low fat granola,60
celery stalk,60
braeburn apple,60
sweet red wine,60
iceberg lettuce leaf,59
low fat parmesan cheese,59
herbes de provence,59
bottom round steak,59
bottom round roast,59
sweet milk,59
tomatoes undrained,58
italian style tomato sauce,58
water chestnuts drained and,58
guava,58
jelly bean,58
half half light cream,58
garlic salt to taste,57
gumbo file,57
hickory smoke salt,57
prosciutto di parma,57
vegan sour cream,57
peach yogurt,57
masa corn flour,57
herring fillet,57
curly endive lettuce,57
lemon pudding mix,57
pheasant,57
sauerkraut drained,56
individually wrapped caramels unwrapped,56
sugar free lemon gelatin,56
superfine sugar,56
erythritol,56
mahi mahi,56
japanese soy sauce,56
jalapeno chile pepper,55
ajwain,55
chicken gizzard,55
tomatoe,55
quick cooking rice,55
enchilada sauce,55
glutinous rice,55
hard cheese,55
strawberry puree,54
scoops vanilla ice cream,54
asadero cheese,54
bottled water,54
pint heavy cream,54
garlic scape,54
oregano flake,54
venison,54
white crab meat,54
peppermint,53
alphabet pasta,53
whole wheat bread flour,53
vegan cream cheese,53
processed american cheese,53
lemon balm,53
pint heavy whipping cream,53
hot chili bean,53
jeera powder,53
apple cored and,53
artichoke bottom,53
fluid ounces water,53
dry curd cottage cheese,53
low fat sharp cheddar cheese,53
garlic juice,52
icing,52
stone dijon mustard,52
gooseberry,52
vanilla wafer,52
rich chicken broth,52
chile garlic sauce such as sriracha,52
rice flour,52
other dry white wine,52
coconut flour,52
marinade,51
boiling onion,51
fat free sugar free instant chocolate pudding mix,51
frozen strawberries in syrup,51
quick cooking brown rice,51
tiny pea,51
and tomato,51
dry fettuccine pasta,51
tasso,51
neufchatel cheese,51
whole green onion,51
pork sparerib,50
monosodium glutamate msg,50
german mustard,50
dark muscovado sugar,50
sweetened lime juice,50
kraft parmesan cheese,50
homogenized milk,49
eggnog,49
english mustard powder,49
reynolds wrap aluminum foil,49
freshly squeezed lemon juice,49
sifted cake flour,49
sage sausage,49
guava juice,49
strawberry flavored jell o,49
peanut butter chip,49
oranges juice and zest of,49
strawberries hulled,49
refined flour,49
smoked link sausage,48
goose,48
pickled jalapeno pepper,48
lukewarm water,48
amaranth flour,48
o brien potato,48
butter pecan ice cream,48
sirloin beef,48
fat free cheese,48
instant white chocolate pudding and pie filling mix,48
garlic infused olive oil,48
pumpkin seed,47
reduced fat swiss cheese,47
aleppo pepper,47
lardon,47
canned stewed tomato,47
shoe peg corn,47
truffle,47
dry italian style salad dressing mix,47
ice cream sandwiche,47
dry parmesan cheese,47
freshly parmigiano reggiano cheese,47
beef rump roast,47
brown sugar twin,47
white cranberry juice,47
eagle brand sweetened condensed milk,47
nonfat dry milk powder,47
cachaca,47
egg substitute,46
mint chocolate chip ice cream,46
berbere,46
glutinous rice flour,46
cos lettuce,46
chicory lettuce,46
whipped butter,46
amaranth,46
red,46
teff flour,46
processed cheese food such as velveeta,46
sea salt and black pepper to taste,46
eye of round roast,45
bunches green onion,45
pak choi,45
coleslaw mix,45
bottle barbeque sauce,45
asian sesame oil,45
sticky rice,45
rome apple,45
fluid ounces orange juice,45
sugar free vanilla pudding mix,45
cassava,45
kosher salt and black pepper to taste,45
frozen sugar snap pea,45
pistachio pudding mix,45
copha,45
white wine worcestershire sauce,45
sweet wine,45
mandarin oranges in light syrup,44
ruby red grapefruit juice,44
frozen tiny pea,44
cake and pastry flour,44
palm oil,44
strong brewed coffee,44
greek feta cheese,44
grapeseed oil,44
aioli,44
tandoori paste,44
coconut butter,44
converted white rice,44
morton lite salt,44
spanish olive oil,44
pint sour cream,44
lemon low fat yogurt,44
chipotle chile powder,44
sorghum,44
strawberries hulled and,43
mandarin oranges in juice,43
spinach rinsed and,43
tuna fillet,43
picante sauce,43
chocolate hazelnut spread such as nutella,43
wheat pastry flour,43
extra granulated sugar,43
no salt added whole tomato,43
cinnamon bark,43
vegan sugar,43
swiss chard leaf,43
tri tip steak,43
pinto beans rinsed and drained,43
sherry vinegar,43
prune food,43
head cabbage cored and,43
jalapeno chily,42
black salt,42
top round roast,42
besan,42
sweet creamy butter,42
spanish rice mix,42
pepper jack cheese,42
chili seasoning mix,42
spinach tortilla,42
canned whole kernel corn,42
pita bread round,42
tomatoes with liquid,42
chihuahua cheese,42
no salt added chicken broth,42
dark soya sauce,42
realemon juice,42
lovage,42
garbanzo flour,42
lamb steak,42
chicken stove top stuffing mix,42
all purpose flour for coating,42
pasta sauce,42
cocktail sauce,41
dry bread stuffing mix,41
low sodium worcestershire sauce,41
apples cored and,41
russet baking potato,41
biscuit baking mix,41
sazon goya con culantro y achiote,41
fluid ounces pineapple juice,41
pudding mix,41
mint sauce,41
light mozzarella cheese,41
tuna in brine,41
coleman s dry mustard,40
pinto beans drained,40
nonfat chicken broth,40
strong white flour,40
pomegranate syrup,40
cheesecake flavor instant pudding and pie filling mix,40
mild cheese,40
strawberry cream cheese,40
full bodied red wine,40
whole grain wheat flour,40
white balsamic vinegar,40
gallon water,40
borlotti bean,40
lowfat swiss cheese,40
sumaq,40
hot dog,39
capers drained,39
fluid ounce lime juice,39
berry cranberry sauce,39
skim evaporated milk,39
purple potato,39
ghee clarified butter,39
sriracha hot sauce,39
lavender blossom,39
cinnamon sugar,39
whole mustard seed,39
anisette,39
chicken tender,39
kasseri cheese,39
cold unsalted butter,39
dark chili powder,39
hazelnut syrup,38
danish blue cheese,38
hard eggs and,38
potato chip,38
dry oregano leaf,38
minute brown rice,38
dark chocolate chip,38
campanelle pasta,38
sugar free instant pudding mix,38
uncle ben s converted brand rice,38
marinated artichoke hearts drained and,38
huckleberry,38
dry white bean,38
gem lettuce,38
vegan cheese,38
taco sauce,38
lox,38
lemon cake mix,38
devil s food cake mix,38
plum preserve,38
canned broth,38
frozen english pea,38
garlic sausage,38
quart milk,38
low moisture part skim mozzarella cheese,37
cabbage and carrot coleslaw mix,37
mazola corn oil,37
pretzel,37
tri tip roast,37
hot milk,37
wild rice mix,37
parboiled rice,37
sweet italian sausage,37
tomatoes and,37
tri colored pasta,37
homemade chicken broth,37
bananas and,37
cucumbers and,37
guacamole,37
mange touts pea,37
sugar free raspberry gelatin,37
pie apple,37
orange juice and rind of,37
paprika to taste,37
beef bones with marrow,37
whole bay leaf,37
anaheim chile pepper,36
absinthe,36
lemon balm leaf,36
soy mozzarella cheese,36
low fat flour tortilla,36
fluid ounce lemon juice,36
sharp american cheese,36
cracked black pepper to taste,36
fluid ounces cranberry juice,36
mushrooms stems removed,36
armagnac,36
radiatore,36
kasuri methi,36
black soy sauce,36
chili bean paste,36
agar agar flake,36
scalloped potatoes mix,36
satay sauce,36
grey poupon mustard,36
prune puree,36
haricot bean,36
colby jack cheese,36
canned pea,36
brie cheese,35
grouper,35
crawfish tail meat,35
reduced fat coconut milk,35
white pepper to taste,35
linguini pasta,35
tripe,35
grape jelly,35
canned vegetable broth,35
canned anchovy fillet,35
iodized salt,35
chicken giblet,35
tomatoes in tomato puree,35
amaretti,35
lime flavored jell o mix,34
head of lettuce,34
pear half,34
brownie mix,34
chai tea teabag,34
low fat sweetened condensed milk,34
apricot gelatin,34
chinese chili sauce,34
ginger and,34
chicken leg quarter,34
chili oil,34
cupcake,34
mushrooms quartered,34
fructose,34
dry english style mustard,34
salami,34
old bay seasoning tm,34
frozen orange juice concentrate,34
poblano chile pepper,34
pearl onion,34
tomato with juice,33
freshly pepper,33
bottom round beef roast,33
freshly squeezed orange juice,33
coconut milk powder,33
sweet potato puree,33
sugar free vanilla ice cream,33
lowfat parmesan cheese,33
dark chicken meat,33
chestnut puree,33
peach,33
artichoke hearts drained,33
ahi tuna steak,33
green chiles drained,33
ginger syrup,33
boil in the bag rice,33
prepared brown mustard,33
mint flake,33
prune juice,33
orgeat syrup,33
chinese mustard,33
carnaroli rice,32
pesto sauce mix,32
frozen snow pea,32
and tomatoes with juice,32
peppadew pepper,32
orange sweet bell pepper,32
pint grape tomato,32
raspberry flavored jell o mix,32
pandan leaf,32
beef top loin steak,32
grain white rice,32
peach gelatin,32
chicken gumbo soup,32
seasoned salt to taste,32
brandy based orange liqueur such as grand marnier,32
red table wine,32
kasha,32
country sausage,32
dipping sauce,32
half and half milk,32
hash brown patty,32
cheese tortellini,31
cinnamon red hot candy,31
reduced fat baking mix,31
au gratin potato,31
eggplant and,31
dry ranch style dressing mix,31
methi seed,31
half pint canning jars with lids and ring,31
clarified butter,31
jumbo lump crab meat,31
tomato vegetable juice cocktail,31
buttermilk biscuit mix,31
fat free milk,31
enriched flour,31
gluten free vanilla extract,31
dry brown gravy mix,31
no salt added stewed tomato,31
pawpaw,31
brown rice flour,31
coconut meat,31
raspberry puree,31
vegan worcestershire sauce,31
funghi porcini,31
watermelon juice,31
roma plum tomatoes seeded and,31
ganache,31
dry coconut powder,31
chicken soup base,31
kashmiri chili powder,31
seasoned salt such as lawry s,30
fluid ounces gin,30
instant tea powder,30
instant milk,30
nuoc nam,30
fat free american cheese,30
whipped cream cheese,30
low fat alfredo sauce,30
ajinomoto,30
guava paste,30
reduced fat ricotta cheese,30
fat free sugar free vanilla pudding mix,30
frozen spinach thawed and squeezed dry,30
kalamata olives pitted and,30
petite tomato,30
chuck roast,29
braunschweiger sausage,29
sago,29
chili bean sauce,29
hot dog bun,29
miniature chocolate chip,29
mozzarella cheddar blend cheese,29
extra silken tofu,29
meatball,29
besan flour,29
apricot jam,29
olive oil for frying,29
dill pickle juice,29
manila clam,29
whole wheat baguette,29
tomatoes with green pepper and onion,29
fluid ounce can tomato juice,29
duckling,29
piri piri,29
sponge cake finger,29
german chocolate,29
sugar free lime gelatin,29
jonathan apple,29
freshly cracked black pepper,29
black rice,29
fluid ounce can beer,29
gluten free all purpose baking flour,29
oil for deep frying,29
low fat curd cottage cheese,29
french vanilla pudding mix,29
extra tofu,29
sweet apple cider,29
envelope active dry yeast,29
split pea,29
spicy pork sausage,29
corona beer,29
cilantro for garnish,29
chicken breast halve,29
head red cabbage,29
unsweetened raspberry,29
skim milk ricotta cheese,29
strawberry flavored jell o mix,29
frozen lemonade concentrate,29
sazon goya with coriander and annatto,29
seasoned crouton,29
rice powder,29
green banana,28
brown and serve sausage,28
sweet pickle,28
shoestring potato,28
watermelon rind,28
bacon strip,28
warm milk degrees f degrees c,28
crystallized ginger,28
white rice flour,28
galangal root,28
quart oil for deep frying,28
diet ginger ale,28
rose essence,28
chinese eggplant,28
baharat,28
hawaiian sea salt,28
milk room temperature,28
sour pitted cherry,28
ditalini pasta,28
tiny pasta,28
drained caper,28
blue cheese salad dressing,28
ginger root and,28
reduced fat mayonnaise,28
jell o chocolate pudding and pie filling,28
matzo meal,28
beef top sirloin,28
vital wheat gluten flour,28
barbecued chicken,28
corn tortilla chip,28
blackberry brandy,28
sweet chili sauce,28
bottle ketchup,28
low sodium tomato juice,28
globe eggplant,28
hazelnut extract,28
french style ladyfinger cooky,28
refrigerated pie crust,28
low sodium chickpea,28
real bacon bit,28
tofutti better than cream cheese,28
mexican rice,28
sugar free vanilla pudding,28
canned italian tomato,28
beef consomme,27
unsweetened almond milk,27
miniature bagel,27
orange flavored jell o mix,27
tomatillos husks removed,27
mini chocolate chip,27
unbaked deep dish pie crust,27
head green cabbage,27
mild chile,27
mini sweet pepper,27
unsweetened pineapple juice,27
cranberry bean,27
mango rum,27
rosemary needle,27
condensed french onion soup,27
ancho pepper,27
cola flavored carbonated beverage,27
sunflower seed oil,27
southern style hash brown,27
stewing lamb,27
green serrano chily,27
center cut pork loin roast,27
tapioca,27
white corn kernel,27
spaetzle noodle,27
tomato soup,27
buckwheat noodle,27
dill pickle relish,27
low sodium beef bouillon cube,27
gorgonzola cheese,27
quinoa rinsed,27
poppy seed filling,27
low carb flour tortilla,27
chinese hot mustard,27
sirloin,27
walnut piece,27
celery with leaf,27
pierogi,27
pork and bean,27
lime twist,27
frozen lemonade concentrate thawed,27
egg tomato,27
ragu tomato sauce,27
sockeye salmon,27
vegetable oil for deep frying,27
capers in salt,27
serving cooking spray,27
pickling lime,27
lamb rack,27
vanilla custard powder,27
low calorie sweetener,27
black plum,26
apple pie spice,26
pecan meal,26
caesar flavor crouton,26
sweet mustard,26
swordfish fillet,26
hot chile pepper,26
budweiser beer,26
mini semi sweet chocolate chip,26
red pear tomato,26
pancetta bacon,26
alfredo sauce mix,26
bread cube,26
parsley for garnish,26
zucchini cut into inch slice,26
chai tea,26
peanut oil for frying,26
kiwis and,26
greek seasoning,26
sour milk,26
vanilla sugar,26
green chilies drained,26
italian plum,26
roll of pork sausage,26
eggs well beaten,26
shin beef,26
pork butt roast,26
fluid ounces milk,26
ancho chili pepper,26
fennel powder,26
kirsch liqueur,26
granola,26
condensed cheddar cheese soup,26
prepared salsa,26
peri peri,26
original snack factory pretzel crisp,26
recaito,26
sugar pumpkin,26
chunk chicken,26
hoagie rolls split lengthwise,26
garlic alfredo sauce,26
passion fruit nectar,26
black eyed peas rinsed and drained,26
oat flour,26
maraschino cherries drained,26
baharat aka middle east mixed spices the real mix,26
herb seasoned dry bread stuffing mix,26
yellow sweet bell pepper,26
date sugar,26
ranch style bean,25
cherrystone clam,25
lime zested,25
champignon mushroom,25
tofutti sour cream,25
frozen mango chunk,25
tomatoes coarsely,25
dark sesame oil,25
smoked tofu,25
red swiss chard,25
allspice berry,25
browning sauce,25
lowfat margarine,25
sourdough starter,25
freshly squeezed lime juice,25
barley malt,25
inch pork chop,25
vegan egg replacer powder,25
fluid ounce amaretto liqueur,25
turkey slice,25
club soda,25
sour cream for topping,25
low fat peanut butter,25
amaretti cookie,25
cranberry jelly,25
dry basil leaf,25
sweetened whipped cream,25
shelled crab,25
sourdough bread,25
valencia orange,25
cut green beans drained,25
beef burger,25
coarsely cilantro,25
fat free sugar free instant cheesecake pudding mix,25
steak,25
quarts cold water,25
irish cream liqueur,25
raclette cheese,25
maraschino juice,25
mexican blend cheese,25
butter flavored cooking spray,25
chicken chunk,25
ginger garlic paste,25
flour tortillas warmed,25
pepperidge farm stuffing,25
canned sweet potato,25
white poppy seed,25
processed cheese food eg velveeta,25
picante salsa,25
head bok choy,25
mexican tomato,25
tomato chutney,25
low fat coconut milk,25
cheesecake flavor instant pudding and pie filling,25
dry thyme leaf,25
caramel sauce,25
regular grind coffee,25
peppar vodka,25
white beans drained,25
duck breast half,25
carnation instant milk,25
soymilk powder,25
sheet frozen puff pastry thawed,25
dill pickle slice,24
barley malt syrup,24
frozen pineapple chunk,24
smoked bacon,24
square unsweetened chocolate,24
vegetarian oyster sauce,24
low sodium salt,24
rib celery,24
granola bar,24
brussels sprouts and,24
flaxseed meal,24
fluid ounce cans evaporated milk,24
parsnips and,24
clam juice,24
italian bread crumb,24
short grain white rice,24
heads garlic,24
lamb neck,24
tub cool whip whipped topping thawed,24
cooking spray such as pam,24
mission fig,24
unbaked inch pie crust,24
sea salt and freshly black pepper to taste,24
chocolate covered peanut,24
mixed fruit,24
napa cabbage,24
comte cheese,24
lukewarm milk,24
pinto beans drained and rinsed,24
soy protein,24
baking mix such as bisquick,24
salsa fresca,24
berry blue gelatin mix,24
chocolate covered graham cracker cooky,24
dark semi sweet chocolate,24
light cheese,24
extra strong coffee,24
hunts tomato paste,24
instant decaffeinated coffee,24
reduced sodium worcestershire sauce,24
cherries in syrup,24
rainbow trout,24
tomato bisque soup,24
cranberry juice concentrate,24
lemon basil,24
lemon leaf,24
imitation vanilla,24
nestle sweetened condensed milk,24
ready to serve beef broth,24
non alcoholic beer,24
chile sauce,23
mango and,23
whole chestnut,23
granular no calorie sucralose sweetener such as splenda,23
hot sauce to taste,23
dessert apple,23
spinach souffle,23
epazote leaf,23
reduced fat tofu,23
black olives drained and,23
shaved parmesan cheese,23
pineapple rum,23
stone whole wheat flour,23
collard green,23
lemon lime flavored carbonated beverage,23
dry northern white bean,23
salt and white pepper to taste,23
cajun style stewed tomato,23
fine graham cracker crumb,23
morton tender quick salt,23
rice pilaf mix,23
soy cheddar cheese,23
choy sum,23
veal,23
mafalda pasta,23
green beans and snapped,23
red shallot,23
sweet rice,23
spelt flour,23
freshly ginger,23
fillets tilapia,23
hellmanns mayonnaise,23
louisiana style hot sauce,23
knorr rice side,23
green cabbage head,23
peaches pitted and,23
crispy rice cereal such as rice krispy,23
frozen asparagus cut,23
rapini,23
fluid ounce simple syrup,23
vegetarian chili,23
fish bouillon cube,23
converted long grain rice,23
sweetened cranberries such as craisin,23
powdered thyme,23
other brandy,23
warm water to degrees f to degrees c,23
fat free vanilla ice cream,23
beef round tip steak,23
bone in chicken piece,23
unsweetened apple cider,23
heads of cabbage,23
great northern beans rinsed and drained,23
yellow rice mix,23
green enchilada sauce,22
chocolate chip ice cream,22
oil sun tomato,22
spice cake mix,22
chocolate cookie crumb,22
batter,22
breadfruit,22
salt and freshly pepper,22
fruit cocktail drained,22
chickpeas garbanzo beans drained,22
pear brandy,22
cactus piece,22
mexican tomato sauce,22
no salt added black bean,22
chuck,22
cream cheese frosting,22
bean thread,22
crab meat drained,22
frozen strawberries thawed,22
marinated artichoke heart,22
salad shrimp,22
sprig mint,22
chinese barbecue pork,22
warm water degrees f,22
heavy cream whipped,22
hot rice,22
coconut sugar,22
frozen hash browns with onions and pepper,22
mixed cheese,22
taco bell home originals n chunky salsa,22
fusilli pasta,22
unsweetened plain yogurt,22
red pesto sauce,22
stalk celery,22
sunflower seed kernel,22
instant flour,22
remoulade sauce,22
creole seasoning such as tony chachere s,22
candy coated milk chocolate piece,22
instant dry milk powder,22
meyer s dark rum,22
persimmon pulp,22
porcini mushroom,22
lemon pepper to taste,22
pickled cucumber,22
fat free reduced sodium chicken broth,22
jalapeno,22
any flavor fruit jam,22
bag semisweet chocolate chip,22
whole buttermilk,22
foie gra,22
elderberry,22
chinkiang vinegar,22
light vanilla ice cream,22
italian sausage link,22
quarts chicken stock,22
bone in pork chop,22
coconut water,22
chocolate sandwich cookies such as oreo,22
maytag blue cheese,22
kidney beans undrained,21
salt and freshly pepper to taste,21
fluid ounce irish cream liqueur,21
granny smith apple cored and,21
crumbled cotija cheese,21
white hominy drained,21
sherry,21
goya extra virgin olive oil,21
plain fat free greek yogurt,21
planters pecan,21
banana broken into chunk,21
ditali pasta,21
chili garlic sauce,21
nonfat cheddar cheese,21
black soybean,21
habanero chile pepper,21
zucchini cut into chunk,21
quart half and half,21
loin lamb,21
dill seed,21
black mission fig,21
meyer lemon zest,21
celery powder,21
quorn piece,21
whole wheat spiral pasta,21
eggplant into inch round,21
panang curry paste,21
aged white cheddar cheese,21
unsalted pistachio nut,21
grape,21
peach vodka,21
unsmoked bacon,21
blueberry pie filling,21
taleggio,21
leaf oregano,21
raspberry sauce,21
paneer cheese,21
wooden skewer,21
buffalo wing sauce,21
green beans and cut into inch piece,21
beets and,21
italian style tomato paste,21
fluid ounces club soda,21
ramen noodle,21
low carb tortilla,21
pudding rice,21
seasoning salt to taste,21
weetabix,21
german chocolate cake mix,21
angelica,21
dry kidney bean,21
frozen peas and carrot,21
hot brewed coffee,21
pepperoncini pepper,21
green ginger,21
smoked back bacon,21
white mustard seed,21
barberry,21
deep dish pie crust,21
jell o pudding mix,21
lemon flavored jell o mix,21
lemon peel strip,21
green olives in brine,21
vegan mozzarella cheese,21
pinto beans with jalapeno pepper,21
california walnut,21
bacon slice,21
yellow corn grit,21
thawed cool whip whipped topping,21
frozen bite size potato nuggets such as tater tot,21
fluid ounce can pineapple juice,21
honey syrup,21
clams in shell scrubbed,21
lactose free milk,21
processed cheese spread,21
skinned chicken breast,21
coffee flavored liqueur such as kahlua,21
black beans undrained,21
multicolored candy sprinkle,21
french s mustard,21
mixed nut,21
cultured buttermilk,21
peaches drained,21
ro tel tomatoes with pepper,21
very banana,21
ginger marmalade,20
chai tea mix,20
meat tenderizer,20
fluid ounce coffee flavored liqueur,20
yellow pear tomato,20
dry sunflower seed,20
purslane,20
pepperoncini,20
apricot nectar,20
ginger wine,20
peppercorn,20
kewra essence,20
sugar free instant butterscotch pudding mix,20
thousand island salad dressing,20
idaho baking potato,20
mandarin segment,20
beef skirt steak,20
asparagus cut into inch piece,20
banana instant pudding,20
contadina tomato sauce,20
pumpkin flesh,20
pimentos drained,20
firmly light brown sugar,20
red pepper to taste,20
oranges rind of,20
butternut squash and seeded,20
nopale,20
black fig,20
cracker crumb,20
lemons zested,20
rye bread,20
salad potato,20
white,20
all purpose flour for dusting,20
pickling spice,20
crisco original no stick cooking spray,20
cocoa,20
reynolds parchment paper,20
chicken portion,20
concord grape,20
vanilla wafer crumb,20
prepared chocolate frosting,20
pint part skim ricotta cheese,20
candied citron,20
heads cauliflower,20
chicken flavored ramen noodle,20
banana cut into chunk,20
fat free half and half,20
smoked trout fillet,20
plum jelly,20
winter savory,20
powdered fruit pectin,20
veal demi glace,20
unbaked tart shell,20
bittersweet chocolate piece,20
soymilk lite,20
ancho chile pepper,20
seedless black grape,20
blue cheese dressing,20
corn flake,20
old bay seasoning,20
amchoor powder,20
cornstarch paste,20
frozen unsweetened mixed berry,20
quart strawberry,20
envelope unflavored gelatin,20
green chili powder,20
powdered non dairy creamer,20
avocado dip,20
low sodium tomato paste,20
reduced sugar orange marmalade,20
bone in chicken thigh,20
fajita seasoning,20
chocolate sandwich cooky,20
lime rind of,19
hot ketchup,19
flageolet bean,19
cored and apple,19
dragee,19
lamb liver,19
hot pepper sauce to taste,19
dry black bean,19
cream cheese at room temperature,19
stewed tomatoes with juice,19
steamer clam,19
pork broth,19
clams with juice,19
mixed spice,19
white sauce mix,19
unpeeled shrimp,19
low sodium chicken bouillon cube,19
regular rolled oat,19
processed cheese such as velveeta,19
chickpeas garbanzo beans drained and rinsed,19
beef gravy,19
frozen miniature phyllo tart shell,19
spinach washed and,19
green salsa,19
clams drained with juice reserved,19
kidney beans with liquid,19
fluid ounce container chicken stock,19
granular fructose,19
white chocolate pudding mix,19
pasta dough,19
sprig parsley,19
fluid ounce can chicken broth,19
red pepper flakes to taste,19
pepper to taste,19
chive blossom,19
red enchilada sauce,19
mexican style stewed tomatoes with jalapeno pepper,19
montreal steak seasoning,19
carton chicken broth,19
frozen cut green bean,19
kaiser rolls split,19
bread machine flour,19
rapid rise yeast,19
pecan piece,19
rutabaga,19
vanilla custard,19
canned jalapeno pepper,19
whole wheat pasta shell,19
whole grain rice,19
pam original no stick cooking spray,19
chili with bean,19
and apple,19
calrose rice,19
fluid ounces rum,19
thai chile pepper,19
unsweetened strawberry,19
squares white chocolate,19
herbs of choice,19
lemon for garnish,19
peach chutney,19
unsalted butter at room temperature,19
chipotle paste,19
and mashed sweet potato,19
bock beer,19
black raspberry,19
sweet dessert wine,19
framboise liqueur,19
chili without bean,19
scalded milk,19
vegetable suet,19
vanilla soy milk,19
reduced sodium black bean,19
classic pie crust idiot proof step by step photo tutorial,19
dry instant coffee,19
peppermint ice cream,19
sprigs dill,19
tri color rotini pasta,18
low fat american cheese,18
strawberry preserve,18
pinto beans in chili sauce,18
knorr chicken bouillon,18
spicy tomato sauce,18
italian bread,18
safflower oil,18
fine bread crumb,18
yellowfin tuna fillet,18
soy ice cream,18
cream of celery soup,18
light processed cheese,18
peppermint candy,18
soy flour,18
amchur powder,18
extra egg,18
and almond,18
jicama and,18
split yellow lentil,18
loaf italian bread,18
pork belly,18
soup,18
milk chocolate,18
fat free swiss cheese,18
preserved black bean,18
turnip and,18
irish stout beer such as guinness,18
egg white substitute,18
cracked bulgur wheat,18
tapioca pudding,18
lightly brown sugar,18
lemons juice and rind of,18
bamboo skewers soaked in water for minute,18
round onion,18
passion fruit puree,18
bread crumbs seasoned,18
peach schnapp,18
dry corn muffin mix,18
japanese pumpkin,18
plums pitted and,18
vegetarian chicken broth,18
lettuce cup,18
white flour tortilla,18
mirepoix,18
green tea powder matcha,18
adobo sauce from chipotle pepper,18
canadian cheddar cheese,18
loaf frozen bread dough thawed,18
corn flour,18
dry black eyed pea,18
fat free plain yogurt,18
low fat mozzarella cheese,18
pinhead oat,18
garlic pepper seasoning,18
leaves mint,18
italian seasoned dry bread crumb,18
reynolds wrap heavy duty aluminum foil,18
chicken thigh piece,18
cashew half,18
quart vegetable broth,18
fluid ounce cranberry juice,18
garbanzo beans chickpeas drained and rinsed,18
vegetarian chicken piece,18
reduced sodium ketchup,18
banana and,18
unsalted dry cashew,18
processed swiss cheese,18
hot sauce such as tabasco,18
light rum,18
tapioca starch,18
star anise pod,18
pignoli,18
prepared hot mustard,18
lamb backstrap,18
heads broccoli,18
kosher salt and freshly black pepper to taste,18
heavy cream chilled,18
swanson chicken stock,18
sugar based curing mixture such as morton tender quick,18
garbanzo beans rinsed and drained,18
unsweetened pineapple,18
mixed green,18
refrigerated pizza crust dough,18
peppermint candy cane,18
seville orange,18
tray ice cube,18
plum wine,18
manicotti shell,18
sugar free cherry gelatin,18
plum food,18
eau de vie,18
knorr fiesta side,18
herb seasoned salt,18
nonstick cooking spray,18
prepared basil pesto,17
vegetarian parmesan cheese,17
wildflower honey,17
captain morgan s spiced rum,17
dry rub,17
pillsbury best all purpose flour,17
black walnut,17
alfalfa,17
corn bread mix,17
artichoke hearts drained and quartered,17
kamaboko,17
reduced calorie stick margarine,17
coarsely onion,17
white bread torn into piece,17
turkey stock,17
slices prosciutto,17
mandarin orange segments drained,17
black currant jelly,17
velveeta shells and cheese dinner,17
plain cornmeal,17
champagne,17
pineapple salsa,17
spice islands vanilla extract,17
other shortening,17
unsweetened cocoa,17
frozen shelled edamame green soybean,17
perch,17
frozen peach slice,17
zucchini and,17
toffee baking bit,17
wheat beer,17
reduced fat american cheese,17
sorghum molasse,17
fillets catfish,17
bite size mozzarella cheese ball,17
chicken tenderloin,17
quahog,17
dulce de leche ice cream,17
lotus seed,17
dry corn bread mix,17
pork cutlet,17
walnut meat,17
mirliton,17
gin,17
red zinfandel wine,17
french style green beans drained,17
chicken neck,17
onion powder to taste,17
shortening melted,17
miniature graham cracker pie crust,17
torn basil leaf,17
elephant garlic,17
round,17
granny smith apples cored and,17
non stick cooking spray,17
strawberry sauce,17
cabbage coleslaw blend,17
butterflied leg of lamb,17
square semisweet chocolate,17
tomatillo,17
fruit flavored jell o mix,17
milk chocolate candy kisses unwrapped,17
turnips and,17
tandoori spice mix,17
bulb garlic,17
pignoli nut,17
granular sucrolose sweetener such as splenda,17
tart baking apple,17
heads broccoli cut into floret,17
corn chip,17
candy corn,17
sweet potatoes in syrup,17
guava jelly,17
all purpose baking mix,17
lobster tail,17
canned shrimp,17
melted shortening,17
instant chocolate fudge pudding,17
orange sweet potato,17
fully luncheon meat such as spam,17
dry ziti pasta,17
lotus root,17
sugar free white chocolate pudding mix,17
prepared chocolate cookie crumb crust,17
chocolate fudge instant pudding mix,17
canned pimiento,17
tandoori masala,17
pickled herring,17
tofu drained and,17
italian tomato paste,17
pastry,17
alfalfa sprout,16
reynolds slow cooker liner,16
mayonnaise such as hellman s,16
absolut kurant vodka,16
brick cheese,16
new england clam chowder,16
garlic flavored red wine vinegar,16
breakstone s,16
loaf processed cheese food such as velveeta,16
asian fish sauce,16
rib eye steak,16
grapefruit peel,16
bamboo shoots drained,16
lady finger cooky,16
cream sherry,16
instant coconut pudding mix,16
onion white,16
vanilla wafer cooky,16
green cherry,16
day old bread,16
chicken back,16
velveeta cut into inch cube,16
wonton,16
philadelphia brick cream cheese softened,16
crepe,16
whipped topping,16
shitake mushroom,16
white cooking wine,16
sugar free orange marmalade,16
prepared instant mashed potato,16
sazon seasoning,16
pimiento strip,16
granular sucralose sweetener such as splenda,16
uncle bens wild rice,16
aquavit,16
torn romaine lettuce,16
filo pastry,16
genoa salami,16
limes zested and juiced,16
instant hot chocolate mix,16
campbell s condensed cream of chicken soup regular,16
angel food cake,16
original bisquick mix,16
mace blade,16
unsulfured molasse,16
beef fat,16
napa cabbage leaf,16
spears asparagu,16
lima beans drained,16
bottle barbecue sauce,16
links pork sausage,16
ice cold water,16
french dressing not catalina style,16
sugar free fat free butterscotch pudding,16
bella mushroom,16
aged balsamic vinegar,16
spaghetti squash,16
annatto oil,16
chickpeas drained and rinsed,16
fluid ounce can frozen lemonade concentrate,16
non iodized salt,16
smelt,16
fluid ounces cola flavored carbonated beverage,16
freshly white pepper,16
quarts oil for deep frying,16
imported white chocolate,16
chipotle chile pepper,16
buttery round crackers such as ritz,16
heinz tomato ketchup,16
eel,16
spinach pasta,16
chile powder,16
lowfat silken tofu,16
white radish,16
chilled butter,16
spiral cut ham,16
fillets of sole,16
melted margarine,16
black eyed peas drained,16
fish stock,16
fluid ounce grenadine syrup,16
cinnamon graham cracker crumb,16
black gram,16
kiwi and,16
prepared chocolate pudding,16
fluid ounce peach schnapp,16
fluid ounces sweet and sour mix,16
crawfish meat,16
umeboshi,16
sheets phyllo dough,16
millet,16
italian style tomatoes drained,16
rolled barley,16
low fat monterey jack pepper cheese,16
low fat low sodium chicken broth,16
quinoa rinsed and drained,16
canned potato,16
candy coated milk chocolate pieces such as m m s,16
fluid ounce gin,16
sweet orange,15
beef oxtail,15
tomatoes with herb,15
thai basil leaf,15
rose extract,15
bulk hot italian sausage,15
oven deli chicken,15
coconut ice cream,15
beef chuck shoulder pot roast,15
fluid ounce dark rum,15
dark amber maple syrup,15
arrowroot powder,15
cod steak,15
fluid ounce rum,15
canned mushroom,15
pimento strip,15
fluid ounces light rum,15
hot sauce such as frank s redhot,15
fluid ounce sweet vermouth,15
instant white rice,15
carambola,15
fluid ounces lemon lime flavored carbonated beverage,15
turkey gravy,15
prickly pear,15
confectioners sugar for rolling,15
fat free instant vanilla pudding mix,15
mexican style cheese blend,15
seeded and jalapeno pepper,15
tamarind chutney,15
gingersnap cooky,15
tomatoes with basil and oregano,15
plum brandy,15
ready made bruschetta,15
tomatoes and green chile,15
fluid ounce orange juice,15
softened cream cheese,15
thai basil,15
limes quartered,15
cornish game hen,15
sweet yellow onion,15
mesquite liquid smoke,15
white turkey meat,15
sweet and sour sauce,15
red chile powder,15
prepared marinara sauce,15
ritz cracker,15
yellow apple,15
lawry s seasoned pepper,15
mexican chili bean,15
methi leaf,15
potato cheese pierogy,15
frozen broccoli floret,15
freshly lemon zest,15
taco shell,15
pisco,15
fat free sharp cheddar cheese,15
soy lecithin,15
quarts oil for frying,15
black cumin,15
salt and cracked black pepper to taste,15
head romaine lettuce torn into bite size piece,15
bag chocolate chip,15
cartons chicken broth,15
i can t believe it s not butter spread,15
salt free seasoning blend,15
chili,15
stolichnaya vodka,15
green onion stem,15
dry bow tie pasta,15
water tuna,15
skirt steak,15
chile pequin,15
refrigerated pizza crust,15
red kidney beans drained,15
sugar free instant white chocolate pudding mix,15
envelopes active dry yeast,15
creamed honey,15
pork loin steak,15
thousand island dressing,15
white seedless grape,15
queso anejo,15
rolled oatmeal,15
pretzel stick,15
scoop vanilla ice cream,15
pistachio ice cream,15
chicken breast tenderloin,15
ears corn on the cob,15
bulb fennel,15
key limes juice of,15
fluid ounce jiggers vodka,15
parsnip and,14
caramel,14
sharp cheddar,14
frozen mixed berry,14
masterpiece original barbecue sauce,14
garlic pepper,14
turkey stuffing,14
fluid ounce jigger peach schnapp,14
freshly romano cheese,14
gevalia cold brew concentrate,14
carrot curl,14
fluid ounce light rum,14
links hot italian sausage,14
syrup,14
maraschino cherries drained and,14
fluid ounce can frozen orange juice concentrate,14
pita bread,14
fluid ounce dry vermouth,14
fuyu persimmon,14
screwpine leaf,14
rhubarb cut into inch piece,14
chunk light tuna in water,14
butternut squash lengthwise and seeded,14
fluid ounces triple sec,14
lamb chop,14
vinaigrette,14
bran cereal,14
squares german sweet chocolate,14
fat free vanilla pudding,14
powdered turmeric,14
head cabbage coarsely,14
yellow curry powder,14
stewed tomatoes undrained,14
clams in shell,14
low fat ham,14
light non dairy whipped topping,14
fatty bacon,14
milnot condensed milk,14
fluid ounce coffee flavored liqueur such as kahlua,14
fettuccini pasta,14
land o lakes butter,14
cheshire cheese,14
italian style hoagie bun,14
condensed cream of cheddar cheese soup,14
cracker,14
refrigerated pizza dough,14
chardonnay wine,14
beef flavored rice a roni,14
vine ripened tomato,14
no boil lasagna noodle,14
pineapple bit,14
avocado and,14
prepared mashed potato,14
prepared pie crust,14
nasturtium blossom,14
extra beef,14
english muffins split,14
hot chile paste,14
pheasant breast,14
irish mist liqueur,14
wedge lemon,14
candied mixed fruit peel,14
plain dry bread crumb,14
blue food coloring,14
round brie cheese,14
butternut squash and,14
goya garlic,14
milk at room temperature,14
crumbled feta,14
unpeeled zucchini,14
lump crabmeat drained,14
spaghetti squash lengthwise and seeded,14
cherry tomatoes quartered,14
pickled jalapeno pepper slice,14
cold coffee,14
quart whole milk,14
coarse kosher salt,14
self rising cornmeal,14
oranges juiced,14
speck,14
white beans drained and rinsed,14
quaker oats quick,14
comice pear,14
whole wheat bagel,14
pet milk,14
dry onion soup mix such as lipton,14
grains of paradise,14
quart heavy cream,14
pint vanilla ice cream,14
vanilla frosting,14
caper juice,14
corn muffin mix,14
dutch process cocoa powder,14
pomelo fruit,14
macaroni and cheese mix,14
reduced sodium tomato juice,14
wheat bread crumb,14
lancashire cheese,14
and carrot,14
vidalia,14
red grape,14
rag old world style traditional sauce,14
black cherry gelatin,14
oreo cooky,14
freshly pepper to taste,14
low fat kielbasa,14
canned sauerkraut,14
coconut cream pudding mix,14
refrigerated buttermilk biscuit dough,14
meatloaf,14
creme de menthe liqueur,14
eggplant cut into inch slice,14
wheat and barley nugget cereal e g grape nut,14
light molasse,14
tomatoes with sweet onion,14
crumbled queso fresco,14
candy coated chocolate piece,14
coarsely basil,14
banana rum,14
light coconut cream,14
tomatoes quartered,14
stick butter,14
pints strawberry,14
long grain and wild rice mix,14
frozen raspberries thawed,14
vegetable cooking spray,14
spicy italian sausage,14
dark red kidney beans drained and rinsed,14
french vanilla cool whip,14
beef short ribs with bone,13
quarts popped popcorn,13
yellow split pea,13
canned pineapple,13
ahi,13
prepared lemonade,13
prime rib roast,13
unsweetened coconut cream,13
squeeze lemon juice,13
fillets swai fish,13
stewed tomatoes drained,13
envelopes unflavored gelatin,13
apple jelly,13
mandarin juice,13
vermicelli pasta,13
fluid ounce pineapple juice,13
pasta shape,13
fluid ounces coffee flavored liqueur,13
fluid ounce butterscotch schnapp,13
bottle lemon lime flavored carbonated beverage,13
hunt s tomatoes drained,13
frozen broccoli thawed and drained,13
tomato sauce mushroom,13
scotch whiskey,13
fillets cod,13
black olives pitted and,13
ranch salad dressing,13
hazelnut butter,13
caerphilly cheese,13
carton sour cream,13
loaf cocktail rye bread,13
all purpose flour for dredging,13
green beans rinsed and,13
fluid ounces brandy,13
zucchini lengthwise,13
tomato sauce with onion,13
cut up chicken piece,13
vegetarian vegetable soup,13
sleeve buttery round crackers such as ritz,13
mushrooms coarsely,13
mushroom piece,13
tiger prawns and deveined,13
catalina salad dressing,13
vanilla baking chip,13
strawberries quartered,13
corn flakes cereal,13
sour apple,13
gochujang korean hot pepper paste,13
candied mixed fruit,13
burger,13
red leicester cheese,13
prepared vanilla frosting,13
young roasting chicken,13
for the filling,13
yellow corn,13
fully luncheon meat e g spam,13
morel mushroom,13
non instant vanilla pudding mix,13
chocolate wafer cooky,13
reddi wip original dairy whipped topping,13
bottle clam juice,13
red candied cherry,13
fluid ounces lemon juice,13
italian style seasoned bread crumb,13
bacardi dark rum,13
italian style dry bread crumb,13
dry ranch salad dressing mix,13
hominy grit,13
fillets halibut,13
peaches and pitted,13
processed cheese sauce,13
brown flour,13
pear cored and,13
prepared pesto,13
english muffins split and,13
pearl israeli couscou,13
summer squash,13
potato gnocchi,13
french baguette cut into inch slice,13
seafood seasoning,13
dry vegetable soup mix,13
cannellini beans rinsed and drained,13
quick cooking rolled oat,13
frozen puff pastry sheets thawed,13
tomato slice,13
unsweetened vanilla flavored almond milk,13
crab meat,13
canned coconut milk,13
french cut green beans drained,13
cornflake crumb,13
cake compressed yeast,13
bottle vodka,13
beef cube steak,13
quart buttermilk,13
clams drained,13
blended oatmeal,13
white chocolate bark,13
low fat baking mix,13
dry fettuccini noodle,13
waffle shaped french fry,13
whiting fish fillet,13
alligator meat,13
lamb leg steak,13
thompson seedless grape,13
fluid ounce can cola flavored carbonated beverage,13
kipfler potato,13
i can t believe it s not butter spray,13
pippin apple,13
corn and black bean salsa,13
tofu sour cream,13
steak style french fry,13
gelatin sheet,13
pineapple chunks with juice,13
leaves romaine lettuce,13
vegan cheddar cheese,13
beef round rump roast,13
bulk kfc original recipe seasoning copycat,13
teddy grahams honey graham snack,13
gluten free cornflour,13
caper berry,13
wild strawberry gelatin,13
mccormick black pepper,13
light cottage cheese,13
mini graham cracker tart crust,13
fruit vinegar,13
thyme honey,13
quick cooking long grain and wild rice mix,13
tomatoes with basil and garlic,13
white radishe,13
azuki bean,13
double gloucester cheese,13
appenzeller cheese,13
lamb rib,13
coarsely parsley,13
crab,13
chicken flavored vegetarian seasoning,13
bison,13
buckwheat honey,13
crayfish,13
sugar free instant chocolate fudge pudding mix,13
graham cracker tart shell,13
frozen stir fry vegetable,13
amchur,13
cranberry vodka,13
soy sauce to taste,13
lime juice concentrate,13
liquid sugar substitute,13
balsamic vinaigrette,12
brine,12
apples and,12
alfredo style pasta sauce,12
red kidney beans drained and rinsed,12
regular long grain white rice,12
dolcelatte,12
lite evaporated milk,12
nonfat vanilla soymilk,12
sweet onions such as vidalia,12
reynolds wrap non stick aluminum foil,12
colored candy sprinkle,12
sambal chili paste,12
wheat gluten flour,12
crispy rice cereal squares such as rice chex,12
agave syrup,12
canning jars with lids and ring,12
sprigs cilantro for garnish,12
quart vegetable oil for deep frying,12
scotch bonnet chile pepper,12
green grape,12
jalapeno stuffed green olive,12
teff,12
wedge lime,12
tomato based chili sauce,12
hungarian sweet paprika,12
yellowfin tuna steak,12
mashed butternut squash,12
fat free sugar free instant butterscotch pudding mix,12
head leaf lettuce,12
quart half and half cream,12
amaretti cookie crumb,12
peach preserve,12
kraft processed cheese slice,12
fruit cocktail,12
garlic sprout,12
liters lemon lime flavored carbonated beverage,12
italian herb,12
low fat cinnamon graham cracker,12
sun tomato puree,12
i can t believe it s not butter fat free,12
skim milk buttermilk,12
chipotle pepper in adobo sauce,12
breadcrumb,12
envelope taco seasoning mix,12
scoop vanilla protein powder,12
limes cut into wedge,12
gravy,12
fillet of sole,12
lamb stock cube,12
deli turkey meat,12
rosamarina pasta,12
crispy rice cereal square,12
fruit salsa,12
lite silken tofu,12
contadina tomato paste,12
quarts milk,12
loaf white bread,12
tomato pasta sauce,12
full cream milk,12
tofu crumble,12
fluid ounces beer,12
grapefruit juice concentrate,12
dry taco seasoning mix,12
dates pitted,12
blue cheese crumble,12
instant garlic mashed potato,12
fat free sugar free instant pistachio pudding mix,12
vegan chicken,12
steak sauce such as a,12
handful hickory,12
chocolate cake mix with pudding,12
angel food cake mix,12
five spice seasoning,12
bulk mild italian sausage,12
low fat biscuit mix,12
tangerine juice concentrate,12
sauerkraut with juice,12
mushrooms drained and,12
corned beef brisket with spice packet,12
candied orange peel,12
watermelon wedge,12
wild duck,12
white lily self rising flour,12
fruit preserves any flavor,12
white truffle oil,12
white minute rice,12
orange juiced and zested,12
hickory flavored liquid smoke,12
robin hood oat,12
reduced sodium beef broth,12
yellow chile,12
irish cream liqueur such as bailey,12
seeded cucumber,12
maple extract,12
extra tofu drained and,12
refrigerated sugar cookie dough,12
white vermouth,12
chicken half,12
low sodium ham,12
heads bok choy,12
pomegranate and seeds separated,12
gluten free flour blend,12
black eyed peas with jalapeno,12
lamb bone,12
caramel topping,12
lamb breast,12
flavored sugar or splenda,12
cashew nuts paste,12
yeast granule,12
bag cranberry,12
eggplant cut into inch cube,12
quick cooking white rice,12
converted long grain white rice,12
sour cream for garnish,12
leftover mashed potato,12
tomatoes in juice,12
liquid shortening,12
beef schnitzel,12
hot chile paste such as sambal oelek,12
purple seedless grape,12
fine herb,12
sprigs basil,12
inch fat free flour tortilla,12
fat free ham,12
great northern beans undrained,12
coarse sea salt to taste,12
tomatoes with jalapeno pepper,12
red baking apple,12
reduced sodium tomato sauce,12
fat free monterey jack cheese,12
apricots pitted and,12
refrigerated cheese tortellini,12
candy cane,12
cilantro leaves for garnish,12
marshmallow peep,12
orange slice,12
hot spiced cider mix,12
tomatillos husked and,12
dry hot mustard,12
spinach rinsed,12
italian seasoning to taste,12
tomatoes with green pepper celery and onion,12
pork sausage link,12
hillshire farm smoked sausage diagonally cut into inch slice,12
vegetarian sausage link,12
chile salsa,12
hormel mary kitchen corned beef hash,12
bottle red wine,12
kosher salt and freshly black pepper,12
double crust ready to use pie crust,12
canadian bacon,12
pickle relish,12
rice milk,12
merlot wine,12
calabaza squash,12
mushroom stems and piece,12
vanilla ice cream softened,12
hatch chile pepper,12
low fat graham cracker crumb,12
tomato sauce with basil garlic and oregano,12
nonfat parmesan cheese,12
pork stew meat,12
garlic and herb seasoning blend such as mrs dash,12
wattleseed,12
loaf processed cheese food,11
apricot marmalade,11
inch slices french bread,11
side bacon,11
half cream,11
gallon whole milk,11
super fine sugar,11
honey cashew,11
anchovy filet,11
comino,11
sweet vermouth,11
links italian sausage,11
mott s applesauce,11
head of celery,11
heather honey,11
pitted cherry,11
head cauliflower into bite size piece,11
bone in chicken thighs with skin,11
dry brown lentil,11
corn chips such as frito,11
campbell s condensed cream of mushroom soup regular fat free,11
venison stew meat,11
french dressing,11
sauerkraut drained and rinsed,11
tomatoes with basil,11
heads romaine lettuce,11
onion bagel,11
vindaloo curry paste,11
inch piece ginger root,11
bow tie pasta farfalle,11
pumpkin pie filling,11
beef frankfurter,11
white truffle,11
cinnamon ice cream,11
castor sugar,11
vegetarian burger crumble,11
onion juice,11
oyster cracker,11
self rising cake flour,11
chile de arbol pepper,11
head cabbage cored and cut into wedge,11
orange into round,11
bel paese cheese,11
cake tofu,11
vanilla fat free yogurt,11
zucchini with italian style tomato sauce,11
assorted herb,11
dark beer,11
heirloom tomato,11
button mushrooms quartered,11
gluten free all purpose flour,11
seeded and cucumber,11
for the dough,11
powdered buttermilk,11
kittencal s no fail buttery flaky pie pastry crust,11
flank steak cut into strip,11
links sweet italian sausage,11
head cabbage cored and coarsely,11
chives for garnish,11
custard powder,11
crabmeat drained,11
pasti,11
powdered chocolate drink mix,11
lavender flower,11
chilled unsalted butter,11
pizza dough,11
inch square wonton wrapper,11
unsweetened coconut flake,11
parsnips and cut into inch piece,11
hulled strawberry,11
lettuce head,11
piloncillo cone,11
lite tofu,11
salt plus more to taste,11
pint half and half cream,11
matchstick cut carrot,11
whipped topping such as cool whip,11
pork sirloin,11
udon noodle,11
salted cashew piece,11
butter cake mix,11
green beans washed and,11
sheets nori dry seaweed,11
head napa cabbage,11
fluid ounce jigger coffee flavored liqueur,11
ranch style pinto bean,11
hi gluten flour,11
zucchini end,11
condensed cream of broccoli soup,11
ear corn,11
emeril lagasse s essence,11
chickpeas rinsed and drained,11
thai sweet chili sauce,11
head romaine lettuce rinsed and,11
tomatoes with garlic and olive oil,11
fluid ounce sweet and sour mix,11
wedges lime,11
vegetarian cheddar cheese,11
frozen lobster tail,11
chipotle chile in adobo sauce,11
aunt jane s krazy mixed up salt,11
sheets frozen puff pastry thawed,11
vegetarian beef strip,11
fluid ounce coconut flavored rum,11
unsweetened grapefruit juice,11
candied pineapple,11
leaves sage,11
coating,11
apple ring,11
hominy drained,11
dry fajita seasoning,11
mushroom liquid,11
sun tomato pesto,11
pickle,11
alfredo sauce with parmesan cheese,11
eggs whisked,11
bananas and lengthwise,11
semisweet chocolate chips melted,11
gallon apple cider,11
dry cashew,11
canned chipotle peppers in adobo sauce,11
box yellow cake mix,11
fruit,11
rusk,11
habanero chile,11
prune butter,11
cool water,11
half and half or whole milk,11
soho lychee liqueur,11
monosodium glutamate such as ac cent,11
sweet peas drained,11
apple and,11
cooky,11
spaghetti broken into piece,11
cold heavy whipping cream,11
mackerel fillet,11
rum extract,11
salsify,11
nacho flavor tortilla chip,11
cookies cream ice cream,11
pinto beans undrained,11
fire tomatoes with juice,11
crumbled cornbread,11
lemon grass root,11
strong brewed coffee room temperature,11
italian dressing,11
brown and wild rice mix,11
wheat hamburger bun,11
caesar salad dressing,11
lemon into round,11
cold brewed coffee,11
wine cured sauerkraut,11
grapefruit zest of,11
lowfat buttermilk,11
leaves kale,11
strawberry banana gelatin,11
fluid ounces vanilla flavored vodka,11
pickling vinegar,11
cane sugar,11
bitter,11
sprig cilantro,11
freshly cracked black pepper to taste,11
coarse salt to taste,11
fluid ounce can fat free evaporated milk,11
dry great northern bean,11
quart vanilla ice cream softened,11
white bread cube,11
nu salt,11
farro,11
white grapefruit,11
canned whole cranberry sauce,11
individually wrapped caramel,11
vegetable marrow,11
apricot puree,11
avocado mashed,11
bottle champagne,11
loaf french bread cut into inch slice,11
framboise eau de vie,11
clam chowder,11
zesty italian dressing,11
all beef hot dog,11
fluid ounces irish cream liqueur,11
red currant jam,11
peach ice cream,11
chinese celery,11
sirloin steak,11
loaves frozen bread dough thawed,11
dry garbanzo bean,11
fluid ounce can frozen limeade concentrate,11
red gelatin,11
ranch dressing mix such as hidden valley ranch,11
sugar free instant pistachio pudding,11
lemon quartered,11
venison roast,11
new york strip steak,11
hot italian sausage link,11
jonagold apple,10
cajun seasoning blend such as tony chachere s,10
tomatoes cut into chunk,10
quince paste,10
fluid ounce banana liqueur,10
carrot food,10
oat cereal,10
pastry for a inch pie crust,10
walnut liqueur,10
sugar free fat free french vanilla pudding and pie filling mix,10
frozen mixed peas and carrot,10
orange juice concentrate,10
dry egg noodle,10
pineapple preserve,10
blueberry gelatin,10
log goat cheese,10
miniature chocolate covered peanut butter cup,10
marinated artichoke hearts drained,10
gallon milk,10
canned green chile pepper,10
sunflower margarine,10
cinnamon to taste,10
sandwich bread,10
wet ingredient,10
olive oil for brushing,10
fluid ounce container beef broth,10
dry ingredient,10
spiced rum,10
parmesan asiago and romano cheese blend,10
parmesan,10
spinach torn,10
red date,10
bulbs garlic,10
cherries pitted and,10
tahini sesame butter,10
nutmeg to taste,10
sweet red pepper,10
tub frozen whipped topping thawed,10
frozen potato and onion pierogy,10
mini pretzel,10
soy powder,10
seeded and tomato,10
vegetable margarine,10
bananas broken into chunk,10
whole pumpkin seed,10
cheddar and colby cheese,10
hazelnut liqueur,10
wensleydale cheese,10
artichoke hearts in water drained,10
broccoli cut into floret,10
flaxseed,10
creole style seasoning,10
won ton wrapper,10
fluid ounces champagne,10
elderberry flower,10
and chicken,10
rub,10
cinnamon chip,10
savoiardi cooky,10
anaheim pepper,10
beets drained,10
broccoli sprout,10
frozen coconut milk,10
tuna salad,10
chile garlic sauce,10
and deveined shrimp per pound,10
ras el hanout moroccan spice mix,10
non instant chocolate pudding mix,10
green beans and,10
lemon flavored jell o,10
condensed new england clam chowder,10
zucchini lengthwise and,10
dry bread cube,10
red quinoa,10
kikkoman panko bread crumb,10
sugar free instant lemon pudding,10
reduced fat jarlsberg cheese,10
chestnut,10
coarsely carrot,10
rava,10
wooden stick,10
pea tendril,10
classico alfredo with sun tomato,10
metaxa brandy,10
diamond crystal kosher salt,10
pepper vinegar,10
maraschino cherries and juice,10
mixed herb,10
pickled caper,10
fluid ounce blue curacao,10
loaf french bread lengthwise,10
loaf processed cheese,10
head cauliflower cut into bite size piece,10
strawberry yogurt,10
and whole crawfish tail,10
envelope onion soup mix,10
instant oatmeal,10
rice vermicelli,10
jarred red pepper,10
desired pasta,10
pickled garlic,10
basil olive oil,10
red bean,10
jalapeno chilie,10
quartered artichoke hearts drained,10
chocolate sprinkle,10
reduced sodium ham,10
freshly orange zest,10
mandarin orange piece,10
tamarillo,10
dill pickle spear,10
frozen shoestring french fry,10
fluid ounce triple sec liqueur,10
pork breakfast sausage,10
kittencal s taco seasoning mix,10
lime into round,10
wax beans drained,10
nasturtium leaf,10
leaves basil leaf,10
nasturtium petal,10
irish potato,10
bag tortilla chip,10
fluid ounce cointreau,10
bulk spicy pork sausage,10
frozen petite peas thawed,10
wheat rotini pasta,10
brussels sprouts and lengthwise,10
bread machine quick acting active dry yeast,10
unsweetened apple juice,10
dry lentils rinsed,10
haldi powder,10
zatarain s jambalaya mix,10
leeks white and pale green parts only,10
jarlsberg cheese,10
italian style tomatoes undrained,10
no yolks extra broad noodle,10
herb stuffing cube,10
chanterelle mushroom,10
soy protein isolate,10
classico tomato and basil sauce,10
chili powder to taste,10
spinach rinsed and torn into bite size piece,10
red beans drained and rinsed,10
crabmeat flaked,10
fluid ounce jigger irish cream liqueur,10
crumb topping,10
young ginger root,10
fluid ounce tequila,10
chickpeas drained,10
kale stems removed and leaves coarsely,10
beef rib eye steak,10
cucuzza,10
cabrales cheese,10
navy beans rinsed and drained,10
pork back rib,10
chicken breast tender,10
orange segment,10
food coloring,10
powdered oregano,10
compressed yeast,10
frozen meatball,10
borage,10
orange zested and juiced,10
corn flake cereal,10
brown gravy mix,10
salted cashew half,10
splash lime juice,10
crazy salt,10
smoked turkey leg,10
whole grain english muffin,10
whole wheat spaghetti,10
lime quartered,10
garlic granule,10
zucchini into round,10
whole wheat bread,10
fruit flavored gelatin,10
back pork rib,10
process cheese sauce,10
lamb shoulder cut into inch piece,10
bittersweet chocolate chip,10
green cardamom powder,10
inch tortilla,10
heavy whipping cream whipped,10
and butternut squash,10
bunches cilantro,10
white bread cut into cube,10
chicken feet,10
frozen crab,10
reduced fat extra sharp cheddar cheese,10
dry fettuccini pasta,10
olives drained,10
cracked wheat,10
bran flakes cereal,10
veal broth,10
reduced calorie cranberry juice cocktail,10
fat ricotta cheese,10
potato flake,10
mizuna,10
great northern beans drained,10
fluid ounces whiskey,10
sorrel leaf,10
processed cheese with jalapeno pepper,10
quarts vegetable broth,10
gallons water,10
chai tea bag,10
lychee juice,10
fluid ounce orange liqueur,10
mint syrup,10
bottle chili sauce,10
bud light beer,10
bottle ranch style salad dressing,10
irish whiskey,10
and tomatoes drained,10
frankfurter,10
tempeh bacon,10
shiro miso,10
tamarind extract,10
paula deen s house seasoning mix,10
matzo cake meal,10
crisp bacon,10
hard shelled clam,10
biscuit baking mix such as bisquick,10
red and green candied cherry,10
japanese sake,10
oil sun tomatoes drained and,10
golden sultana raisin,10
mango nectar,10
canned cranberry sauce,10
ladyfinger cooky,10
tamarind,10
to taste salt and pepper to taste,10
baker s yeast,10
nanami togarashi,10
fat pork,10
stone white cornmeal,10
pancake,10
unsweetened berry,10
yam,10
baker s german s chocolate,10
decoration,10
prepared pesto sauce,10
extra shrimp,10
bag coleslaw mix,10
cape gooseberry,10
fillets red snapper,10
hot fudge topping,10
white bread crust,10
pint raspberry,10
feijoa,10
mangoes in syrup,10
turkey fat,10
lemons zested and juiced,10
stevia in the,9
sour cream room temperature,9
anejo cheese,9
quick mixing flour such as wondra,9
all purpose dinner crepes batter,9
chocolate wafer,9
lemon curd,9
tomatoes with seasoning,9
beef tip roast,9
gebhardt reg chili powder,9
grapefruit and sectioned,9
mashed strawberry,9
frozen petite pea,9
red cooking wine,9
quorn mince,9
liter ginger ale,9
grain mustard,9
shortening chilled,9
partridge,9
turkey leg,9
loquat,9
mahleb,9
apple without peel,9
brussels sprouts and cut in half,9
box barilla gluten free penne,9
herb flavored vinegar,9
frozen meatballs thawed,9
havarti with dill,9
ro tel mexican festival tomato,9
condensed cream of shrimp soup,9
pint strawberries hulled and,9
no sugar added tomato sauce,9
canned lychee,9
salted cod fish,9
stir fry,9
rutabagas and,9
tahini sesame seed paste,9
cantal cheese,9
pork filet,9
nopalito,9
whole grain bread,9
unsweetened cocoa powder for dusting,9
torn spinach leaf,9
malted milk powder,9
banana cream pudding and pie filling mix,9
roll,9
grape gelatin,9
black forest ham,9
sage pork sausage,9
chocolate cool whip,9
onion and garlic crouton,9
sugar free instant banana pudding mix,9
crisp red apple,9
umeboshi plum paste,9
great northern beans drained and rinsed,9
squares semi sweet chocolate,9
strawberry cake mix,9
low fat quark cheese,9
bamboo toothpick,9
pork top loin,9
mediterranean oregano,9
white american cheese,9
salted herring,9
candied mixed citrus peel,9
pineapple sage,9
italian tomatoes with juice,9
wedge brie cheese,9
orange and segmented,9
turkey polish kielbasa,9
queso sauce,9
pitted sour cherry,9
bottle dry white wine,9
reduced fat vanilla ice cream,9
white bread crusts removed,9
skinned split black lentils urad dal,9
stone cornmeal,9
prepared pizza dough,9
mozzarella,9
orecchiette pasta,9
passion fruit liqueur,9
shiitake mushrooms stemmed and,9
chickpea flour besan,9
prepared pizza crust,9
fluid ounces bourbon whiskey,9
filet mignon steak,9
sea scallops rinsed and drained,9
low carb milk,9
hot dry mustard,9
sprigs oregano,9
vegetable oil cooking spray,9
mild red onion,9
center cut salmon fillet,9
prepared alfredo sauce,9
fluid ounce container vegetable broth,9
mashed overripe banana,9
frozen green peas thawed and drained,9
crumbled sage,9
orange and,9
dry red lentil,9
tamari sauce,9
proof vodka,9
pink kidney bean,9
cannellini beans drained,9
vegetable shortening such as crisco,9
and sweet potato,9
black tea bag,9
lowfat cream cheese,9
orange in round,9
prepared pumpkin,9
tostada shell,9
jell o instant pistachio pudding mix,9
peppered bacon,9
black walnut extract,9
hummu,9
green chiles undrained,9
sweetened cranberries such as ocean spray craisin,9
granny smith apples and,9
fully bone in ham,9
banana cut in chunk,9
carton beef stock,9
gallon vanilla ice cream softened,9
strips celery,9
oregano to taste,9
all beef wiener,9
bite size broccoli floret,9
polyunsaturated margarine,9
cold rice,9
vegan egg substitute,9
fluid ounces ginger ale,9
peking duck,9
stewed tomatoes with liquid,9
boston pork roast,9
scallions green onion,9
robin hood all purpose flour,9
fluid ounce peppermint schnapp,9
torn spinach,9
black and red pepper blend,9
cilantro coarsely,9
butter or margarine,9
herring in wine sauce,9
frozen broccoli florets thawed,9
fluid ounce jigger triple sec,9
open pit barbecue sauce,9
mexican style cheese,9
shrimp in shell,9
preserved turnip,9
sirloin tip,9
bratwurst sausage,9
crumbled reduced fat feta cheese,9
whole wheat self rising flour,9
browning sauce such as kitchen bouquet,9
plain non fat yogurt,9
vegetarian hot dog,9
maraschino cherry for garnish,9
avocado pitted and,9
kimchi,9
hunt s tomatoes undrained,9
hazelnut flavored coffee,9
macintosh apple,9
grill seasoning,9
frozen pearl onion,9
unbaked pizza crust,9
condensed chicken gumbo soup,9
skin on salmon fillet,9
kikkoman teriyaki marinade sauce,9
preserved radish,9
stuffing,9
sake japanese rice wine,9
applewood smoked bacon,9
new red potato,9
fluid ounce orange flavored liqueur such as cointreau,9
sloppy joe sauce,9
tomatoes drained and,9
banana pulp,9
fluid ounce vanilla flavored vodka,9
bleu cheese spread,9
idahoan signature russets mashed potato,9
fluid ounce triple sec orange flavored liqueur,9
juice of lime,9
salt as needed,9
coarsely black pepper to taste,9
roma plum tomatoes quartered,9
light red kidney beans drained and rinsed,9
plum tomatoes with liquid,9
chinese barbecue sauce,9
kluski noodle,9
low sodium stewed tomato,9
water plus more as needed,9
spears asparagus and cut into inch piece,9
papaya seed,9
pork neck bone,9
cashew nut,9
garbanzo beans chickpeas rinsed and drained,9
spice rub,9
black bean sauce,9
meaty ham bone,9
wheel brie cheese,9
chickpeas garbanzo bean,9
orange flavored drink mix e g tang,9
marinated artichoke hearts drained and quartered,9
regular basil,9
ball,9
refried black bean,9
tomatoes with garlic,9
white miso paste,9
millet flour,9
tomato and clam juice cocktail,9
brewed espresso,9
fennel head,9
coconut pudding mix,9
instant sugar free vanilla pudding mix,9
ham cut into strip,9
salt free herb seasoning blend,9
quart vanilla ice cream,9
pretzel twist,9
tomato vegetable juice cocktail such as v,9
currant juice,9
tiny pinch salt,9
pickled ginger,9
frozen cheese ravioli,9
root beer,9
slices tomato,9
cheesecake,9
crisply bacon,9
nutrasweet,9
barbeque sauce such as sweet ray s,9
chinese rice wine,9
red new potato,9
yellow squash cut into inch slice,9
margarita mix,9
beau monde seasoning,9
morningstar farms griller,9
chipotle chili pepper,9
low fat graham cracker crust,9
panko japanese bread crumb,9
red curry powder,9
pillsbury refrigerated crescent dinner roll,9
pandan extract,9
pepper sauce such as frank s red hot,9
cold strong brewed coffee,9
red onion strip,9
hard salami,9
head cauliflower separated into floret,9
cacao powder,9
black currant jam,9
bottles barbeque sauce,9
instant tapioca,9
salad oil,9
bottle italian salad dressing,9
lemon flavored gelatin mix such as jell o,9
white frosting,9
dry couscou,9
simple honey mustard salad dressing,9
sumac powder,9
wheat germ oil,8
cored and pear,8
vegetarian sausage patty,8
gold tequila,8
unpeeled potato,8
pint canning jars with lids and ring,8
garbanzo beans drained liquid reserved,8
envelope instant hot chocolate mix,8
hyssop,8
mini phyllo tart shell,8
pastry for a inch single crust pie,8
cheese filled tortellini,8
fat free flour tortilla,8
gluten free rolled oat,8
tomatoes with garlic and onion,8
non fat tortilla chip,8
kale stems removed and leaf,8
hillshire farm smoked sausage,8
masa dough,8
seeded and butternut squash,8
chipotle pepper powder,8
light beer,8
brown sugar firmly,8
dry pancake mix,8
yellow summer squash,8
clementine zest,8
untreated cedar plank,8
cocoa nib,8
lime powder,8
lemon lime soda,8
refrigerated flaky biscuit dough,8
greek style yogurt,8
arrowroot flour,8
mung bean sprout,8
another sweetener,8
simply potatoes hash brown,8
milk warmed,8
grape juice,8
watermelon vodka,8
bag mixed salad green,8
shrimp bouillon cube,8
vanilla greek yogurt,8
beef top round,8
sweetened coconut flake,8
german chocolate bar,8
bone in pork shoulder roast,8
canola oil cooking spray,8
bag broccoli floret,8
orzo,8
loaf italian bread cut into inch slice,8
fluid ounce jigger tequila,8
walnut meal,8
dry jasmine rice,8
cheese flavored crackers such as cheez it,8
frozen pineapple juice concentrate,8
matcha green tea powder,8
lemon marmalade,8
low fat tortilla chip,8
mint leaves for garnish,8
sprig basil,8
mangoes and,8
whole green chili,8
sriracha chile sauce,8
fluid ounces half and half,8
and cucumber,8
bottle white wine,8
tahini paste,8
granular no calorie sucralose sweetener e g splenda,8
canned green chile,8
candied ginger,8
emmentaler cheese,8
loaf italian bread cut into inch cube,8
purple sweet potato,8
french salad dressing,8
tomato base barbecue sauce,8
cilantro salsa,8
mozzarella provolone cheese blend,8
vanilla low fat yogurt,8
apples cored and with peel,8
zucchini quartered and,8
dannon oikos plain greek nonfat yogurt,8
lamb mince,8
panko crumb,8
leaves spinach,8
head broccoli cut into bite size piece,8
zest from lemon,8
prawn,8
snipped chive,8
chili flavored olive oil,8
raspberry vinaigrette,8
fat free crouton,8
aromatic bitter,8
cucumber slice,8
taco,8
monosodium glutamate,8
beef kielbasa,8
pints cherry tomato,8
bow tie farfalle pasta,8
chutney,8
envelopes whipped topping mix,8
beef soup bone,8
cherries pitted,8
canned mushrooms drained,8
angostura bitter,8
lite soy sauce,8
hidden valley original ranch salad dressing seasoning mix,8
hot green chile pepper,8
fluid ounce container chicken broth,8
old mill oat,8
bottle zesty italian dressing,8
artificial vanilla flavoring,8
strawberry extract,8
tiny shrimp,8
shucked oyster,8
pumpkin pie,8
shelled pistachio nut,8
asian chile pepper sauce,8
prepared inch single pie crust,8
fluid ounces amaretto liqueur,8
red cabbage head,8
mixed frozen berry,8
pork steak,8
mushrooms with liquid,8
lasagna pasta,8
purple bell pepper,8
meatless spaghetti sauce,8
bean sprouts drained,8
low fat monterey jack and colby cheese,8
freshly asiago cheese,8
musselman s apple butter,8
quarts beef stock,8
tzatziki sauce,8
orange brandy,8
parrot bay coconut rum,8
pint ricotta cheese,8
box couscou,8
sweet mango,8
cherry flavored jell o,8
reduced fat graham cracker crumb,8
frozen potato round,8
canned black beans drained,8
apples and cored,8
pineapple in syrup,8
instant tapioca pudding mix,8
keen s dry mustard,8
and deveined prawn,8
stone corn grit,8
bone in skin on chicken thigh,8
spaghetti broken into inch piece,8
for the topping,8
head cabbage cut into wedge,8
spicy tomato salsa,8
powdered x sugar,8
pyure all purpose stevia blend,8
head white cabbage,8
rabbit joint,8
granulated artificial sweetener,8
beef chuck steak,8
garlic basil spread see footnote for recipe link,8
wheat berry,8
sugar free fat free instant pudding mix,8
canned kidney beans drained,8
marzetti s old fashioned caramel dip,8
graham cracker square,8
beef tongue,8
tofu drained,8
canned asparagu,8
lime slice,8
spring roll wrapper,8
powdered jaggery,8
fillets tilapia fillet,8
swanson unsalted chicken broth,8
vegetarian instant vanilla pudding mix,8
young carrot,8
winter melon,8
powdered alum,8
frozen limeade concentrate thawed,8
fluid ounce melon liqueur,8
pie crust pastry,8
ginger cube,8
beef tri tip roast,8
chicken breast cutlet,8
cornmeal for dusting,8
fluid ounce coconut rum,8
spanish paprika,8
limburger cheese,8
chicken bouillon such as knorr,8
turkey dripping,8
ball park hamburger bun,8
goya adobo with pepper to taste,8
smoked turkey,8
horseradish sauce,8
refrigerated crescent dinner roll,8
paneer,8
zucchini inch,8
fluid ounce creme de cacao,8
non hydrogenated vegan margarine,8
fluid ounces carbonated water,8
fluid ounces grapefruit juice,8
pasta roni,8
canned cannellini,8
racks smithfield extra tender pork back ribs membrane removed,8
minute success rice,8
spaghetti and drained,8
cocktail rye bread,8
instant powdered milk,8
irish moss,8
plum puree,8
frozen banana cut into chunk,8
oranges into round,8
shelled pumpkin seed,8
kosher salt and pepper to taste,8
split bengal gram chana dal,8
pomegranate concentrate,8
oranges zested and juiced,8
fat free refried bean,8
blue potato,8
hot cocoa mix,8
pint half and half,8
bulk taco seasoning mix,8
ears sweet corn,8
biscuit,8
muffin,8
sprig dill,8
head romaine lettuce torn,8
unsweetened gelatin,8
extra turkey breast,8
sour cream substitute,8
dry pectin,8
frozen avocado dip,8
tomato sauce with herb,8
sweet and sour mix,8
bottle ginger ale chilled,8
pineapple slice,8
loosely cilantro leaf,8
splash vanilla extract,8
lime marmalade,8
sprigs dill weed,8
round tip roast,8
low sodium tuna in water,8
instant mocha flavored coffee powder,8
cornflakes cereal crumb,8
vanilla bean split and scraped,8
sweet rice flour,8
enoki mushroom,8
dry ranch dressing mix,8
pitted and green olive,8
tomato tortilla,8
light whipping cream,8
blue corn tortilla,8
chilled heavy cream,8
head cabbage quartered,8
mango salsa,8
dry au jus mix,8
squares semisweet chocolate melted,8
campbell s condensed cream of mushroom soup,8
campbell s condensed cream of mushroom soup regular,8
prepared tapioca,8
satsuma orange,8
all purpose baking mix such as bisquick,8
faux maple sugar,8
apricot chutney,8
skim milk yogurt,8
leeks white part only,8
crisco vegetable oil,8
egg wash,8
caperberry,8
jell o chocolate fudge flavor pudding and pie filling,8
bulbs shallot,8
tangerine zest of,8
sandwich bun,8
nature valley oats and honey crunchy granola bar,8
cherry flavored jell o mix,8
linguica sausage,8
zucchini cut into inch round,8
sweet corn kernel,8
red decorator sugar,8
asiago parmesan cheese,8
white chocolate wafer,8
sourdough english muffin,8
breast milk,8
cheddar and american blend cheese,8
philadelphia chocolate brick cream cheese softened,8
mott s original applesauce,8
coarse salt and black pepper to taste,8
beef tenderloin filet,8
barley miso,8
white sugar to taste,8
sweetened condensed milk such as eagle brand,8
baker s special dry milk,8
ancho chile,8
ras el hanout spice blend,8
buttermilk room temperature,8
bresaola,8
cheddar cheese powder,8
water more if needed,8
ready to serve custard,8
slices ham,8
hemp seed,8
pineapple vodka,8
unpeeled red potato,8
peanut butter cup,8
truffle oil,8
prepared mincemeat pie filling,8
bars chocolate covered english toffee,8
low fat chocolate ice cream,8
coarse grained prepared mustard,8
white confectioners coating,8
low sodium chicken stock,8
duck confit,8
sprig curry leaf,8
cinnamon for garnish,8
prepared pasta sauce,8
prepared coleslaw,8
white chocolate piece,8
fat free italian style dressing,8
heavy sweet cream,8
caramel swirl ice cream,8
gorgonzola dolce blue cheese,8
veal escalope,8
sun cranberry,8
jell o vanilla flavor instant pudding,8
virgin coconut oil,8
tubetti pasta,8
vegetarian chicken substitute,8
brewers yeast,8
bananas lengthwise,8
black currant liqueur,8
instant potato flake,8
quartered cherry tomato,8
sweetbread,8
muscadine grape,8
navel orange zest of,8
cold water to cover,8
spaghettini,8
bratwurst,8
starkist tuna,8
whipped cream for garnish,8
sugar free peach gelatin mix,8
mango ice cream,8
spinach stems removed,8
sprigs thyme leaves stripped,7
amish friendship bread starter,7
ham bouillon cube,7
sweet potato food,7
fluid ounce container liquid pectin,7
fluid ounces lime juice,7
heinz worcestershire sauce,7
extra tofu cut into inch cube,7
fillets sea bass,7
fluid ounce jigger brewed espresso,7
fluid ounce jigger amaretto liqueur,7
mean chef s sweet tart dough,7
prepared inch pastry shell and cooled,7
sprinkle,7
low sodium salsa,7
sweet n low granulated sugar substitute,7
bear shaped graham cracker,7
tofu crumbled,7
wheat penne pasta,7
soba noodle,7
quinoa flour,7
diamond crystal fine sea salt,7
dekuyper triple sec,7
fluid ounces white rum,7
reserved pineapple juice,7
vanilla bean split lengthwise,7
canada dry ginger ale,7
envelope fleischmann s rapidrise yeast,7
lavender,7
fluid ounce jigger gin,7
fluid ounce sour apple schnapp,7
fluid ounces citron vodka,7
hulled pumpkin seed,7
matzo cracker,7
fava beans drained,7
oyster,7
coarsely buttery round cracker,7
nonfat dry milk solid,7
fluid ounces simple syrup,7
eggplant and cut into inch slice,7
oranges juice and rind of,7
head red cabbage cored and,7
walnut extract,7
sugar cube,7
fluid ounce white creme de cacao,7
fluid ounce heavy cream,7
fluid ounce jigger coconut flavored rum,7
marshmallow fluff,7
frozen lemon juice,7
german chocolate cake mix with pudding,7
orange gelatin mix,7
bottles clam juice,7
fluid ounce proof rum,7
shelled edamame green soybean,7
fat free ranch dressing,7
reduced calorie maple syrup,7
milk solid,7
lime flavored gelatin mix such as jell o,7
veal cutlet,7
orange cake mix,7
extra tofu drained,7
cointreau,7
coarsely almond,7
envelope tablespoon unflavored gelatin,7
clear imitation vanilla extract,7
grenadine,7
sichuan peppercorn,7
gingersnap cookie crumb,7
prepared pound cake,7
all purpose biscuit baking mix,7
peanuts in shell,7
instant white chocolate pudding mix,7
moist yellow cake mix,7
eggshell,7
strawberry glaze,7
brazil nut,7
candied lemon peel,7
mixed berry,7
honey maid graham cracker crumb,7
green tomatoes inch,7
orange flavored liqueur,7
vanilla flavored confectioners coating,7
lemon pie filling,7
crispy corn cereal square,7
mint extract,7
vanilla flavored almond milk,7
blanched almond flour,7
cake mix with candy bits such as pillsbury funfetti,7
sifted whole wheat flour,7
buckwheat flake,7
bottled clam broth,7
unsweetened pineapple slice,7
sugar water,7
and shrimp,7
kittencal s italian melt in your mouth meatball,7
dark chocolate cake mix,7
green decorator sugar,7
chai concentrate,7
burrata cheese,7
liters ginger ale,7
custard mix,7
truvia sweetener spoonable,7
gluten free flour,7
lamb tenderloin,7
pie filling,7
lamb roast,7
mccormick nutmeg,7
delicata squash lengthwise and seeded,7
chipotle chiles in adobo sauce,7
frozen blueberries thawed,7
banana frozen and chunked,7
basket cherry tomato,7
clamato tomato cocktail,7
worcestershire sauce for chicken,7
frozen french cut green bean,7
fillets sole,7
catfish fillets cut into inch piece,7
orange pekoe tea bag,7
hemp seed heart,7
truvia baking blend,7
chocolate sauce,7
banana liqueur,7
watermelon chunk,7
prepared inch pie crust,7
orange sectioned and cut into bite size,7
bottom layer,7
onion slice,7
crumbled queso fresco cheese,7
chocolate hazelnut spread,7
quartered strawberry,7
streusel,7
streusel topping,7
plain whole milk yogurt,7
cucumbers seeded and,7
no salt added black beans drained and rinsed,7
pastry for a double crust inch pie,7
herman sourdough starter,7
vanilla powder,7
very banana mashed,7
any color food coloring,7
butternut squash cube,7
dry chinese noodle,7
pancake mix,7
strawberry jelly,7
velveeta cheese slice,7
turbinado sugar such as sugar in the,7
cheese curd,7
beef dripping,7
crenshaw melon,7
tomatoes pureed,7
grapefruit juice of,7
box jumbo pasta shell,7
fluid ounce can frozen orange juice concentrate thawed,7
hot red pepper sauce,7
quart peanut oil for frying,7
hot chili oil,7
fluid ounce cans tomato juice,7
white beans rinsed and drained,7
prosciutto cut into strip,7
hot pepper sauce such as crystal,7
peach pitted and,7
carton cottage cheese,7
kielbasa polish sausage,7
vegetarian meatball,7
banana extract,7
vegan brown sugar,7
jamon serrano,7
sea salt and pepper to taste,7
swans down cake flour,7
arbol chili powder,7
hot water as needed,7
chile oil,7
dry spaghetti,7
garbanzo beans chickpeas drained,7
quick cooking pearl barley,7
cheesecloth,7
hickory flavored barbeque sauce,7
frozen italian style meatball,7
mirin japanese sweet rice wine,7
crispy bacon,7
tomatoes juice reserved,7
carton low sodium chicken broth,7
wheat couscou,7
canned black beans rinsed and drained,7
crumbled thyme,7
envelopes fleischmann s rapidrise yeast,7
yellow,7
sugar pumpkin seeded and,7
hungarian wax chile,7
quorn tender,7
wesson vegetable oil,7
grape leaves drained and rinsed,7
serrano chile,7
beef base,7
enriched rice,7
brown lentils rinsed and drained,7
dessert pear,7
pomegranate paste,7
red chicory,7
fat free chocolate flavor instant pudding and pie mix,7
sunflower oil,7
rotel chili fixins tomato,7
cherry tomatoes cut in half,7
limes juice and rind of,7
french potato,7
kosher salt and cracked pepper to taste,7
dry crab boil,7
prepared barbecue sauce,7
tamari gluten free soy sauce,7
tomatoes mashed,7
worcestershire powder,7
for the sauce,7
whiskey such as jack daniel s,7
chorizo,7
rice paper wrapper,7
sriracha hot chili sauce,7
extra light olive oil,7
green apple vodka,7
extra onion,7
cracked black peppercorn,7
stick unsalted butter,7
grape tomatoes quartered,7
fluid ounce cans beer,7
swanson unsalted chicken stock,7
pulled pork,7
spinach drained,7
argan oil,7
red apple cored and,7
slices french bread,7
cut green bean,7
lemonade,7
fleischmann s margarine,7
glutinous white rice,7
raspberry vinaigrette salad dressing,7
morningstar farms meal starters chicken strip,7
walleye fillet,7
frozen potato pierogy,7
pepperidge farm herb seasoned stuffing,7
bunches collard green,7
rice wrappers inch diameter,7
bleu s minute easy pizza sauce,7
low carb barbecue sauce,7
warm water to degrees f,7
tomato basil pasta sauce,7
chicken breast strip,7
fines herb,7
deli turkey,7
reduced calorie cream cheese,7
cracker barrel sharp cheddar cheese,7
vinegar based hot pepper sauce,7
sugar free strawberry banana flavor gelatin,7
greek seasoning such as cavender s,7
light monterey jack cheese,7
featherweight baking powder,7
mild soy sauce,7
bread and butter pickle juice,7
prepared graham cracker pie crust,7
maple cured bacon,7
milk ricotta cheese,7
dry italian salad dressing mix such as good season,7
chicken gravy,7
box raisin,7
mori nu extra lite tofu,7
lentils rinsed,7
canadian style bacon,7
lemons quartered,7
evaporated skim milk,7
quarts beef broth,7
croissants split,7
ragu old world style traditional pasta sauce,7
fluid ounces white wine,7
vegan gelatin,7
ocean spray whole cranberry sauce,7
crawfish fat,7
tortellini pasta,7
prepared garlic in oil,7
fluid ounce jigger irish whiskey,7
corn chowder,7
ham fat,7
black peppercorns coarsely,7
beef liver,7
fat free sugar free instant chocolate fudge pudding mix,7
peanut sauce,7
spice islands fine grind black pepper,7
yam and,7
artichoke hearts in water,7
amaretto di saronno liqueur,7
reduced fat kielbasa,7
tomatoes with green chilies undrained,7
bottle catalina salad dressing,7
refrigerated biscuit dough such as pillsbury grand,7
light boursin cheese,7
corn bread mix such as jiffy,7
melt buttery spread,7
extra pork,7
rabbit cleaned and cut into piece,7
lychees in heavy syrup,7
hot cherry pepper,7
cajun seasoning such as tony chachere s,7
tater tot,7
grain bread,7
hot pepper sauce such as cholula,7
bone in chicken part,7
parmesan cheese to taste,7
chicken sausage,7
chili beans in spicy sauce,7
alize red passion liqueur,7
prepared dashi stock,7
cold white rice,7
coarsely peanut,7
chicken drumette,7
bottle ranch dressing,7
box frozen spinach thawed and drained,7
citric acid powder,7
bulk chorizo sausage,7
cherry preserve,7
cheese ravioli,7
kitchen twine,7
eggplants lengthwise,7
sofrito,7
low fat graham cracker pie crust,7
plain,7
roquefort blue cheese,7
red jalapeno pepper,7
fine cornmeal,7
leaf marjoram,7
rendered bacon fat,7
leek white,7
long grain minute rice,7
snipped parsley,7
pitted medjool date,7
gnocchi,7
chinese red vinegar,7
box penne pasta,7
gallon apple juice,7
muskmelon,7
low fat cultured buttermilk,7
maple sugar,7
low fat ice cream,7
sweet basil,7
american cheese spread,7
zucchini cut into spirals using a spiral slicer,7
gallon cold water,7
orange liqueur such as grand marnier,7
spanish style rice mix,7
vegetarian chicken stock,7
bread torn into piece,7
jimmy dean original hearty pork sausage crumble,7
dry unsalted peanut,7
cannellini beans with liquid,7
canned and tomato,7
quart beef broth,7
reduced fat peanut butter,7
kohlrabi bulbs and,7
head green cabbage cored and,7
low fat turkey kielbasa,7
corn bread muffin mix,7
beef with onion soup mix,7
queso asadero white mexican cheese,7
smoked cod,7
bottle beer,7
brewed black tea,7
andouille sausage link,7
wheat cracker,7
round steak cut into piece,7
whole dill weed,7
mango pitted and,7
onion soup mix,7
sesame seed paste,7
romano,7
wheat elbow macaroni,7
bamboo skewer,7
unsalted almond,7
lemon flavored ice tea mix,7
pitted and peache,7
manicotti pasta,7
tomatoes and quartered,7
head iceberg lettuce torn into bite sized piece,7
vegetarian breakfast sausage patty,7
grinds black pepper,7
prawns and deveined,7
soda cracker,7
corn meal,7
chocolate graham cracker square,7
peaches with juice,7
tomato salsa,7
bean thread vermicelli,7
asparagus drained,7
capers drained and rinsed,7
fluid ounces tomato juice,7
white cardamom pod,7
imitation bacon bit,7
cream cheese such as philadelphia,7
fatty pork,6
coarse granulated sugar,6
mint powder,6
dry navy bean,6
at least beef,6
baileys original irish cream,6
basic cookie mix,6
bag semi sweet chocolate chip,6
southeast asian fish sauce,6
dry italian salad dressing mix,6
garnishe,6
frozen pink lemonade concentrate thawed,6
old el paso n chunky salsa,6
chocolate frosting,6
little smokie sausage,6
beans such as bush s original,6
ham bone with some meat,6
green salsa salsa verde,6
slices mozzarella cheese,6
egg replacer dry,6
fat free graham cracker crust,6
quart cold milk,6
crumble topping,6
leaves iceberg lettuce,6
bananas and frozen,6
refrigerated biscuit dough separated and cut into quarter,6
dry non fat buttermilk,6
green onion for garnish,6
splash club soda,6
capers rinsed and drained,6
mashed pumpkin,6
blueberry vinegar,6
vegetable juice such as v,6
canned corn,6
fat free graham cracker,6
frozen spinach thawed and well drained,6
zucchini thickly,6
poppyseed filling,6
fluid ounce half and half cream,6
gallon vanilla ice cream,6
fluid ounce jigger vanilla flavored vodka,6
bread crusts removed,6
leaves cabbage,6
unsalted peanut butter,6
dulce de leche,6
buttermilk at room temperature,6
turkey wing,6
spanish saffron thread,6
stew meat,6
gum arabic,6
brown cardamom pod,6
bunches parsley,6
peas and carrot,6
moist white cake mix,6
dry polenta,6
cornstarch dissolved in,6
envelopes dry onion soup mix,6
french dijon mustard,6
smoked kielbasa sausage,6
chocolate confectioners coating,6
honey maid graham pie crust,6
scoop protein powder,6
turkey part,6
pints strawberries hulled and,6
sardine fillet,6
peaches and,6
jalapeno havarti cheese,6
water if needed,6
prepared hollandaise sauce,6
chipped beef,6
delmonte stewed tomato,6
ice cubes as needed,6
marshmallow cream such as marshmallow fluff,6
fluid ounce jigger rum,6
quart strawberries hulled and,6
browny,6
dry apple cider,6
kosher salt plus more to taste,6
spice blend,6
up,6
leftover roast turkey,6
strawberry flavored yogurt,6
grouper fillet,6
fluid ounce can frozen cranberry juice concentrate,6
gherkin pickle,6
italian olive oil,6
morton s coarse kosher salt,6
quarts vegetable oil for deep frying,6
frozen mixed vegetables carrot,6
head cauliflower coarsely,6
pureed chipotle peppers in adobo sauce,6
red gold tomato,6
unbleached bread flour,6
frozen pierogy,6
corn bread stuffing mix,6
wooden skewers soaked in water for minute,6
texturized vegetable protein tvp,6
korean chile powder,6
soybean oil often labeled vegetable oil,6
bottle ginger ale,6
zatarians gumbo base mix,6
shrimp per pound,6
low fat chocolate milk,6
tofu mayonnaise,6
spice islands italian herb seasoning,6
fluid ounces peach schnapp,6
flour for dredging,6
cakes compressed yeast,6
whipped cream garnish,6
monterey jack style soy cheese,6
orange slices for garnish,6
quart canning jars with lids and ring,6
halibut,6
asparagus and coarsely,6
persimmon,6
roma tomatoes seeded and,6
cherimoya,6
zucchinis cut into inch slice,6
slabs back pork rib,6
pasteurized egg,6
frozen peache,6
trays ice cube,6
reduced fat inch graham cracker crust,6
tomato bisque,6
new mexico chile powder,6
honey barbecue sauce,6
frozen chicken breast half,6
red chile paste,6
tomatoes cored,6
low sodium vegetable broth,6
lite silken extra tofu,6
round wonton wrapper,6
galanga root,6
maille dijon originale mustard,6
tri color pasta,6
box frozen spinach thawed and squeezed dry,6
vegetable bouillon such as better than bouillon,6
fluid ounce jiggers tequila,6
hunt s tomato sauce,6
marshmallow whip,6
lotus leaf,6
beets drained and,6
condensed vegetable soup,6
argo corn starch,6
prepared thai peanut sauce,6
crumbled feta cheese with basil and sun tomato,6
quick rise yeast,6
dill weed to taste,6
mccormick brown gravy mix,6
sprigs mint for garnish,6
thawed frozen whipped topping,6
spring onion leaf,6
cook and serve butterscotch pudding mix,6
frozen whipped topping,6
cod fillets cut into chunk,6
nacho cheese flavored tortilla chips such as dorito,6
jell o instant lemon pudding,6
prepared inch pastry shell,6
ginkgo nut,6
fructose fruit sugar,6
red delicious apples cored and,6
meyer lemon juice,6
chocolate sandwich cookies with creme filling,6
non dairy creamer,6
multi colored sprinkle,6
fusilli spiral pasta,6
white sesame seed,6
drained pineapple,6
light red kidney bean,6
raspberry red wine vinegar,6
seedless blackberry jam,6
crisco all vegetable shortening,6
garlic bagel chip,6
for the cake,6
lime concentrate,6
matzo sheet,6
diamond walnut,6
filter coffee,6
vanilla flavored syrup,6
olive oil mayonnaise,6
head cabbage cored,6
pork rib,6
leftover stuffing,6
fluid ounces heavy cream,6
dry mesquite flavored seasoning mix,6
smoked sausage of your choice,6
inch square egg roll wrapper,6
low sodium beef bouillon powder,6
fluid ounce jigger spiced rum,6
liquid egg substitute,6
rucola,6
tartar sauce,6
trout cleaned,6
fluid ounce raspberry flavored liqueur,6
brown sugar replacement such as splenda brown sugar blend,6
sweetened cream of coconut,6
seasoned rice wine vinegar,6
glace de viande,6
white vanilla,6
broad egg noodle,6
american processed cheese,6
beef eye of round roast,6
coconut flavored rum,6
square unsweetened chocolate melted,6
envelope fleischmann s pizza crust yeast,6
bean soup mix,6
coors beer,6
black eyed peas drained and rinsed,6
pastrami,6
portobello mushrooms stems removed,6
hearts of palm drained and,6
dry lasagna noodle,6
philadelphia neufchatel cheese,6
fluid ounces dark rum,6
cream style horseradish sauce,6
tomatillos husked,6
alligator tail steak,6
pressed garlic,6
slices white bread,6
yellow miso paste,6
seasoned pepper,6
hard eggs quartered,6
mini candy coated chocolate piece,6
parmigiano reggiano,6
macaroni and cheese,6
cottage roll,6
bottlegourd,6
maraschino cherries drained and juice reserved,6
garlic amp pearl onions with herb,6
broccoli raab,6
kraft mozzarella cheese with a touch of philadelphia,6
lime wedges for garnish,6
round loaf sourdough bread,6
bulk pork breakfast sausage,6
garbanzo bean flour,6
pickled sweet pepper,6
cold mashed potato,6
pink grapefruit slice,6
coarsely zucchini,6
holland house sherry cooking wine,6
the best creole cajun seasoning mix,6
chocolate fudge pudding mix,6
asparagus spears and cut into inch piece,6
toffee ice cream,6
cherry jell o,6
peach slice,6
whole pitted kalamata olive,6
unsweetened soy milk,6
chicken bouillon mix,6
spiral pasta,6
beef silverside,6
pears cored and,6
thyme sprig,6
canned tomatoes drained,6
milk powder,6
whole grain bagel,6
sprigs cilantro leaf,6
scamorza cheese,6
jarred jalapeno pepper,6
gluten free oat,6
square bittersweet chocolate,6
wheat chex cereal,6
orange flavored craisin,6
pint blackberry,6
orange cut into wedge,6
plain greek style yogurt,6
cold cream cheese,6
how to cook spaghetti squash,6
quick cooking wild rice,6
slices italian bread,6
red chile,6
sugar free fat free banana cream pudding mix,6
beef shank,6
kaffir lime zest,6
bone in chicken breast,6
quart vegetable stock,6
vanilla protein powder,6
plum tomatoes seeded and,6
saltine cracker crumb,6
maple flavored syrup,6
za atar,6
bermuda onion,6
zucchini lengthwise and cut in inch slice,6
swanson beef broth,6
lamb loin,6
poblano chile,6
pork picnic roast,6
pizza crust dough,6
wedges lemon,6
apricot halves drained,6
chili pepper flake,6
low fat tortilla,6
robiola cheese,6
lemon lime soda such as sprite,6
quarts vegetable stock,6
multigrain bread,6
and pumpkin,6
kernel sweet corn,6
white lentil,6
coarsely pepper,6
winesap apple,6
and macadamia nut,6
head broccoli broken into floret,6
vegetarian chocolate pudding mix,6
celery stick,6
mccormick guacamole seasoning mix,6
starchy potatoes such as idaho,6
himalayan pink salt,6
hot chile sauce,6
bulk breakfast sausage,6
reduced fat parmesan cheese,6
coarsely cashew,6
box barilla gluten free spaghetti,6
liquid amino acid such as bragg,6
textured vegetable protein,6
heads belgian endive,6
head escarole,6
leaves of lettuce,6
chipotle chilies in adobo sauce,6
zucchini squeezed dry,6
green beans cut into inch length,6
low sodium ketchup,6
quarts half and half cream,6
french,6
seeded tomato,6
no salt added tomato juice,6
salt free seasoning blend such as mrs dash,6
canned peaches drained,6
sprigs rosemary leaves stripped and,6
day old bread torn into piece,6
tomatoes cut into inch slice,6
hulled sunflower seed,6
pickled jalapeno slice,6
tomato basil feta cheese,6
lime juiced and zested,6
frozen brussels sprout,6
fluid ounce jigger whiskey,6
melted butter for brushing,6
king arthur almond flour,6
macaroni pasta,6
shoepeg corn,6
black eyed peas undrained,6
shortening for frying,6
pickled jalapeno pepper juice,6
rutabaga and,6
shelled sunflower seed,6
canned tomatoes with their juice,6
salt and coarsely black pepper to taste,6
mochiko glutinous rice flour,6
kittencal s marinara pasta sauce vegetarian,6
pasta sheet,6
loaf round sourdough bread,6
frozen spinach thawed drained and squeezed dry,6
hunt s tomato,6
refrigerated pizza dough such as pillsbury,6
extra sharp white cheddar cheese,6
canned chipotle chile in adobo sauce,6
lamb leg chop,6
frozen cut green beans thawed,6
vermont sharp cheddar cheese,6
vegan yogurt,6
minado s perfect sushi rice,6
eggnog ice cream,6
plain breadcrumb,6
italian blend cheese,6
for the garnish,6
slider size burger bun,6
multicolored sprinkles jimmy,6
vegetarian ham,6
vegan monterey jack cheese,6
white chocolate melted,6
cabernet sauvignon wine,6
deli rotisserie chicken,6
yellow squash cut into chunk,6
deep dish pie crust and cooled,6
inch pita bread,6
vegan bacon,6
milk chocolate candy bar,6
mizithra cheese,6
chocolate syrup such as hershey s,6
capers with liquid,6
creole essence bayou blast,6
green giant frozen broccoli cut,6
apple juice in a spray bottle,6
mint chocolate chip,6
dry leek soup mix,6
nestle toll house semi sweet chocolate morsel,6
tarragon white wine vinegar,6
chocolate shaving,6
tart apples cored and,6
nature valley pecan crunch granola bar,6
anise oil,6
vegetarian chicken flavored broth mix,6
mccormick vanilla extract,6
box confectioners sugar,6
bella crimini mushroom,6
peppermint oil,6
frozen sweetened strawberries thawed,6
leaves red leaf lettuce,6
shortening chilled and,6
jumbo egg yolk,6
instant french vanilla pudding mix,6
asparagus tip,6
cashew cream regular and,6
plums in heavy syrup,6
kudzu,6
pitted sour cherries drained,6
crumbled oregano,6
cream cheese filling,6
fluid ounce bottle dark beer,6
mccormick cinnamon,6
peaches in heavy syrup,6
vegan pie crust,6
canned cranberry,6
my no roll pie crust,6
refrigerated potatoes with onion,6
bamboo shoots drained and,6
green candied cherry,6
pastry flour,6
head cabbage into strip,6
vegetarian beef broth,6
durian,6
pickled egg,6
assembly,6
pitted black olives drained and,6
bars chocolate covered toffee bar,6
flaked sweetened coconut,6
chimayo chili powder,6
powdered egg,6
pico de gallo salsa,6
white sugar for rolling,6
and pear,6
chickpeas garbanzo beans rinsed and drained,6
raspberry extract,6
fat free condensed cream of mushroom soup,6
pepitas pumpkin seed,6
old el paso taco seasoning mix,6
process cheese food such as velveeta,6
part skim cottage cheese,6
light corn syrup such as karo,6
x inch squares aluminum foil,6
sun tomatoes softened and,6
partridge breast,6
stir fry sauce,6
colored sugar for decoration,6
sprigs sage,6
whole potato,6
red pepper cayenne,6
kashk,6
noilly prat,6
rosemary leaves crumbled,6
reduced fat alfredo sauce,6
milk lukewarm,6
fluid ounce containers chicken broth,6
zucchini cut into cube,6
quarts boiling water,6
eggplant lengthwise,6
duck sauce,6
chinese spice powder,6
boiling water to cover,6
alphonso mango,6
asian pear cored and,6
cantaloupe and seeded,6
burrito size whole wheat tortilla,6
powdered peanut butter such as pb,6
bumble bee solid white albacore tuna in water drained,6
tomatoes with onion garlic and basil,6
cherry tomato half,6
extra dry vermouth,6
french cut green bean,6
low fat creamy salad dressing such as miracle whip light,6
prepared lemon pudding,6
canned artichoke bottoms in water,6
cayenne pepper sauce such as frank s redhot,6
reduced fat unsweetened coconut milk,6
hot long grain white rice,6
lavender sugar with vanilla,6
plain lowfat yogurt,6
lentil sprout,6
vegan sausage link,6
squares unsweetened baking chocolate,6
pork butt,6
champagne yeast,6
garlic and herb seasoning blend,6
bread crumbled,6
prepared basil pesto sauce,6
radish top,6
bay leaf crumbled,6
fennel bulb and,6
canned chipotle pepper,6
nilla wafer,6
mangos and,6
goya cumin,6
green onion for topping,6
asian chile pepper sauce such as sambal oelek,6
jalapeno pepper slice,6
instant french vanilla pudding,6
fat free parmesan,6
reduced sodium navy bean,6
mexican style pinto bean,6
vegetarian chicken bouillon granule,6
torn arugula leaf,6
olive oil flavored vegetable cooking spray,6
mccormick garlic powder,6
fluid ounce whiskey,6
splash grenadine syrup,6
